1.0, -5.0, 0.011644601821899414, 926.6497809618952, 0.2010815143585205, 0.014361108971708772
1.0, -5.5, 0.010320663452148438, 926.6497804820721, 0.18584513664245605, 0.014361225814904422
1.0, -6.0, 0.010701894760131836, 926.6497788087802, 0.1939682960510254, 0.014361282733016375
1.0, -6.5, 0.01092076301574707, 926.6497957409196, 0.2071704864501953, 0.01436127419116078
1.0, -7.0, 0.012391328811645508, 926.6498009393923, 0.2291734218597412, 0.01436126748095002
1.0, -7.5, 0.01268768310546875, 926.6498036764405, 0.25025415420532227, 0.014361267703341642
1.0, -8.0, 0.015151500701904297, 926.6498040598252, 0.3202073574066162, 0.014361267795046869
1.0, -8.5, 0.016271114349365234, 926.6498044598737, 0.3778831958770752, 0.01436126774779255
1.0, -9.0, 0.020039081573486328, 926.6498045632678, 0.4848906993865967, 0.014361267700235816
1.0, -9.5, 0.023555517196655273, 926.6498046105969, 0.5483906269073486, 0.014361267685405618
1.0, -10.0, 0.032511234283447266, 926.6498046276292, 0.7232983112335205, 0.014361267680408558
1.0, -10.5, 0.0347294807434082, 926.6498046333204, 0.8338186740875244, 0.01436126767847639
1.0, -11.0, 0.042977094650268555, 926.6498046351732, 1.0483531951904297, 0.014361267677853413
1.0, -11.5, 0.051799774169921875, 926.649804635849, 1.2741572856903076, 0.014361267677648901
1.0, -12.0, 0.06310176849365234, 926.649804636085, 1.5451023578643799, 0.014361267677581318
1.0, -12.5, 0.0671842098236084, 926.6498046361079, 1.7077159881591797, 0.014361267677576344
1.0, -13.0, 0.07557964324951172, 926.649804636141, 1.7516520023345947, 0.014361267677574998
1.0, -13.5, 0.08139467239379883, 926.6498046361468, 1.9205284118652344, 0.014361267677578305
1.0, -14.0, 0.08073782920837402, 926.6498046361432, 1.92545747756958, 0.01436126767757947
1.0, -14.5, 0.08677315711975098, 926.6498046361498, 2.0038747787475586, 0.014361267677578657
1.0, -15.0, 0.10235238075256348, 926.6498046361729, 2.3270950317382812, 0.014361267677577822
1.0, -15.5, 0.09361624717712402, 926.6498046361658, 2.1915924549102783, 0.014361267677577927
1.0, -16.0, 0.0978846549987793, 926.6498046361827, 2.2383663654327393, 0.014361267677578723
1.0, -16.5, 0.1027834415435791, 926.6498046361644, 2.431028127670288, 0.014361267677579254
1.0, -17.0, 0.10155701637268066, 926.6498046361618, 2.4451756477355957, 0.014361267677579713
1.0, -17.5, 0.10492587089538574, 926.6498046361658, 2.5230979919433594, 0.014361267677573729
1.0, -18.0, 0.11043262481689453, 926.6498046361721, 2.6832120418548584, 0.014361267677579557
1.5, -5.0, 0.010268688201904297, 887.5250607833718, 0.18070220947265625, 0.00656616330109063
1.5, -5.5, 0.011065244674682617, 887.5250912851645, 0.19871997833251953, 0.006566284499957104
1.5, -6.0, 0.010636091232299805, 887.5250851847513, 0.20006442070007324, 0.006566343186078893
1.5, -6.5, 0.011769771575927734, 887.525141109105, 0.22742414474487305, 0.0065663327782825905
1.5, -7.0, 0.011893987655639648, 887.5251407376071, 0.23395371437072754, 0.006566325889176161
1.5, -7.5, 0.014087677001953125, 887.5251404282254, 0.29815244674682617, 0.006566326157600717
1.5, -8.0, 0.01509714126586914, 887.5251412524035, 0.35588622093200684, 0.006566326192647714
1.5, -8.5, 0.01649188995361328, 887.5251414117816, 0.4061567783355713, 0.006566326134147849
1.5, -9.0, 0.020896196365356445, 887.5251414881357, 0.523777961730957, 0.006566326083875949
1.5, -9.5, 0.0259549617767334, 887.5251415037557, 0.6499946117401123, 0.006566326066177902
1.5, -10.0, 0.028850793838500977, 887.5251415108461, 0.7307136058807373, 0.006566326060895231
1.5, -10.5, 0.03864121437072754, 887.5251415127482, 0.9525537490844727, 0.00656632605884311
1.5, -11.0, 0.04555034637451172, 887.5251415133633, 1.1930222511291504, 0.006566326058170531
1.5, -11.5, 0.05207204818725586, 887.5251415135999, 1.3724768161773682, 0.006566326057953553
1.5, -12.0, 0.06585836410522461, 887.5251415136563, 1.770362138748169, 0.00656632605787334
1.5, -12.5, 0.07382488250732422, 887.5251415136516, 1.932042121887207, 0.006566326057879322
1.5, -13.0, 0.07445979118347168, 887.5251415136644, 1.8952751159667969, 0.006566326057874791
1.5, -13.5, 0.08272647857666016, 887.5251415136559, 2.106175184249878, 0.006566326057877927
1.5, -14.0, 0.09148621559143066, 887.5251415136482, 2.6597445011138916, 0.006566326057877513
1.5, -14.5, 0.08800458908081055, 887.5251415136553, 2.142491102218628, 0.006566326057874848
1.5, -15.0, 0.0979759693145752, 887.5251415136315, 2.370469808578491, 0.006566326057870514
1.5, -15.5, 0.10280442237854004, 887.5251415136687, 2.510627269744873, 0.006566326057875582
1.5, -16.0, 0.09780097007751465, 887.5251415136503, 2.366722583770752, 0.006566326057877249
1.5, -16.5, 0.10787153244018555, 887.5251415136681, 2.60801100730896, 0.006566326057873838
1.5, -17.0, 0.11123967170715332, 887.5251415136836, 2.737442970275879, 0.00656632605787584
1.5, -17.5, 0.1038966178894043, 887.5251415136478, 2.6023428440093994, 0.006566326057879437
1.5, -18.0, 0.11579132080078125, 887.5251415136619, 2.8926658630371094, 0.006566326057879141
2.0, -5.0, 0.011162996292114258, 917.0194021498876, 0.2012953758239746, 0.01333668946299461
2.0, -5.5, 0.01049184799194336, 917.0195473035346, 0.1904439926147461, 0.013336528399811212
2.0, -6.0, 0.0110321044921875, 917.0196105742242, 0.21719932556152344, 0.013336489733227248
2.0, -6.5, 0.012375116348266602, 917.0197246191038, 0.24390888214111328, 0.013336502991334388
2.0, -7.0, 0.011536121368408203, 917.019737338362, 0.24677729606628418, 0.013336512890373511
2.0, -7.5, 0.013871192932128906, 917.0197463019672, 0.3163187503814697, 0.013336512133505587
2.0, -8.0, 0.01481938362121582, 917.0197503609985, 0.37836337089538574, 0.013336512138247535
2.0, -8.5, 0.018444538116455078, 917.0197516528834, 0.48514890670776367, 0.013336512213951381
2.0, -9.0, 0.02224564552307129, 917.0197521447432, 0.5683484077453613, 0.01333651227738223
2.0, -9.5, 0.02471017837524414, 917.019752294309, 0.6400623321533203, 0.013336512295354815
2.0, -10.0, 0.03291630744934082, 917.0197523483574, 0.8653380870819092, 0.013336512300550201
2.0, -10.5, 0.0385897159576416, 917.0197523646463, 1.0213892459869385, 0.013336512302904864
2.0, -11.0, 0.043814659118652344, 917.0197523704602, 1.218353509902954, 0.013336512303519813
2.0, -11.5, 0.0584108829498291, 917.0197523723051, 2.0047895908355713, 0.01333651230374105
2.0, -12.0, 0.0714426040649414, 917.0197523728697, 1.9619407653808594, 0.013336512303815624
2.0, -12.5, 0.07212567329406738, 917.0197523728939, 1.9186928272247314, 0.013336512303814932
2.0, -13.0, 0.08448123931884766, 917.0197523729527, 2.2204654216766357, 0.013336512303818526
2.0, -13.5, 0.08923053741455078, 917.0197523729828, 2.3077759742736816, 0.013336512303816496
2.0, -14.0, 0.08822298049926758, 917.0197523729852, 2.185314416885376, 0.013336512303817365
2.0, -14.5, 0.10799932479858398, 917.0197523730516, 2.4786911010742188, 0.013336512303813962
2.0, -15.0, 0.10260295867919922, 917.0197523730571, 2.5662338733673096, 0.01333651230381977
2.0, -15.5, 0.09822463989257812, 917.0197523731048, 2.480273962020874, 0.013336512303814994
2.0, -16.0, 0.1110835075378418, 917.0197523730868, 3.2093427181243896, 0.013336512303813249
2.0, -16.5, 0.11203908920288086, 917.0197523730891, 2.822641134262085, 0.013336512303813925
2.0, -17.0, 0.10610651969909668, 917.0197523731011, 2.7347450256347656, 0.013336512303814576
2.0, -17.5, 0.11574769020080566, 917.019752373105, 2.985278844833374, 0.013336512303819884
2.0, -18.0, 0.12194132804870605, 917.0197523730585, 3.1315431594848633, 0.013336512303828226
2.5, -5.0, 0.010416507720947266, 931.4214802405724, 0.18445801734924316, 0.021269213937697356
2.5, -5.5, 0.0113372802734375, 931.4212157473023, 0.20765018463134766, 0.02126905585117528
2.5, -6.0, 0.011389970779418945, 931.4210744411783, 0.21303677558898926, 0.021269028220651087
2.5, -6.5, 0.012543201446533203, 931.421045720231, 0.2495288848876953, 0.021269050015774265
2.5, -7.0, 0.013252735137939453, 931.4210317228179, 0.27352452278137207, 0.021269058075192956
2.5, -7.5, 0.013993501663208008, 931.4210305838443, 0.3134465217590332, 0.021269057486593187
2.5, -8.0, 0.016957759857177734, 931.4210298929502, 0.40884995460510254, 0.02126905780708472
2.5, -8.5, 0.019368648529052734, 931.4210299040982, 0.5001251697540283, 0.02126905791448273
2.5, -9.0, 0.021962881088256836, 931.4210298212392, 0.5506007671356201, 0.021269057996310216
2.5, -9.5, 0.02735161781311035, 931.4210298067725, 0.7043876647949219, 0.021269058022474915
2.5, -10.0, 0.035433292388916016, 931.4210298059902, 0.8934769630432129, 0.021269058029907646
2.5, -10.5, 0.03800225257873535, 931.4210298054502, 0.9988486766815186, 0.02126905803300655
2.5, -11.0, 0.04699826240539551, 931.421029805749, 1.261470079421997, 0.021269058033951915
2.5, -11.5, 0.06203770637512207, 931.4210298058556, 1.6478619575500488, 0.021269058034262656
2.5, -12.0, 0.07636523246765137, 931.4210298059278, 2.151771068572998, 0.021269058034359363
2.5, -12.5, 0.07833981513977051, 931.4210298058724, 1.9996459484100342, 0.021269058034360397
2.5, -13.0, 0.08324480056762695, 931.4210298059276, 2.099766969680786, 0.021269058034364095
2.5, -13.5, 0.09402632713317871, 931.4210298059395, 2.319716453552246, 0.02126905803436068
2.5, -14.0, 0.11100959777832031, 931.421029805873, 2.4411988258361816, 0.021269058034366562
2.5, -14.5, 0.10618257522583008, 931.4210298058707, 2.4426636695861816, 0.021269058034366087
2.5, -15.0, 0.10289430618286133, 931.4210298058852, 2.417886734008789, 0.0212690580343631
2.5, -15.5, 0.11226987838745117, 931.4210298058805, 2.6391990184783936, 0.02126905803436555
2.5, -16.0, 0.1182241439819336, 931.4210298058754, 2.891199827194214, 0.021269058034361042
2.5, -16.5, 0.11139988899230957, 931.4210298058911, 2.6120595932006836, 0.021269058034363207
2.5, -17.0, 0.11564350128173828, 931.4210298058613, 2.744997262954712, 0.0212690580343624
2.5, -17.5, 0.1266181468963623, 931.4210298058888, 3.006572961807251, 0.021269058034360504
2.5, -18.0, 0.12909793853759766, 931.4210298058894, 3.117434501647949, 0.021269058034361216
3.0, -5.0, 0.010705232620239258, 929.72986348084, 0.1857302188873291, 0.024300003498308548
3.0, -5.5, 0.011193037033081055, 929.7307283773713, 0.1938610076904297, 0.024299823689797825
3.0, -6.0, 0.012123823165893555, 929.7310298029375, 0.23051905632019043, 0.024299812647508683
3.0, -6.5, 0.01241922378540039, 929.731043803245, 0.23040080070495605, 0.024299834141446958
3.0, -7.0, 0.01314687728881836, 929.7310736669564, 0.26532626152038574, 0.02429984206060743
3.0, -7.5, 0.016829967498779297, 929.7310867623088, 0.3624427318572998, 0.02429984098714337
3.0, -8.0, 0.01833629608154297, 929.7310904637816, 0.42482638359069824, 0.024299841273801557
3.0, -8.5, 0.019936800003051758, 929.731091557463, 0.48482489585876465, 0.024299841359912967
3.0, -9.0, 0.023331165313720703, 929.7310918874512, 0.5724620819091797, 0.024299841430420355
3.0, -9.5, 0.030478715896606445, 929.7310920044434, 0.7368364334106445, 0.024299841453498255
3.0, -10.0, 0.0376131534576416, 929.7310920391775, 0.9176173210144043, 0.024299841460462233
3.0, -10.5, 0.04197216033935547, 929.7310920529063, 1.069870948791504, 0.024299841463084174
3.0, -11.0, 0.05376839637756348, 929.7310920568282, 1.3689849376678467, 0.024299841463945683
3.0, -11.5, 0.06316757202148438, 929.7310920582435, 1.5997347831726074, 0.02429984146420553
3.0, -12.0, 0.08303070068359375, 929.7310920585855, 2.13679838180542, 0.02429984146429294
3.0, -12.5, 0.08693456649780273, 929.7310920587694, 2.1554601192474365, 0.024299841464293686
3.0, -13.0, 0.09764671325683594, 929.7310920587544, 2.3344643115997314, 0.02429984146429234
3.0, -13.5, 0.0989830493927002, 929.7310920587524, 2.249122381210327, 0.024299841464296843
3.0, -14.0, 0.11024761199951172, 929.7310920587673, 2.707380771636963, 0.024299841464293263
3.0, -14.5, 0.10955023765563965, 929.7310920587635, 2.5056538581848145, 0.024299841464292954
3.0, -15.0, 0.12129998207092285, 929.7310920588401, 2.7465882301330566, 0.024299841464299424
3.0, -15.5, 0.11696362495422363, 929.7310920588034, 2.6236729621887207, 0.02429984146429804
3.0, -16.0, 0.13007712364196777, 929.7310920587978, 2.9220492839813232, 0.024299841464292607
3.0, -16.5, 0.13078713417053223, 929.7310920588415, 2.7891716957092285, 0.024299841464295067
3.0, -17.0, 0.13551068305969238, 929.7310920588056, 3.067518711090088, 0.024299841464292166
3.0, -17.5, 0.1317293643951416, 929.731092058788, 2.955199956893921, 0.024299841464298443
3.0, -18.0, 0.1309802532196045, 929.7310920588042, 2.984692335128784, 0.02429984146429379
3.5, -5.0, 0.012216329574584961, 931.1182148801813, 0.20597314834594727, 0.024347485165172773
3.5, -5.5, 0.012458562850952148, 931.1183902809411, 0.21370625495910645, 0.024347400547545653
3.5, -6.0, 0.011888265609741211, 931.1188956714532, 0.2201852798461914, 0.024347432984566823
3.5, -6.5, 0.014307975769042969, 931.1189413222265, 0.2625553607940674, 0.024347469978924806
3.5, -7.0, 0.014969587326049805, 931.1189551573547, 0.28562164306640625, 0.024347482762442137
3.5, -7.5, 0.01575613021850586, 931.1189771985731, 0.33104777336120605, 0.024347483081205663
3.5, -8.0, 0.018469810485839844, 931.1189811376248, 0.40552806854248047, 0.024347483936556714
3.5, -8.5, 0.023122072219848633, 931.118983421741, 0.5327601432800293, 0.024347484190795493
3.5, -9.0, 0.02603316307067871, 931.1189840550873, 0.5800175666809082, 0.02434748431995672
3.5, -9.5, 0.034528255462646484, 931.1189842711087, 0.7703731060028076, 0.02434748436144836
3.5, -10.0, 0.04175424575805664, 931.1189843470263, 0.9510612487792969, 0.024347484374807875
3.5, -10.5, 0.04621744155883789, 931.1189843718735, 1.0683200359344482, 0.024347484379244944
3.5, -11.0, 0.06057405471801758, 931.1189843799643, 1.4184627532958984, 0.02434748438071722
3.5, -11.5, 0.06877398490905762, 931.1189843824543, 1.636556625366211, 0.024347484381182945
3.5, -12.0, 0.08525228500366211, 931.1189843833728, 2.0386431217193604, 0.02434748438133269
3.5, -12.5, 0.10234308242797852, 931.1189843835622, 2.3203012943267822, 0.024347484381335296
3.5, -13.0, 0.1090242862701416, 931.1189843836497, 2.430654764175415, 0.024347484381337565
3.5, -13.5, 0.10750579833984375, 931.1189843836947, 2.3102686405181885, 0.024347484381337353
3.5, -14.0, 0.11620688438415527, 931.1189843836344, 2.405107021331787, 0.024347484381345923
3.5, -14.5, 0.13417863845825195, 931.1189843836786, 2.7915658950805664, 0.024347484381341312
3.5, -15.0, 0.13832473754882812, 931.1189843836612, 2.791646957397461, 0.024347484381341173
3.5, -15.5, 0.13617634773254395, 931.1189843837839, 2.6793243885040283, 0.02434748438134972
3.5, -16.0, 0.13698077201843262, 931.1189843838113, 2.748281955718994, 0.024347484381350152
3.5, -16.5, 0.1455974578857422, 931.1189843836725, 2.829188108444214, 0.024347484381344275
3.5, -17.0, 0.15603303909301758, 931.1189843836776, 3.1438608169555664, 0.024347484381342654
3.5, -17.5, 0.14786291122436523, 931.1189843837363, 3.002164125442505, 0.024347484381342488
3.5, -18.0, 0.15144681930541992, 931.1189843836436, 3.118176221847534, 0.02434748438137708
4.0, -5.0, 0.011788129806518555, 931.7388469655805, 0.19508004188537598, 0.024999993921625364
4.0, -5.5, 0.013180255889892578, 931.7385133653754, 0.2219555377960205, 0.02499996162087397
4.0, -6.0, 0.013051986694335938, 931.7388835471821, 0.22707557678222656, 0.025000005699398174
4.0, -6.5, 0.014613628387451172, 931.73899905889, 0.2542390823364258, 0.025000049896907378
4.0, -7.0, 0.015789508819580078, 931.7390067915288, 0.28214049339294434, 0.0250000640523442
4.0, -7.5, 0.020295143127441406, 931.7390087245957, 0.38309741020202637, 0.025000065074482443
4.0, -8.0, 0.02062225341796875, 931.739015985074, 0.4209747314453125, 0.025000066137822758
4.0, -8.5, 0.025254249572753906, 931.7390170147738, 0.5285351276397705, 0.025000066477448037
4.0, -9.0, 0.029308795928955078, 931.7390172896087, 0.6121463775634766, 0.02500006660417834
4.0, -9.5, 0.03637194633483887, 931.7390174124608, 0.7601714134216309, 0.02500006665148273
4.0, -10.0, 0.04880571365356445, 931.7390174614568, 1.0047082901000977, 0.025000066666566876
4.0, -10.5, 0.05444645881652832, 931.7390174768476, 1.152496099472046, 0.025000066671338143
4.0, -11.0, 0.06408405303955078, 931.7390174817629, 1.3991584777832031, 0.02500006667290618
4.0, -11.5, 0.0812387466430664, 931.7390174832329, 1.7707431316375732, 0.025000066673418947
4.0, -12.0, 0.10468769073486328, 931.739017483783, 2.2514455318450928, 0.0250000666735849
4.0, -12.5, 0.11843299865722656, 931.7390174838868, 2.4568259716033936, 0.02500006667358795
4.0, -13.0, 0.12000131607055664, 931.739017483738, 2.3807544708251953, 0.02500006667358662
4.0, -13.5, 0.1247549057006836, 931.7390174839072, 2.4410886764526367, 0.02500006667359138
4.0, -14.0, 0.13588547706604004, 931.7390174839774, 2.5555670261383057, 0.025000066673598383
4.0, -14.5, 0.15032124519348145, 931.739017483781, 2.6996817588806152, 0.025000066673585376
4.0, -15.0, 0.16665887832641602, 931.7390174840809, 2.9632058143615723, 0.025000066673597762
4.0, -15.5, 0.16718363761901855, 931.7390174839808, 2.8408212661743164, 0.0250000666735955
4.0, -16.0, 0.1649789810180664, 931.7390174839047, 2.879706621170044, 0.02500006667359869
4.0, -16.5, 0.1716153621673584, 931.7390174839097, 2.9901041984558105, 0.02500006667359231
4.0, -17.0, 0.1934337615966797, 931.7390174841032, 3.285186767578125, 0.025000066673592777
4.0, -17.5, 0.18228363990783691, 931.7390174841096, 3.232717514038086, 0.02500006667360198
4.0, -18.0, 0.17785429954528809, 931.7390174840519, 3.283383369445801, 0.025000066673635385
4.5, -5.0, 0.013277053833007812, 931.9472456779034, 0.2093045711517334, 0.02532569232418009
4.5, -5.5, 0.013873577117919922, 931.9473430653468, 0.2213151454925537, 0.025325843422782705
4.5, -6.0, 0.014966726303100586, 931.9476094359879, 0.24542951583862305, 0.025325941702053656
4.5, -6.5, 0.01836395263671875, 931.9476504815628, 0.2906355857849121, 0.02532600526078492
4.5, -7.0, 0.019387245178222656, 931.9476629379524, 0.3208475112915039, 0.025326025929766693
4.5, -7.5, 0.020998001098632812, 931.9476588020257, 0.38361644744873047, 0.02532602861770553
4.5, -8.0, 0.025818586349487305, 931.9476652014962, 0.4650111198425293, 0.025326030319385025
4.5, -8.5, 0.03326773643493652, 931.9476658007168, 0.6061685085296631, 0.025326030843320704
4.5, -9.0, 0.03751063346862793, 931.9476658184349, 0.6871557235717773, 0.025326031035501354
4.5, -9.5, 0.04708981513977051, 931.9476659140234, 0.8574144840240479, 0.025326031101488927
4.5, -10.0, 0.05737733840942383, 931.947665960522, 1.055424690246582, 0.02532603112351954
4.5, -10.5, 0.06784820556640625, 931.9476659658417, 1.255852222442627, 0.02532603113040724
4.5, -11.0, 0.08351683616638184, 931.9476659708305, 1.586082935333252, 0.025326031132681934
4.5, -11.5, 0.11116719245910645, 931.9476659709028, 2.1029980182647705, 0.025326031133420485
4.5, -12.0, 0.14803743362426758, 931.947665970606, 2.780825614929199, 0.02532603113364892
4.5, -12.5, 0.1445155143737793, 931.9476659716671, 2.5402724742889404, 0.02532603113364762
4.5, -13.0, 0.15664100646972656, 931.947665971847, 2.713655710220337, 0.025326031133667878
4.5, -13.5, 0.16029667854309082, 931.9476659715617, 2.7261035442352295, 0.025326031133666587
4.5, -14.0, 0.17448091506958008, 931.947665971651, 2.8044726848602295, 0.025326031133644532
4.5, -14.5, 0.19624543190002441, 931.9476659719871, 2.9973394870758057, 0.02532603113368199
4.5, -15.0, 0.21084094047546387, 931.9476659724776, 3.11167049407959, 0.025326031133673415
4.5, -15.5, 0.23237180709838867, 931.9476659712941, 3.364529609680176, 0.02532603113370386
4.5, -16.0, 0.24513816833496094, 931.9476659718306, 3.489755630493164, 0.025326031133677818
4.5, -16.5, 0.2280902862548828, 931.9476659711914, 3.3177053928375244, 0.025326031133704238
4.5, -17.0, 0.23957490921020508, 931.9476659722279, 3.505282163619995, 0.025326031133715753
4.5, -17.5, 0.24132704734802246, 931.947665971554, 3.4895668029785156, 0.02532603113368629
4.5, -18.0, 0.23784589767456055, 931.947665971845, 3.5981297492980957, 0.02532603113372928
5.0, -5.0, 0.015759944915771484, 932.0014840155244, 0.22825217247009277, 0.02573050303355754
5.0, -5.5, 0.017713069915771484, 932.0012932990817, 0.2599825859069824, 0.025729771081118548
5.0, -6.0, 0.01772308349609375, 932.001327861103, 0.27292799949645996, 0.02572960908930072
5.0, -6.5, 0.022127628326416016, 932.0013792781764, 0.32090091705322266, 0.025729588321862177
5.0, -7.0, 0.02449321746826172, 932.0013639093099, 0.3549635410308838, 0.025729582399704416
5.0, -7.5, 0.027955293655395508, 932.0013560497773, 0.44372105598449707, 0.02572957674320994
5.0, -8.0, 0.032621145248413086, 932.0013593570609, 0.5138967037200928, 0.02572957587947853
5.0, -8.5, 0.04033303260803223, 932.0013588987638, 0.64459228515625, 0.02572957557360795
5.0, -9.0, 0.051084041595458984, 932.0013585337671, 0.8406121730804443, 0.02572957549034837
5.0, -9.5, 0.05809760093688965, 932.0013586017299, 0.9419996738433838, 0.0257295754731573
5.0, -10.0, 0.07273721694946289, 932.0013586004345, 1.1697742938995361, 0.02572957546818418
5.0, -10.5, 0.09138107299804688, 932.0013585933514, 1.5056045055389404, 0.025729575466532716
5.0, -11.0, 0.11191272735595703, 932.0013585923489, 1.8440423011779785, 0.02572957546603702
5.0, -11.5, 0.1359081268310547, 932.0013585942211, 2.2139439582824707, 0.025729575465948125
5.0, -12.0, 0.18185639381408691, 932.0013585925477, 3.0063252449035645, 0.025729575465916987
5.0, -12.5, 0.20126700401306152, 932.0013585935861, 3.096698760986328, 0.025729575465870683
5.0, -13.0, 0.20464372634887695, 932.0013585936161, 3.087352752685547, 0.0257295754658794
5.0, -13.5, 0.21351933479309082, 932.0013585939524, 3.0907976627349854, 0.02572957546586515
5.0, -14.0, 0.234910249710083, 932.0013585929848, 3.1970174312591553, 0.025729575465893613
5.0, -14.5, 0.2604672908782959, 932.0013585915597, 3.4003102779388428, 0.025729575465875877
5.0, -15.0, 0.28082704544067383, 932.0013585923957, 3.5341739654541016, 0.02572957546585138
5.0, -15.5, 0.29131007194519043, 932.0013585927953, 3.5335981845855713, 0.02572957546583973
5.0, -16.0, 0.32563185691833496, 932.0013585932878, 3.9268343448638916, 0.02572957546583988
5.0, -16.5, 0.3297007083892822, 932.0013585935101, 4.040398836135864, 0.025729575465843757
5.0, -17.0, 0.32505321502685547, 932.0013585928644, 3.9659030437469482, 0.025729575465852795
5.0, -17.5, 0.3234584331512451, 932.0013585930194, 3.9652719497680664, 0.025729575465887836
5.0, -18.0, 0.3281433582305908, 932.001358593886, 4.131206750869751, 0.025729575465872692
5.5, -5.0, 0.020978927612304688, 931.996583687805, 0.2806668281555176, 0.025649235082918928
5.5, -5.5, 0.024890899658203125, 931.9961417184358, 0.32233142852783203, 0.025648813259399657
5.5, -6.0, 0.025996923446655273, 931.9964468964905, 0.3483567237854004, 0.025648670031451576
5.5, -6.5, 0.03011608123779297, 931.9963829260391, 0.3891472816467285, 0.025648648516333066
5.5, -7.0, 0.031169652938842773, 931.9963848734462, 0.41041088104248047, 0.02564863898223522
5.5, -7.5, 0.03666877746582031, 931.9963796401075, 0.5116322040557861, 0.025648631283345096
5.5, -8.0, 0.04285097122192383, 931.9963855729898, 0.6024308204650879, 0.025648629600547278
5.5, -8.5, 0.05707597732543945, 931.9963857813474, 0.7927463054656982, 0.025648629012449478
5.5, -9.0, 0.06807994842529297, 931.9963855730736, 0.9815201759338379, 0.02564862882350018
5.5, -9.5, 0.08235740661621094, 931.9963856556006, 1.1414401531219482, 0.02564862877111888
5.5, -10.0, 0.10134601593017578, 931.9963856809104, 1.4043712615966797, 0.025648628754487538
5.5, -10.5, 0.12567806243896484, 931.9963856779968, 1.7688624858856201, 0.025648628749059314
5.5, -11.0, 0.1498582363128662, 931.9963856796641, 2.1262311935424805, 0.025648628747463948
5.5, -11.5, 0.18567872047424316, 931.9963856776998, 2.6164581775665283, 0.025648628746906814
5.5, -12.0, 0.2928042411804199, 931.996385680489, 3.903270959854126, 0.025648628746617816
5.5, -12.5, 0.26093602180480957, 931.9963856761528, 3.4878668785095215, 0.02564862874673437
5.5, -13.0, 0.3162519931793213, 931.9963856770948, 3.996899127960205, 0.025648628746692742
5.5, -13.5, 0.3689703941345215, 931.9963856767687, 4.334455490112305, 0.025648628746656865
5.5, -14.0, 0.3695065975189209, 931.9963856780936, 4.283226251602173, 0.025648628746711602
5.5, -14.5, 0.40190720558166504, 931.9963856741491, 4.462663173675537, 0.02564862874666934
5.5, -15.0, 0.4183218479156494, 931.9963856778262, 4.438287019729614, 0.025648628746635274
5.5, -15.5, 0.42475295066833496, 931.9963856796629, 4.369942903518677, 0.02564862874666539
5.5, -16.0, 0.43818163871765137, 931.9963856769859, 4.516152858734131, 0.02564862874656981
5.5, -16.5, 0.45195579528808594, 931.9963856760871, 4.662147521972656, 0.02564862874667486
5.5, -17.0, 0.4520111083984375, 931.9963856787091, 4.622257947921753, 0.025648628746696635
5.5, -17.5, 0.48131704330444336, 931.9963856767184, 4.92326807975769, 0.02564862874664558
5.5, -18.0, 0.4934422969818115, 931.9963856739587, 5.234016180038452, 0.025648628746702044
6.0, -5.0, 0.023458003997802734, 932.0066714642982, 0.2817957401275635, 0.025561777094846038
6.0, -5.5, 0.02944660186767578, 932.0062735426515, 0.34758996963500977, 0.025563047702899744
6.0, -6.0, 0.033390045166015625, 932.0065986290255, 0.3989729881286621, 0.02556345390531064
6.0, -6.5, 0.04025912284851074, 932.0065395221683, 0.4622673988342285, 0.02556361028747214
6.0, -7.0, 0.0465543270111084, 932.0065270324108, 0.5416731834411621, 0.02556365686308674
6.0, -7.5, 0.053487539291381836, 932.0065238342378, 0.6422765254974365, 0.02556366687529575
6.0, -8.0, 0.06232118606567383, 932.0065245982618, 0.7550575733184814, 0.025563670898303227
6.0, -8.5, 0.07584095001220703, 932.0065243627729, 0.9233601093292236, 0.025563672106578842
6.0, -9.0, 0.09331083297729492, 932.0065238802366, 1.1419146060943604, 0.025563672487700702
6.0, -9.5, 0.11362767219543457, 932.0065238617752, 1.3659348487854004, 0.025563672614682422
6.0, -10.0, 0.14105820655822754, 932.0065238477816, 1.691054344177246, 0.025563672654192866
6.0, -10.5, 0.19693374633789062, 932.0065238439535, 2.4010417461395264, 0.02556367266698828
6.0, -11.0, 0.24408388137817383, 932.0065238396431, 2.9584338665008545, 0.025563672670759315
6.0, -11.5, 0.3051943778991699, 932.006523841678, 3.7095913887023926, 0.025563672672177684
6.0, -12.0, 0.38240981101989746, 932.0065238253052, 4.596656560897827, 0.025563672672652728
6.0, -12.5, 0.37043261528015137, 932.0065238474645, 4.204832315444946, 0.025563672672492634
6.0, -13.0, 0.42242980003356934, 932.0065238457287, 4.705518484115601, 0.02556367267251392
6.0, -13.5, 0.4379153251647949, 932.0065238551311, 4.652035474777222, 0.025563672672835512
6.0, -14.0, 0.4763476848602295, 932.0065238518085, 4.836440086364746, 0.025563672672543634
6.0, -14.5, 0.5348794460296631, 932.0065238472531, 5.07003116607666, 0.025563672672527037
6.0, -15.0, 0.5668871402740479, 932.0065238377183, 5.209723949432373, 0.02556367267286571
6.0, -15.5, 0.6488595008850098, 932.0065238374941, 5.834847927093506, 0.02556367267300436
6.0, -16.0, 0.6315627098083496, 932.0065238418468, 5.60595965385437, 0.0255636726728938
6.0, -16.5, 0.7014198303222656, 932.0065238497485, 6.461858749389648, 0.025563672673062154
6.0, -17.0, 0.7441465854644775, 932.0065238530933, 6.504864931106567, 0.025563672672716867
6.0, -17.5, 0.7518680095672607, 932.0065238445604, 6.751268625259399, 0.02556367267271825
6.0, -18.0, 0.7560102939605713, 932.0065238402705, 6.816080093383789, 0.02556367267279872
6.5, -5.0, 0.0325930118560791, 932.006536071296, 0.34459972381591797, 0.0256546504487049
6.5, -5.5, 0.0421748161315918, 932.0063672930143, 0.43066859245300293, 0.025651903361721483
6.5, -6.0, 0.04643964767456055, 932.0066853928188, 0.46944379806518555, 0.02565110578970225
6.5, -6.5, 0.05464363098144531, 932.0065444931506, 0.5419409275054932, 0.02565090008791216
6.5, -7.0, 0.06640052795410156, 932.0065178157944, 0.6543469429016113, 0.025650834985062636
6.5, -7.5, 0.07673025131225586, 932.0065124833078, 0.7896173000335693, 0.02565081153682087
6.5, -8.0, 0.10212206840515137, 932.0065115965515, 1.0599379539489746, 0.025650805152615922
6.5, -8.5, 0.11790037155151367, 932.006511383401, 1.2316582202911377, 0.02565080323753821
6.5, -9.0, 0.143754243850708, 932.0065107634368, 1.4943761825561523, 0.025650802634849888
6.5, -9.5, 0.18902802467346191, 932.0065107660245, 1.9815704822540283, 0.02565080245950557
6.5, -10.0, 0.22713184356689453, 932.0065107822085, 2.361945629119873, 0.025650802403393496
6.5, -10.5, 0.280484676361084, 932.0065107173866, 2.9416916370391846, 0.025650802385941623
6.5, -11.0, 0.3483271598815918, 932.0065107203535, 3.695621967315674, 0.025650802380685386
6.5, -11.5, 0.45380544662475586, 932.0065107565681, 5.014068365097046, 0.02565080237974533
6.5, -12.0, 0.5332596302032471, 932.0065107438521, 5.642151832580566, 0.02565080237954922
6.5, -12.5, 0.6378340721130371, 932.0065107239677, 6.311842203140259, 0.025650802379255783
6.5, -13.0, 0.640636682510376, 932.006510790159, 6.026405334472656, 0.025650802379122813
6.5, -13.5, 0.77016282081604, 932.0065107414563, 6.971116781234741, 0.025650802378442774
6.5, -14.0, 0.8430163860321045, 932.0065107502159, 7.294510364532471, 0.02565080237902314
6.5, -14.5, 0.8368666172027588, 932.0065107618233, 6.916689157485962, 0.025650802378714074
6.5, -15.0, 1.0262088775634766, 932.0065107326644, 8.094016313552856, 0.02565080237826652
6.5, -15.5, 1.0554001331329346, 932.0065107297152, 8.193415641784668, 0.025650802379139435
6.5, -16.0, 1.037703275680542, 932.0065107353379, 8.041915655136108, 0.025650802378233455
6.5, -16.5, 1.0738158226013184, 932.0065107475577, 8.268405199050903, 0.02565080237836272
6.5, -17.0, 1.0813262462615967, 932.0065107405748, 8.526922702789307, 0.025650802378443933
6.5, -17.5, 1.0876975059509277, 932.0065107648597, 8.781170845031738, 0.02565080237831921
6.5, -18.0, 1.1927790641784668, 932.0065107739772, 9.400420904159546, 0.02565080237971343
7.0, -5.0, 0.047827959060668945, 932.0057599560181, 0.4513130187988281, 0.025565915635771222
7.0, -5.5, 0.06069326400756836, 932.0056160505743, 0.5549342632293701, 0.025569363239637308
7.0, -6.0, 0.06769061088562012, 932.0062141016333, 0.6154224872589111, 0.025570660752374335
7.0, -6.5, 0.08792614936828613, 932.0061898015617, 0.78662109375, 0.025571136794345938
7.0, -7.0, 0.10555815696716309, 932.0061694691192, 0.9540069103240967, 0.025571290324479943
7.0, -7.5, 0.11532282829284668, 932.0061811164344, 1.0613634586334229, 0.025571338018392308
7.0, -8.0, 0.15738391876220703, 932.0061825879621, 1.417365550994873, 0.025571354377298648
7.0, -8.5, 0.17412519454956055, 932.0061839813904, 1.5992119312286377, 0.02557135961446315
7.0, -9.0, 0.21822190284729004, 932.0061842211765, 2.032363176345825, 0.025571361276379524
7.0, -9.5, 0.2929494380950928, 932.0061842060709, 2.8120784759521484, 0.025571361809055036
7.0, -10.0, 0.35962891578674316, 932.0061842589038, 3.3642265796661377, 0.025571361978382685
7.0, -10.5, 0.4283123016357422, 932.0061843156783, 4.001646280288696, 0.0255713620303326
7.0, -11.0, 0.5331370830535889, 932.0061842416383, 5.019907236099243, 0.025571362047660567
7.0, -11.5, 0.643949031829834, 932.0061841054082, 6.380822658538818, 0.025571362054737
7.0, -12.0, 0.9265875816345215, 932.0061841838138, 8.692781448364258, 0.025571362054671153
7.0, -12.5, 1.0296096801757812, 932.0061843077365, 9.022641897201538, 0.025571362054626026
7.0, -13.0, 0.9709961414337158, 932.0061841621842, 8.263019800186157, 0.025571362055930292
7.0, -13.5, 1.1204020977020264, 932.0061843040862, 9.19087266921997, 0.02557136205591971
7.0, -14.0, 1.1619701385498047, 932.006184264263, 9.18135118484497, 0.02557136205665427
7.0, -14.5, 1.325098991394043, 932.0061842920197, 9.804199457168579, 0.025571362057241424
7.0, -15.0, 1.3823168277740479, 932.0061842878654, 10.041315078735352, 0.02557136205646713
7.0, -15.5, 1.6882846355438232, 932.0061842079732, 11.92499327659607, 0.025571362056909568
7.0, -16.0, 1.7746901512145996, 932.0061841958101, 12.441925764083862, 0.025571362057953004
7.0, -16.5, 1.705108642578125, 932.0061841283753, 12.225618362426758, 0.025571362055071663
7.0, -17.0, 1.687835454940796, 932.0061841536542, 11.812887907028198, 0.02557136205692849
7.0, -17.5, 1.687791109085083, 932.0061842623211, 12.094621419906616, 0.025571362058812164
7.0, -18.0, 1.697106122970581, 932.0061841795732, 12.269294023513794, 0.02557136205524261
7.5, -5.0, 0.07405805587768555, 932.0055471199846, 0.670335054397583, 0.025657457644332332
7.5, -5.5, 0.09375596046447754, 932.0057578564595, 0.7911183834075928, 0.02565195416592719
7.5, -6.0, 0.11142444610595703, 932.0065825471314, 0.9396078586578369, 0.025649961607444368
7.5, -6.5, 0.11975979804992676, 932.0064339456835, 0.9886376857757568, 0.025649320485338672
7.5, -7.0, 0.1541728973388672, 932.0064498907972, 1.281294345855713, 0.025649096475503144
7.5, -7.5, 0.18346095085144043, 932.0064677174203, 1.5284054279327393, 0.025649019502658372
7.5, -8.0, 0.22417640686035156, 932.0064678550943, 1.8934836387634277, 0.0256489950013371
7.5, -8.5, 0.27596187591552734, 932.0064701966653, 2.3512790203094482, 0.025648987038167502
7.5, -9.0, 0.33277416229248047, 932.0064695985426, 3.021886110305786, 0.025648984479417745
7.5, -9.5, 0.435915470123291, 932.0064705809364, 3.7054758071899414, 0.02564898366759233
7.5, -10.0, 0.5800909996032715, 932.006470434144, 4.976349592208862, 0.025648983422096865
7.5, -10.5, 0.7195141315460205, 932.0064701411729, 6.240543603897095, 0.02564898333512021
7.5, -11.0, 0.806926965713501, 932.0064698711569, 6.946552991867065, 0.025648983311521035
7.5, -11.5, 1.0784828662872314, 932.006470763443, 9.159896612167358, 0.025648983301413002
7.5, -12.0, 1.3301146030426025, 932.0064701206646, 11.908390283584595, 0.025648983297480606
7.5, -12.5, 1.5861005783081055, 932.0064703044515, 12.910136699676514, 0.025648983301117412
7.5, -13.0, 1.699749231338501, 932.006470391667, 13.311148881912231, 0.025648983299920054
7.5, -13.5, 1.7973754405975342, 932.0064705983732, 13.56186842918396, 0.02564898330519967
7.5, -14.0, 1.910238265991211, 932.006470798107, 13.752396583557129, 0.025648983301516087
7.5, -14.5, 2.0090694427490234, 932.0064702727308, 14.177119016647339, 0.02564898330205995
7.5, -15.0, 2.4228575229644775, 932.00647047756, 16.39276432991028, 0.025648983299613782
7.5, -15.5, 2.5783958435058594, 932.0064701418847, 17.38946843147278, 0.025648983298854962
7.5, -16.0, 2.6284444332122803, 932.0064702437678, 17.251019954681396, 0.025648983295713464
7.5, -16.5, 2.566772699356079, 932.0064702483265, 16.890049934387207, 0.025648983299535015
7.5, -17.0, 2.551530599594116, 932.006469974216, 17.371878623962402, 0.025648983300088694
7.5, -17.5, 2.6539406776428223, 932.0064702092848, 17.439412593841553, 0.02564898329996838
7.5, -18.0, 2.692147970199585, 932.006470206819, 17.796977519989014, 0.025648983302665473
8.0, -5.0, 0.1119225025177002, 932.0075397406343, 0.918424129486084, 0.025597595488065988
8.0, -5.5, 0.13103151321411133, 932.0065667558144, 1.0436584949493408, 0.02559520704542911
8.0, -6.0, 0.1620340347290039, 932.0065287512173, 1.325119972229004, 0.025595279919985368
8.0, -6.5, 0.2104358673095703, 932.006394480988, 1.632469654083252, 0.02559549671003458
8.0, -7.0, 0.2269880771636963, 932.0063885035847, 1.7713897228240967, 0.025595594803706025
8.0, -7.5, 0.3096163272857666, 932.0064033165235, 2.4323437213897705, 0.025595631605999675
8.0, -8.0, 0.3521878719329834, 932.0064132114029, 2.8147294521331787, 0.02559564651827432
8.0, -8.5, 0.42922019958496094, 932.0064109296466, 3.419870376586914, 0.025595651828216503
8.0, -9.0, 0.5484020709991455, 932.0064109086526, 4.494420289993286, 0.025595653641001966
8.0, -9.5, 0.6399807929992676, 932.0064104919346, 5.121602535247803, 0.025595654334254533
8.0, -10.0, 0.9076902866363525, 932.0064112622792, 7.424510478973389, 0.02559565450415197
8.0, -10.5, 1.0161876678466797, 932.0064098365165, 8.265337467193604, 0.02559565456353489
8.0, -11.0, 1.4222619533538818, 932.0064121128985, 11.403313159942627, 0.025595654587296502
8.0, -11.5, 1.6240544319152832, 932.0064130610585, 13.297709465026855, 0.025595654604536302
8.0, -12.0, 2.0231845378875732, 932.0064112287279, 16.610468864440918, 0.025595654582327543
8.0, -12.5, 2.367128610610962, 932.0064115090845, 18.249135494232178, 0.025595654587171078
8.0, -13.0, 2.50831937789917, 932.0064112519158, 18.66314387321472, 0.025595654609443467
8.0, -13.5, 2.4487855434417725, 932.0064111459303, 17.875092267990112, 0.025595654620110257
8.0, -14.0, 2.6837503910064697, 932.006410811025, 18.72554922103882, 0.025595654599446235
8.0, -14.5, 3.0357391834259033, 932.0064107539746, 20.401357889175415, 0.025595654574362428
8.0, -15.0, 3.3496792316436768, 932.0064111009582, 21.852961778640747, 0.025595654599671953
8.0, -15.5, 4.035864591598511, 932.0064103846837, 25.848155975341797, 0.02559565459354178
8.0, -16.0, 4.257485389709473, 932.0064111104547, 26.816473245620728, 0.025595654619101155
8.0, -16.5, 4.32250189781189, 932.0064115535858, 27.553109169006348, 0.02559565459435236
8.0, -17.0, 4.110145330429077, 932.0064109829109, 26.811219453811646, 0.02559565458809418
8.0, -17.5, 4.177577257156372, 932.0064113238769, 26.403324604034424, 0.02559565458646979
8.0, -18.0, 4.05787467956543, 932.0064099975724, 26.00097918510437, 0.025595654576674457
8.5, -5.0, 0.19568228721618652, 932.0080107093684, 1.6086456775665283, 0.02564125429921039
8.5, -5.5, 0.24296236038208008, 932.0068629806625, 1.8301491737365723, 0.025640449626813187
8.5, -6.0, 0.28893232345581055, 932.0066753555928, 2.1962993144989014, 0.025638383437563247
8.5, -6.5, 0.3359532356262207, 932.0064921210038, 2.5097341537475586, 0.02563740546036373
8.5, -7.0, 0.3970465660095215, 932.0065137159808, 2.9852547645568848, 0.025637026292684415
8.5, -7.5, 0.4943723678588867, 932.006520493167, 3.8436334133148193, 0.025636887667425723
8.5, -8.0, 0.572709321975708, 932.0065156717225, 4.375423192977905, 0.025636839868356905
8.5, -8.5, 0.734628438949585, 932.0065196034382, 5.556901216506958, 0.025636823641700994
8.5, -9.0, 0.9158420562744141, 932.0065116847925, 7.002931594848633, 0.025636818010871833
8.5, -9.5, 1.1831471920013428, 932.006522547527, 9.588721752166748, 0.02563681619256915
8.5, -10.0, 1.5494849681854248, 932.0065254206179, 11.901588916778564, 0.02563681572382271
8.5, -10.5, 1.9487266540527344, 932.0065188051834, 14.887055397033691, 0.025636815409373685
8.5, -11.0, 2.423649311065674, 932.0065169447056, 18.63042712211609, 0.025636815482123307
8.5, -11.5, 2.884126663208008, 932.0065173630204, 22.39786434173584, 0.025636815422004466
8.5, -12.0, 3.4555442333221436, 932.0065133635835, 26.835041761398315, 0.02563681535268961
8.5, -12.5, 3.823469877243042, 932.0065176475509, 28.45035457611084, 0.02563681538686545
8.5, -13.0, 4.256042242050171, 932.0065204990412, 30.181792736053467, 0.025636815375412556
8.5, -13.5, 4.297551870346069, 932.0065195545559, 29.181199312210083, 0.02563681539141378
8.5, -14.0, 5.010640621185303, 932.0065167526888, 32.185001850128174, 0.02563681541392824
8.5, -14.5, 5.415377140045166, 932.00651762825, 34.94983267784119, 0.025636815326442224
8.5, -15.0, 6.015643358230591, 932.006521216727, 37.750393867492676, 0.02563681536044343
8.5, -15.5, 6.420966863632202, 932.0065180330287, 39.80194163322449, 0.025636815402750115
8.5, -16.0, 6.716818571090698, 932.006518736119, 41.66065955162048, 0.02563681542451108
8.5, -16.5, 6.906435966491699, 932.0065208727657, 42.171117544174194, 0.02563681543108724
8.5, -17.0, 6.569545269012451, 932.0065203659535, 40.493844747543335, 0.02563681538045575
8.5, -17.5, 7.123517990112305, 932.0065165894396, 44.06279754638672, 0.025636815356687694
8.5, -18.0, 7.1118316650390625, 932.0065206062184, 43.29414200782776, 0.02563681534850365
9.0, -5.0, 0.3077974319458008, 932.0050263263963, 2.3651888370513916, 0.02568082261668451
9.0, -5.5, 0.35819029808044434, 932.0052115461889, 2.729672908782959, 0.025646948130091725
9.0, -6.0, 0.4606499671936035, 932.006597451276, 3.3565409183502197, 0.025636643390763332
9.0, -6.5, 0.48686909675598145, 932.0064484730365, 3.5642526149749756, 0.02563335521804663
9.0, -7.0, 0.6027393341064453, 932.0064753839408, 4.353876113891602, 0.025632362877476122
9.0, -7.5, 0.7214090824127197, 932.0064924430784, 5.374427795410156, 0.02563204772815437
9.0, -8.0, 0.9858875274658203, 932.0065765776274, 7.33852219581604, 0.025631950120166558
9.0, -8.5, 1.2361791133880615, 932.0065451724846, 9.469196081161499, 0.025631919190857604
9.0, -9.0, 1.3813459873199463, 932.0065402704587, 10.301368474960327, 0.02563190855225461
9.0, -9.5, 1.9942138195037842, 932.0065091420649, 14.868667364120483, 0.025631906068207144
9.0, -10.0, 2.4321696758270264, 932.0065381125663, 19.042791843414307, 0.0256319052929317
9.0, -10.5, 2.8765532970428467, 932.0065293273328, 21.969920873641968, 0.02563190471164078
9.0, -11.0, 3.8020434379577637, 932.0065397146643, 29.602975368499756, 0.02563190448181744
9.0, -11.5, 4.210738182067871, 932.0065203223012, 31.971094369888306, 0.025631904186471873
9.0, -12.0, 5.510384798049927, 932.0065398372733, 41.61533260345459, 0.025631904383155754
9.0, -12.5, 6.689095735549927, 932.0065092713854, 47.053476095199585, 0.025631904292029297
9.0, -13.0, 7.188359975814819, 932.0065218483599, 48.70749282836914, 0.02563190425237519
9.0, -13.5, 7.117252349853516, 932.0065462983293, 48.308196783065796, 0.025631904434353238
9.0, -14.0, 7.4205427169799805, 932.006528407317, 47.41814970970154, 0.025631904667425032
9.0, -14.5, 8.224709749221802, 932.0065207101279, 51.328993797302246, 0.025631904570284168
9.0, -15.0, 10.331347703933716, 932.0065253335327, 63.13090968132019, 0.025631904371384302
9.0, -15.5, 9.661032915115356, 932.0065311743933, 58.76847696304321, 0.025631904370529663
9.0, -16.0, 11.183970928192139, 932.0065244261102, 67.71295166015625, 0.025631904557063014
9.0, -16.5, 11.554885625839233, 932.0065278229215, 68.2476122379303, 0.025631904284139504
9.0, -17.0, 12.289452314376831, 932.0065276360071, 73.4444215297699, 0.025631904174755766
9.0, -17.5, 10.808207988739014, 932.0065258858657, 64.78295063972473, 0.025631904403085583
9.0, -18.0, 11.465551376342773, 932.0065140397414, 67.79994440078735, 0.025631904596974453
9.5, -5.0, 0.484616756439209, 932.0061426104493, 3.7031660079956055, 0.02561628164896881
9.5, -5.5, 0.5713291168212891, 932.0072061378246, 4.2551188468933105, 0.025636409554413875
9.5, -6.0, 0.6444292068481445, 932.0066425867604, 4.689110279083252, 0.025635319751565373
9.5, -6.5, 0.8895492553710938, 932.0065791357925, 6.3483312129974365, 0.02563371318647183
9.5, -7.0, 1.0399115085601807, 932.0065863782806, 7.554922103881836, 0.025632962411791405
9.5, -7.5, 1.2817113399505615, 932.0065973261302, 9.290096044540405, 0.025632676307813997
9.5, -8.0, 1.5608115196228027, 932.0064769272653, 11.30038857460022, 0.02563257179743532
9.5, -8.5, 1.923321008682251, 932.0064706856241, 14.06425428390503, 0.025632535593481134
9.5, -9.0, 2.4737842082977295, 932.0065465619931, 18.043951272964478, 0.02563252434090846
9.5, -9.5, 2.8951051235198975, 932.0065904456716, 21.186670303344727, 0.025632518208868436
9.5, -10.0, 3.6547107696533203, 932.0065439558285, 26.799989461898804, 0.02563251633135235
9.5, -10.5, 4.575736999511719, 932.006534795111, 34.08819913864136, 0.025632516789016076
9.5, -11.0, 5.381505966186523, 932.0065567238541, 40.1492862701416, 0.02563251614251577
9.5, -11.5, 7.1221582889556885, 932.0065232196996, 53.835164070129395, 0.02563251557656483
9.5, -12.0, 8.923264741897583, 932.0065350427334, 66.29697251319885, 0.025632516705210717
9.5, -12.5, 10.707286834716797, 932.0065086521594, 74.60023331642151, 0.025632515740483523
9.5, -13.0, 10.664706707000732, 932.0066048668075, 71.90863180160522, 0.02563251733124877
9.5, -13.5, 11.377970933914185, 932.0065409855234, 75.69470882415771, 0.02563251686501232
9.5, -14.0, 12.261627197265625, 932.0065976963391, 77.15189170837402, 0.02563251641282421
9.5, -14.5, 13.702067375183105, 932.0065610024959, 83.41756558418274, 0.025632516281496525
9.5, -15.0, 15.352396965026855, 932.0065094138783, 90.10140657424927, 0.02563251616655883
9.5, -15.5, 16.092660665512085, 932.0065638722059, 95.25323224067688, 0.025632516429644977
9.5, -16.0, 18.022592782974243, 932.0065605048617, 105.81263399124146, 0.02563251600533362
9.5, -16.5, 19.255152702331543, 932.0065168186813, 112.77027201652527, 0.025632516430599394
9.5, -17.0, 17.903252601623535, 932.0065157619073, 106.514399766922, 0.025632517025813786
9.5, -17.5, 19.267171144485474, 932.0065793107113, 112.49036765098572, 0.02563251683612983
9.5, -18.0, 18.330090761184692, 932.0065430205381, 106.17090678215027, 0.025632515951730002
10.0, -5.0, 0.7351267337799072, 932.0070176135076, 5.663343191146851, 0.02571344256234452
10.0, -5.5, 0.8591945171356201, 932.0052483587289, 6.3652024269104, 0.02562838819177835
10.0, -6.0, 1.0966498851776123, 932.0067284773927, 7.997678279876709, 0.02561156936168638
10.0, -6.5, 1.3002393245697021, 932.0070507968768, 9.523125886917114, 0.025608462129539176
10.0, -7.0, 1.633559226989746, 932.006966394176, 11.714838743209839, 0.025607858277769877
10.0, -7.5, 1.9274907112121582, 932.0061066270478, 13.686380386352539, 0.025607755317351964
10.0, -8.0, 2.4527266025543213, 932.0067207266837, 17.463014125823975, 0.02560773749989538
10.0, -8.5, 3.1719508171081543, 932.0068133881122, 22.734155416488647, 0.025607742835329017
10.0, -9.0, 3.442377805709839, 932.0066537420065, 24.95819854736328, 0.02560773721495033
10.0, -9.5, 4.5422821044921875, 932.0065770639552, 33.135809898376465, 0.025607737183640837
10.0, -10.0, 5.442821502685547, 932.0066521919828, 39.815550565719604, 0.02560773831538988
10.0, -10.5, 7.161643028259277, 932.0064681221193, 52.66568350791931, 0.02560773932745457
10.0, -11.0, 9.184665441513062, 932.0066635344392, 67.74399709701538, 0.02560773777228134
10.0, -11.5, 11.302237749099731, 932.0065954980633, 82.95137166976929, 0.02560773780058633
10.0, -12.0, 15.052958488464355, 932.0063466067397, 109.99945640563965, 0.0256077387363859
10.0, -12.5, 16.240275382995605, 932.0065134420339, 111.30672550201416, 0.02560773762918188
10.0, -13.0, 16.05591320991516, 932.0066859515765, 107.51537775993347, 0.025607735459620286
10.0, -13.5, 18.00713586807251, 932.0065266412396, 120.54089498519897, 0.02560773962978027
10.0, -14.0, 20.92549180984497, 932.0065934345262, 130.6299443244934, 0.025607738038120217
10.0, -14.5, 22.30601477622986, 932.0065879064614, 134.78113508224487, 0.02560773677692732
10.0, -15.0, 23.863497734069824, 932.0065141385004, 141.51478147506714, 0.02560773898411856
10.0, -15.5, 24.36635112762451, 932.0065524852587, 146.23275470733643, 0.025607736789046348
10.0, -16.0, 27.75927710533142, 932.006487574905, 165.8732168674469, 0.025607738447731062
10.0, -16.5, 28.17722463607788, 932.0065247625199, 166.10584688186646, 0.02560773783555902
10.0, -17.0, 27.603649854660034, 932.0065966557318, 160.63821291923523, 0.02560773813774938
10.0, -17.5, 27.400707483291626, 932.0064469431219, 161.1902825832367, 0.025607738172175588
10.0, -18.0, 30.846641540527344, 932.0064902004244, 183.3055284023285, 0.02560773825239672
10.5, -5.0, 1.5290777683258057, 932.0070492620483, 12.098055124282837, 0.025856548507317657
10.5, -5.5, 1.5033068656921387, 932.0062239873585, 11.137655973434448, 0.02568474237414743
10.5, -6.0, 1.742208480834961, 932.0065910160175, 12.723737239837646, 0.025635911485404773
10.5, -6.5, 2.35793399810791, 932.005527054016, 16.53417181968689, 0.025623881571588587
10.5, -7.0, 2.7015366554260254, 932.0080767357948, 19.710744857788086, 0.02562064128239546
10.5, -7.5, 3.47182297706604, 932.0069923241539, 24.868377685546875, 0.025619782434622176
10.5, -8.0, 3.8989603519439697, 932.0057524394466, 28.131004810333252, 0.025619475966393718
10.5, -8.5, 5.241431474685669, 932.0043932962263, 37.8737370967865, 0.02561942716393615
10.5, -9.0, 6.325271368026733, 932.0056298399082, 44.998183250427246, 0.02561939565213338
10.5, -9.5, 9.234553098678589, 932.0061967526693, 65.54082441329956, 0.025619404153018468
10.5, -10.0, 9.185047149658203, 932.0066548424044, 66.64217329025269, 0.025619412547116853
10.5, -10.5, 13.425783395767212, 932.0060421308854, 97.38265800476074, 0.025619385187279874
10.5, -11.0, 14.651447534561157, 932.0065440236618, 107.89550948143005, 0.02561938720812801
10.5, -11.5, 17.950689792633057, 932.007345582006, 132.16289353370667, 0.025619393458268483
10.5, -12.0, 27.14828658103943, 932.0063797750983, 191.32324838638306, 0.02561939920089223
10.5, -12.5, 30.092604398727417, 932.0064523942655, 203.92679834365845, 0.02561939988928389
10.5, -13.0, 29.378025770187378, 932.0071317098513, 193.99989795684814, 0.02561940690668018
10.5, -13.5, 30.475662231445312, 932.0065451569504, 196.7207155227661, 0.025619402908051554
10.5, -14.0, 36.39594388008118, 932.0061612889938, 223.5544409751892, 0.02561939895876551
10.5, -14.5, 40.802414655685425, 932.0065220170048, 247.52762603759766, 0.02561940449866827
10.5, -15.0, 48.486005783081055, 932.0066122328977, 272.7338922023773, 0.025619395245231262
10.5, -15.5, 42.91406464576721, 932.0058137165177, 249.73999166488647, 0.025619396125405702
10.5, -16.0, 47.94741201400757, 932.0063815153536, 283.18117117881775, 0.02561939815852229
10.5, -16.5, 47.22483515739441, 932.0064096026689, 278.6053411960602, 0.025619400889272025
10.5, -17.0, 50.87216901779175, 932.0068009268923, 295.98757457733154, 0.025619398202434574
10.5, -17.5, 49.53208565711975, 932.0071387242573, 290.4782259464264, 0.025619384526542516
10.5, -18.0, 51.45439267158508, 932.0068853012338, 300.9175820350647, 0.025619399328926117
11.0, -5.0, 2.3270957469940186, 931.9936630002566, 18.313007593154907, 0.025217107970782034
11.0, -5.5, 2.6565518379211426, 932.003125819399, 20.157147645950317, 0.025509444878875086
11.0, -6.0, 3.1025900840759277, 932.0118118778219, 22.44648027420044, 0.02558800593985501
11.0, -6.5, 3.6471917629241943, 932.0071701442474, 25.969557285308838, 0.02560561720656344
11.0, -7.0, 4.67026162147522, 932.0042433177623, 32.94656538963318, 0.02560944922026825
11.0, -7.5, 5.290694236755371, 932.0065373819697, 37.224316120147705, 0.025610565682547038
11.0, -8.0, 7.1196441650390625, 932.0018590959337, 50.02912974357605, 0.025610745822899548
11.0, -8.5, 8.1047203540802, 932.011540851514, 57.53880333900452, 0.025610805705544498
11.0, -9.0, 9.548809289932251, 932.0063984181746, 68.94632172584534, 0.025610806584318323
11.0, -9.5, 13.269766807556152, 932.0086454400447, 95.35192489624023, 0.02561083759887036
11.0, -10.0, 15.912271499633789, 932.0047924309517, 113.67619609832764, 0.02561084346278536
11.0, -10.5, 19.335477590560913, 932.0059380208089, 138.75527834892273, 0.02561084854471594
11.0, -11.0, 25.063600778579712, 932.0076753396557, 182.55163407325745, 0.025610841051256456
11.0, -11.5, 32.61535167694092, 932.0059249670766, 235.99420285224915, 0.025610854302358967
11.0, -12.0, 39.51583480834961, 932.005615281338, 288.03666853904724, 0.025610797159643425
11.0, -12.5, 47.21834063529968, 932.0062228189446, 322.72046852111816, 0.025610820452843894
11.0, -13.0, 47.498573303222656, 932.0067137164403, 318.63812804222107, 0.025610843628009937
11.0, -13.5, 48.654449224472046, 932.007082125597, 312.6312961578369, 0.025610864213391853
11.0, -14.0, 51.831554889678955, 932.0049414560724, 322.9144949913025, 0.025610848008254104
11.0, -14.5, 57.96858191490173, 932.0053786293912, 351.3177580833435, 0.02561081300438166
11.0, -15.0, 67.86646294593811, 932.0070052226006, 409.8116011619568, 0.025610830249192525
11.0, -15.5, 66.89503479003906, 932.0063373373999, 393.66747069358826, 0.025610813067918837
11.0, -16.0, 77.0188455581665, 932.0063473356219, 437.0831301212311, 0.025610825922342352
11.0, -16.5, 82.356769323349, 932.0066718059091, 474.7986509799957, 0.025610815835939178
11.0, -17.0, 84.18884944915771, 932.0056776848306, 484.378892660141, 0.025610826729740098
11.0, -17.5, 82.9818799495697, 932.0068047681874, 478.36221981048584, 0.02561079577138677
11.0, -18.0, 79.88725709915161, 932.0055522690055, 461.77612042427063, 0.02561082232242073
11.5, -5.0, 4.051807880401611, 932.010328489279, 34.19305109977722, 0.02496191669654229
11.5, -5.5, 4.2768425941467285, 931.9840585699685, 33.03587603569031, 0.025443425269391178
11.5, -6.0, 5.018158197402954, 932.0159649152902, 36.365084171295166, 0.02557842616944186
11.5, -6.5, 6.313793182373047, 932.0055051707739, 44.70746040344238, 0.025606260771334773
11.5, -7.0, 7.454100131988525, 932.0057285926224, 52.264432191848755, 0.025611603305294318
11.5, -7.5, 8.442757368087769, 932.0181294818312, 59.28952980041504, 0.02561332089488749
11.5, -8.0, 10.705392122268677, 931.994793199298, 72.9132821559906, 0.02561383246925627
11.5, -8.5, 12.59076976776123, 932.0134466504732, 89.00037360191345, 0.02561394878726134
11.5, -9.0, 15.978581428527832, 932.0102795751174, 113.12147259712219, 0.02561392818536158
11.5, -9.5, 22.722859382629395, 931.9980487935757, 167.11186861991882, 0.025613591361941565
11.5, -10.0, 28.222962379455566, 932.0098121108656, 206.59299302101135, 0.025613648472869795
11.5, -10.5, 32.41050601005554, 932.0016713592295, 233.11263179779053, 0.025613672982118967
11.5, -11.0, 39.571688652038574, 932.0084177329469, 281.6829922199249, 0.025613680816947117
11.5, -11.5, 49.59989285469055, 932.0089435390584, 357.2904005050659, 0.025613533359146956
11.5, -12.0, 59.14802432060242, 932.0049045174783, 427.5612826347351, 0.025613581592319724
11.5, -12.5, 65.72311067581177, 932.0032856846395, 447.14541721343994, 0.02561364350587248
11.5, -13.0, 76.03153562545776, 932.0072717943744, 508.5610661506653, 0.02561354773522347
11.5, -13.5, 77.75100207328796, 932.0055761205427, 496.52385449409485, 0.025613567188999993
11.5, -14.0, 86.28647494316101, 932.0044956949761, 531.5945088863373, 0.02561355074026723
11.5, -14.5, 90.0616524219513, 932.0043131542197, 540.6952502727509, 0.025613730354672754
11.5, -15.0, 100.74165201187134, 932.0027537117255, 587.3265872001648, 0.025613620842942917
11.5, -15.5, 108.10636639595032, 932.0048832124138, 627.114688873291, 0.025613509467202256
11.5, -16.0, 123.30771017074585, 932.0075163214217, 727.3666033744812, 0.025613580174743765
11.5, -16.5, 115.76381754875183, 932.0067568286909, 673.6697063446045, 0.02561356938061858
11.5, -17.0, 136.76377153396606, 932.0033334444225, 789.6442341804504, 0.02561356824336169
11.5, -17.5, 130.118971824646, 932.0065870043741, 746.8020360469818, 0.025613581259933578
11.5, -18.0, 135.81817865371704, 932.0039034627481, 778.4606218338013, 0.025613683751887002
12.0, -5.0, 7.140161514282227, 931.9939125498614, 60.283127546310425, 0.024555499113938218
12.0, -5.5, 7.168864488601685, 932.0580744733243, 56.478389263153076, 0.02530597829612202
12.0, -6.0, 8.589874029159546, 932.0045735053312, 64.35447931289673, 0.0255495273979037
12.0, -6.5, 9.431216478347778, 931.9766636482562, 68.02806448936462, 0.025601723609493567
12.0, -7.0, 10.571398973464966, 932.0038480716582, 74.39520025253296, 0.025611713708485223
12.0, -7.5, 13.317658185958862, 931.9973938408335, 96.983633518219, 0.02561288280705498
12.0, -8.0, 16.32015609741211, 932.0056965958603, 113.78724503517151, 0.025613529752012205
12.0, -8.5, 20.954467058181763, 931.9744860052073, 151.04096269607544, 0.025614626478956546
12.0, -9.0, 26.252232789993286, 932.0260032199893, 182.5470142364502, 0.02561394452983404
12.0, -9.5, 30.76069736480713, 932.0038319265427, 216.99491143226624, 0.02561417964519281
12.0, -10.0, 38.12188673019409, 932.0232208263833, 273.3275578022003, 0.025613321630030474
12.0, -10.5, 47.812278509140015, 932.0134522737278, 349.2501730918884, 0.025613086124998786
12.0, -11.0, 62.85776114463806, 931.9973616827727, 447.026695728302, 0.025613987648627934
12.0, -11.5, 82.68050742149353, 932.0064156009508, 591.3763599395752, 0.02561357095758564
12.0, -12.0, 104.73173880577087, 932.002174129771, 756.3277978897095, 0.0256141626286181
12.0, -12.5, 109.64479207992554, 932.0012946776113, 742.8071937561035, 0.025613827504817426
12.0, -13.0, 117.18082118034363, 932.0038636717704, 769.5651295185089, 0.025614152445157853
12.0, -13.5, 133.1015124320984, 932.0044133782966, 849.2755513191223, 0.025613744514583786
12.0, -14.0, 145.4337193965912, 932.0066566195768, 893.6133410930634, 0.025613687257191542
12.0, -14.5, 155.0742483139038, 932.0077357269716, 929.1696474552155, 0.02561380371090573
12.0, -15.0, 174.55809593200684, 932.0048500439027, 1027.0985164642334, 0.025613728852658512
12.0, -15.5, 185.68863582611084, 932.0068650797285, 1092.7292602062225, 0.0256136903259101
12.0, -16.0, 185.9134931564331, 932.0007865413099, 1075.9494950771332, 0.025613545140867045
12.0, -16.5, 199.59376287460327, 932.0066085465347, 1144.5057797431946, 0.025613613764392074
12.0, -17.0, 213.7222421169281, 932.0043358680002, 1221.1483733654022, 0.025614202012965426
12.0, -17.5, 193.0305573940277, 932.0104575761821, 1132.3112769126892, 0.02561381559632176
12.0, -18.0, 199.30400204658508, 932.0088385419891, 1137.8654384613037, 0.025613668244842243
12.5, -5.0, 12.85769534111023, 931.973697969712, 118.77169299125671, 0.026500376920522765
12.5, -5.5, 13.111557483673096, 931.7994551448044, 107.48986148834229, 0.025504778080902443
12.5, -6.0, 13.860910415649414, 931.8901012345759, 107.33503699302673, 0.02547216200651433
12.5, -6.5, 17.088987350463867, 931.8601178451482, 118.75344848632812, 0.025541349465448674
12.5, -7.0, 21.44376230239868, 932.0175279358052, 154.74193215370178, 0.025571378081613437
12.5, -7.5, 24.803675651550293, 932.0272780234379, 172.97656989097595, 0.025581953104899288
12.5, -8.0, 30.27398419380188, 932.0124263985865, 211.50623989105225, 0.02559395042135572
12.5, -8.5, 37.59532833099365, 932.0462885192802, 263.95897245407104, 0.02558826086163236
12.5, -9.0, 44.257341146469116, 931.9918570327595, 314.74457335472107, 0.025588541367151205
12.5, -9.5, 57.54003596305847, 931.996768024721, 415.0887677669525, 0.025589458108452375
12.5, -10.0, 66.63933062553406, 932.0353922974064, 474.5230760574341, 0.02559115102836548
12.5, -10.5, 97.22164845466614, 932.0385254247097, 711.5943214893341, 0.025588898521222044
12.5, -11.0, 108.27561616897583, 932.0221713969491, 770.4864730834961, 0.025590146870319273
12.5, -11.5, 142.06190967559814, 932.0170187013963, 1011.311882019043, 0.02559009950387515
12.5, -12.0, 176.29087615013123, 932.0151929793386, 1271.310889005661, 0.025588878485055422
12.5, -12.5, 196.49260234832764, 932.0177186078631, 1372.4793093204498, 0.025589754411345617
12.5, -13.0, 209.74745082855225, 932.0238716747499, 1420.2421038150787, 0.025589866724716234
12.5, -13.5, 219.96455788612366, 932.0191978577989, 1391.830884218216, 0.025588986176466516
12.5, -14.0, 232.7913658618927, 932.0250363006406, 1413.8126134872437, 0.025588900837136972
12.5, -14.5, 271.2800147533417, 932.0188577200292, 1629.2115540504456, 0.025589977520773088
12.5, -15.0, 284.987512588501, 932.0165325600543, 1696.0525138378143, 0.02558963779633273
12.5, -15.5, 319.23351407051086, 932.0195147810975, 1877.321941614151, 0.025589814717895933
12.5, -16.0, 329.42841053009033, 932.0050205426868, 1904.4946775436401, 0.025589129950359203
12.5, -16.5, 338.2759339809418, 932.0125865031483, 1945.4999198913574, 0.02558954428378829
12.5, -17.0, 373.1679952144623, 932.014961535665, 2106.3143293857574, 0.025589035666976127
12.5, -17.5, 355.9774112701416, 932.0085552657353, 2066.7393889427185, 0.025589072153784257
12.5, -18.0, 357.03465938568115, 932.021314046673, 2029.5631606578827, 0.025589884656016314
13.0, -5.0, 22.95492720603943, 931.579306457212, 215.32124519348145, 0.02679736895091077
13.0, -5.5, 22.663641214370728, 932.3739402306666, 188.5178530216217, 0.026530578998346828
13.0, -6.0, 23.58242177963257, 932.5848561281823, 185.2882936000824, 0.02595777484990569
13.0, -6.5, 27.558023691177368, 931.878429969102, 200.87912917137146, 0.02571207396352882
13.0, -7.0, 31.14119577407837, 931.9980891206355, 230.64452052116394, 0.025649169110423625
13.0, -7.5, 44.5881130695343, 931.9959216135359, 310.62698006629944, 0.02562922764790717
13.0, -8.0, 50.51792907714844, 932.0335674871701, 347.6813659667969, 0.025633801479330514
13.0, -8.5, 62.40174746513367, 932.1106091987259, 434.277202129364, 0.025631431562139123
13.0, -9.0, 69.55422043800354, 931.9988447041608, 490.04312896728516, 0.025619280525946416
13.0, -9.5, 97.66928243637085, 932.052605246231, 718.3302981853485, 0.02562323390387855
13.0, -10.0, 118.52095603942871, 932.0348488670903, 836.8532464504242, 0.02562888576657453
13.0, -10.5, 142.13977527618408, 932.0590647266228, 1019.6965043544769, 0.025622114141113206
13.0, -11.0, 178.761554479599, 932.0284301039364, 1275.0560805797577, 0.025624169843900594
13.0, -11.5, 219.18294382095337, 932.060621320703, 1561.2968337535858, 0.02562454671263792
13.0, -12.0, 278.77593302726746, 932.022393424238, 2095.782257795334, 0.025624312978865173
13.0, -12.5, 291.9179594516754, 932.0328815946012, 2032.9810147285461, 0.025624588230342537
13.0, -13.0, 349.8987605571747, 932.0354443938883, 2257.274451971054, 0.025624016391367455
13.0, -13.5, 329.0098578929901, 932.0327609168426, 2167.4241709709167, 0.025624431648208736
13.0, -14.0, 376.4327018260956, 932.0456409719744, 2327.0592637062073, 0.025624380232338293
13.0, -14.5, 406.4010148048401, 932.0355326529879, 2421.1007130146027, 0.02562502011634161
13.0, -15.0, 477.36052560806274, 932.0308688937527, 2792.0970051288605, 0.025624727354642964
13.0, -15.5, 515.8780770301819, 932.0320351364983, 2967.993221759796, 0.025624630202345827
13.0, -16.0, 508.66020917892456, 932.0354247228838, 3034.232534646988, 0.025625421728242184
13.0, -16.5, 544.9513573646545, 932.0414694300208, 3140.261828660965, 0.025625128494875766
13.0, -17.0, 549.8647682666779, 932.04253524361, 3172.965239048004, 0.025623960243531804
13.0, -17.5, 545.2063465118408, 932.0346819085551, 3175.6013720035553, 0.025624158092886692
13.0, -18.0, 550.2417547702789, 932.0478663026682, 3169.9159977436066, 0.025624439741120178
13.5, -5.0, 40.504780292510986, 932.127398458357, 390.4535894393921, 0.027397296818603423
13.5, -5.5, 41.701826333999634, 931.7506825862677, 371.477091550827, 0.027114200318216264
13.5, -6.0, 42.94404864311218, 931.7740114387198, 357.26748871803284, 0.026197552971303762
13.5, -6.5, 47.464133977890015, 931.7371256365826, 353.07009530067444, 0.025760792484110707
13.5, -7.0, 49.54028534889221, 931.5864182626519, 360.1061751842499, 0.025657594241145144
13.5, -7.5, 58.348400354385376, 931.7614664705544, 412.22101378440857, 0.025652133936294876
13.5, -8.0, 76.34395003318787, 931.8270656303578, 533.4952526092529, 0.025632785924398407
13.5, -8.5, 89.49712061882019, 931.858148531911, 626.9984967708588, 0.02563053100062979
13.5, -9.0, 132.3612105846405, 931.9641951727488, 932.8324682712555, 0.025618880220216966
13.5, -9.5, 166.02701568603516, 931.7497735029093, 1161.5366051197052, 0.02562359670815439
13.5, -10.0, 208.3717110157013, 931.6861872931654, 1461.5194246768951, 0.02562065718098691
13.5, -10.5, 222.10904502868652, 931.7706326809009, 1575.8661472797394, 0.025629900584777085
13.5, -11.0, 275.67913699150085, 931.7531444943469, 1945.2310388088226, 0.02562286142277792
13.5, -11.5, 376.1457898616791, 931.7937610641767, 2657.356061220169, 0.025622782875220417
13.5, -12.0, 438.29018926620483, 931.7621928017682, 3203.7144582271576, 0.025623864814170248
13.5, -12.5, 486.88751459121704, 931.8371947875328, 3385.0942747592926, 0.025620266483039115
13.5, -13.0, 548.858505487442, 931.8088423213306, 3505.7059955596924, 0.025623231249995965
13.5, -13.5, 594.9801032543182, 931.8957733722675, 3731.204280614853, 0.025620342910251566
13.5, -14.0, 649.2985641956329, 931.6734365622412, 3936.79323887825, 0.025623000322012587
13.5, -14.5, 713.0927729606628, 931.8426166547264, 4545.234696149826, 0.025623380096143216
13.5, -15.0, 747.7177171707153, 931.9127508213427, 4388.433365106583, 0.02562378406085784
13.5, -15.5, 757.154837846756, 931.8444802599437, 4408.428589344025, 0.025622345369275774
13.5, -16.0, 811.6789040565491, 931.8320413548745, 4734.1489861011505, 0.02562344104319017
13.5, -16.5, 870.9191026687622, 931.7823627226228, 5031.3276562690735, 0.025624558399008127
13.5, -17.0, 892.50430560112, 931.8712313843052, 5133.932458400726, 0.025622601380452012
13.5, -17.5, 906.7502326965332, 931.7710780528952, 5179.262743234634, 0.025623009317744277
13.5, -18.0, 891.4544470310211, 931.6785069820315, 5226.672282218933, 0.025624052862700065
14.0, -5.0, 71.92341613769531, 933.60430397052, 723.003529548645, 0.02636945270926407
14.0, -5.5, 69.09084272384644, 930.4499355747997, 639.5047905445099, 0.027415335922882082
14.0, -6.0, 75.26881337165833, 931.363740784266, 616.3930246829987, 0.026555219578025688
14.0, -6.5, 82.8032021522522, 931.1356798679624, 625.4796595573425, 0.025936433490701988
14.0, -7.0, 89.26521253585815, 931.1439319606294, 654.003255367279, 0.025736359974692143
14.0, -7.5, 95.03617548942566, 931.3267671862175, 674.6312291622162, 0.02564762535130799
14.0, -8.0, 120.15629076957703, 931.6267115174151, 830.6611678600311, 0.02565034897192213
14.0, -8.5, 139.3676564693451, 931.2932606809486, 987.342481136322, 0.02565605094095473
14.0, -9.0, 198.40372705459595, 931.524653622453, 1381.9135665893555, 0.025632787452936494
14.0, -9.5, 232.8665316104889, 931.5644420445876, 1618.0911269187927, 0.02565860302453115
14.0, -10.0, 286.3617854118347, 931.2573849414108, 2015.62202334404, 0.02564937359569815
14.0, -10.5, 334.66876554489136, 931.4181831065057, 2421.994433403015, 0.025648624856787653
14.0, -11.0, 432.7203607559204, 931.3005433237948, 3158.0502829551697, 0.02564452042250144
14.0, -11.5, 529.0303711891174, 931.3550641229106, 3968.728135585785, 0.025656836762384054
14.0, -12.0, 742.6757225990295, 931.5318341254435, 5621.534526824951, 0.025648680374481227
14.0, -12.5, 798.6675441265106, 931.5499536347521, 5597.965585708618, 0.025653718190539177
14.0, -13.0, 859.7803990840912, 932.0150463887537, 5700.530786991119, 0.025643663947197436
14.0, -13.5, 876.9877984523773, 931.6532928064942, 5626.6284556388855, 0.025658438942259193
14.0, -14.0, 957.8991508483887, 931.2550932787912, 5879.756354570389, 0.02565787662689149
14.0, -14.5, 1094.6328587532043, 931.2336523668303, 6659.115077495575, 0.025649620419174454
14.0, -15.0, 1157.8794956207275, 931.4878880824169, 6759.422530412674, 0.025652773167953204
14.0, -15.5, 1338.307816028595, 931.7416600810895, 7724.206132173538, 0.025647930240785665
14.0, -16.0, 1461.743899822235, 931.9109455821197, 8529.672893762589, 0.02565699472995487
14.0, -16.5, 1348.2695488929749, 931.8460291314485, 7963.354211568832, 0.025648299564414574
14.0, -17.0, 1449.8549115657806, 931.218571977167, 8292.957001686096, 0.025649230043092292
14.0, -17.5, 1532.8937273025513, 931.8280289880673, 8784.663185834885, 0.02564623244888858
14.0, -18.0, 1545.9726991653442, 931.326789258236, 8888.265120506287, 0.025651504588970923
