1.0, -5.0, 0.011098146438598633, 2.6844808160172897e-09, 0.16455411911010742, 0.014361373735054545
1.0, -5.5, 0.010106325149536133, 2.684480819101685e-09, 0.14029860496520996, 0.014361373731473432
1.0, -6.0, 0.010129213333129883, 2.684480809689294e-09, 0.142364501953125, 0.014361373737317626
1.0, -6.5, 0.01107025146484375, 2.6844807548875617e-09, 0.16567492485046387, 0.014361365051637279
1.0, -7.0, 0.010422706604003906, 2.684480725877187e-09, 0.16668915748596191, 0.01436126527911713
1.0, -7.5, 0.012374401092529297, 2.68448072251487e-09, 0.1987442970275879, 0.01436126484294436
1.0, -8.0, 0.015658140182495117, 2.6844807297797197e-09, 0.26136088371276855, 0.01436126452476795
1.0, -8.5, 0.015773296356201172, 2.6844807290619143e-09, 0.26982784271240234, 0.014361262104528304
1.0, -9.0, 0.01965618133544922, 2.6844807286732767e-09, 0.33222436904907227, 0.014361261627757863
1.0, -9.5, 0.024834871292114258, 2.6844807287999656e-09, 0.44209957122802734, 0.014361261351684222
1.0, -10.0, 0.030941247940063477, 2.6844807288063076e-09, 0.5331685543060303, 0.01436126126675783
1.0, -10.5, 0.03298616409301758, 2.684480728819393e-09, 0.5844416618347168, 0.014361261237553798
1.0, -11.0, 0.04415321350097656, 2.6844807288230005e-09, 0.7529311180114746, 0.014361261227738559
1.0, -11.5, 0.06091785430908203, 2.684480728824235e-09, 0.9972834587097168, 0.014361261224507387
1.0, -12.0, 0.06162667274475098, 2.6844807288247207e-09, 1.1005494594573975, 0.014361261223482196
1.0, -12.5, 0.06281614303588867, 2.6844807288247537e-09, 1.1453301906585693, 0.014361261223478378
1.0, -13.0, 0.0726165771484375, 2.6844807288249833e-09, 1.2660715579986572, 0.01436126122347735
1.0, -13.5, 0.06608247756958008, 2.6844807288249796e-09, 1.1948661804199219, 0.014361261223478052
1.0, -14.0, 0.06751441955566406, 2.684480728825169e-09, 1.2281272411346436, 0.014361261223478779
1.0, -14.5, 0.07736515998840332, 2.6844807288252385e-09, 1.3962085247039795, 0.014361261223476912
1.0, -15.0, 0.07060670852661133, 2.6844807288251624e-09, 1.3091707229614258, 0.014361261223480831
1.0, -15.5, 0.07173418998718262, 2.684480728825177e-09, 1.366774320602417, 0.014361261223481076
1.0, -16.0, 0.07972431182861328, 2.684480728825158e-09, 1.5435833930969238, 0.01436126122347601
1.0, -16.5, 0.07573103904724121, 2.6844807288252633e-09, 1.4393692016601562, 0.014361261223476762
1.0, -17.0, 0.07789182662963867, 2.684480728825073e-09, 1.4848120212554932, 0.014361261223475063
1.0, -17.5, 0.08693337440490723, 2.6844807288250916e-09, 1.670037031173706, 0.014361261223475235
1.0, -18.0, 0.08142995834350586, 2.6844807288250672e-09, 1.5642428398132324, 0.014361261223476005
1.5, -5.0, 0.010030508041381836, 2.5711389950649283e-09, 0.14258193969726562, 0.006566423647755201
1.5, -5.5, 0.009971857070922852, 2.5711388891063683e-09, 0.14089584350585938, 0.006566423599753366
1.5, -6.0, 0.011751651763916016, 2.5711380065487637e-09, 0.1603841781616211, 0.0065664235807132675
1.5, -6.5, 0.011477470397949219, 2.5711374935229937e-09, 0.16789484024047852, 0.006566364234905732
1.5, -7.0, 0.010733842849731445, 2.5711374617549474e-09, 0.1692826747894287, 0.006566309247488952
1.5, -7.5, 0.013916730880737305, 2.571137435358052e-09, 0.22617101669311523, 0.006566309041877497
1.5, -8.0, 0.013993263244628906, 2.5711374205547184e-09, 0.23025012016296387, 0.00656630797689157
1.5, -8.5, 0.016098737716674805, 2.571137415687488e-09, 0.29252004623413086, 0.006566306183538194
1.5, -9.0, 0.019969701766967773, 2.5711374136646435e-09, 0.3520214557647705, 0.006566305725500835
1.5, -9.5, 0.026439189910888672, 2.571137412852299e-09, 0.4478945732116699, 0.006566305517055682
1.5, -10.0, 0.03242802619934082, 2.571137412602001e-09, 0.5620770454406738, 0.00656630545100317
1.5, -10.5, 0.03490638732910156, 2.571137412520644e-09, 0.6176607608795166, 0.006566305425778562
1.5, -11.0, 0.04201173782348633, 2.571137412495203e-09, 0.7323544025421143, 0.00656630541815396
1.5, -11.5, 0.05169034004211426, 2.5711374124867094e-09, 0.9093451499938965, 0.006566305415326009
1.5, -12.0, 0.06996726989746094, 2.571137412484004e-09, 1.233910322189331, 0.006566305414480411
1.5, -12.5, 0.06998682022094727, 2.5711374124835892e-09, 1.223672866821289, 0.006566305414454219
1.5, -13.0, 0.07352900505065918, 2.5711374124836145e-09, 1.3745808601379395, 0.006566305414448971
1.5, -13.5, 0.06831669807434082, 2.5711374124836157e-09, 1.2756922245025635, 0.006566305414449546
1.5, -14.0, 0.0795283317565918, 2.5711374124834474e-09, 1.396132230758667, 0.006566305414448439
1.5, -14.5, 0.07185077667236328, 2.57113741248366e-09, 1.3202502727508545, 0.006566305414447563
1.5, -15.0, 0.09723138809204102, 2.5711374124834767e-09, 1.5819673538208008, 0.006566305414445608
1.5, -15.5, 0.0733492374420166, 2.571137412483404e-09, 1.4148736000061035, 0.006566305414446589
1.5, -16.0, 0.07656669616699219, 2.5711374124831926e-09, 1.458752155303955, 0.006566305414446384
1.5, -16.5, 0.08759856224060059, 2.5711374124832807e-09, 1.6434834003448486, 0.006566305414448873
1.5, -17.0, 0.09338951110839844, 2.5711374124833522e-09, 1.7423834800720215, 0.006566305414445691
1.5, -17.5, 0.08275437355041504, 2.5711374124832013e-09, 1.5746667385101318, 0.006566305414445419
1.5, -18.0, 0.08393096923828125, 2.571137412483175e-09, 1.6194779872894287, 0.006566305414447125
2.0, -5.0, 0.00983738899230957, 2.656600877207883e-09, 0.14083409309387207, 0.01333649808446317
2.0, -5.5, 0.010938167572021484, 2.6565842789196074e-09, 0.15841245651245117, 0.013336538548408614
2.0, -6.0, 0.011479854583740234, 2.6565841343104956e-09, 0.16475820541381836, 0.013336548080852375
2.0, -6.5, 0.010515451431274414, 2.656582881897376e-09, 0.15040993690490723, 0.013336552601746023
2.0, -7.0, 0.010858774185180664, 2.6565824581828924e-09, 0.1667790412902832, 0.013336554830706391
2.0, -7.5, 0.012669086456298828, 2.6565823445601078e-09, 0.19135379791259766, 0.013336555573102881
2.0, -8.0, 0.014296770095825195, 2.6565822733786808e-09, 0.21252655982971191, 0.013336555899421492
2.0, -8.5, 0.018299102783203125, 2.656582250217357e-09, 0.2791900634765625, 0.01333655601760021
2.0, -9.0, 0.022800207138061523, 2.6565822423488736e-09, 0.3505566120147705, 0.013336556064506424
2.0, -9.5, 0.027893543243408203, 2.656582239687757e-09, 0.42453575134277344, 0.013336556080541684
2.0, -10.0, 0.03148984909057617, 2.6565822387426495e-09, 0.47266435623168945, 0.01333655608524988
2.0, -10.5, 0.0347132682800293, 2.6565822384158796e-09, 0.5369141101837158, 0.013336556087241094
2.0, -11.0, 0.04348921775817871, 2.656582238317968e-09, 0.6760909557342529, 0.013336556087814694
2.0, -11.5, 0.05242419242858887, 2.6565822382857633e-09, 0.8294768333435059, 0.013336556088016874
2.0, -12.0, 0.07326602935791016, 2.656582238275448e-09, 1.1460843086242676, 0.013336556088092524
2.0, -12.5, 0.07326483726501465, 2.6565822382736252e-09, 1.138185739517212, 0.01333655608808664
2.0, -13.0, 0.06843090057373047, 2.656582238272975e-09, 1.0575268268585205, 0.01333655608808923
2.0, -13.5, 0.08095860481262207, 2.656582238272959e-09, 1.3040485382080078, 0.013336556088088366
2.0, -14.0, 0.071990966796875, 2.656582238272768e-09, 1.1451771259307861, 0.013336556088087282
2.0, -14.5, 0.0743567943572998, 2.6565822382726037e-09, 1.2054336071014404, 0.013336556088089917
2.0, -15.0, 0.07480907440185547, 2.6565822382726008e-09, 1.263721227645874, 0.013336556088087691
2.0, -15.5, 0.08646059036254883, 2.6565822382728163e-09, 1.455700159072876, 0.013336556088088368
2.0, -16.0, 0.08583450317382812, 2.6565822382723923e-09, 1.45119047164917, 0.013336556088090798
2.0, -16.5, 0.07903861999511719, 2.6565822382719146e-09, 1.3598175048828125, 0.013336556088088427
2.0, -17.0, 0.08205580711364746, 2.65658223827134e-09, 1.4185280799865723, 0.01333655608809283
2.0, -17.5, 0.08590292930603027, 2.6565822382714485e-09, 1.5076181888580322, 0.01333655608809414
2.0, -18.0, 0.08674097061157227, 2.656582238271389e-09, 1.5175659656524658, 0.013336556088090007
2.5, -5.0, 0.011227846145629883, 2.698341901526369e-09, 0.15772795677185059, 0.02126899782658915
2.5, -5.5, 0.01154470443725586, 2.6983227310007597e-09, 0.16658830642700195, 0.021268931777411414
2.5, -6.0, 0.011870622634887695, 2.6983104833936247e-09, 0.1663370132446289, 0.021268918974483037
2.5, -6.5, 0.010664224624633789, 2.6983050047213823e-09, 0.1451892852783203, 0.021268995830249625
2.5, -7.0, 0.011185646057128906, 2.698303432001731e-09, 0.16924524307250977, 0.021269034694666886
2.5, -7.5, 0.014040946960449219, 2.698302762072967e-09, 0.2238328456878662, 0.021269034829447565
2.5, -8.0, 0.014689445495605469, 2.6983025314315857e-09, 0.2220916748046875, 0.021269036087123987
2.5, -8.5, 0.018953561782836914, 2.69830244586166e-09, 0.2847781181335449, 0.02126903779058865
2.5, -9.0, 0.023300647735595703, 2.6983024191345607e-09, 0.366884708404541, 0.02126903815773282
2.5, -9.5, 0.024290800094604492, 2.698302410372874e-09, 0.37293195724487305, 0.021269038335656267
2.5, -10.0, 0.029880046844482422, 2.6983024073922753e-09, 0.46352124214172363, 0.02126903839702513
2.5, -10.5, 0.035421133041381836, 2.6983024064424325e-09, 0.5678164958953857, 0.021269038416827587
2.5, -11.0, 0.0488133430480957, 2.6983024061334417e-09, 0.7470612525939941, 0.021269038423460833
2.5, -11.5, 0.054930686950683594, 2.6983024060345857e-09, 0.8712913990020752, 0.021269038425627912
2.5, -12.0, 0.07430577278137207, 2.698302406002982e-09, 1.1747760772705078, 0.021269038426318696
2.5, -12.5, 0.07982897758483887, 2.698302405997599e-09, 1.2387802600860596, 0.021269038426330746
2.5, -13.0, 0.0705111026763916, 2.6983024059951698e-09, 1.1094474792480469, 0.021269038426366408
2.5, -13.5, 0.07583832740783691, 2.698302405994256e-09, 1.1342999935150146, 0.021269038426414227
2.5, -14.0, 0.07574653625488281, 2.6983024059939273e-09, 1.1737723350524902, 0.021269038426447475
2.5, -14.5, 0.09275579452514648, 2.69830240599376e-09, 1.4167604446411133, 0.02126903842645516
2.5, -15.0, 0.07977890968322754, 2.698302405993763e-09, 1.2720413208007812, 0.02126903842646226
2.5, -15.5, 0.0899958610534668, 2.6983024059938343e-09, 1.4499242305755615, 0.021269038426460496
2.5, -16.0, 0.08048534393310547, 2.6983024059937474e-09, 1.317901611328125, 0.021269038426456822
2.5, -16.5, 0.09485173225402832, 2.6983024059931283e-09, 1.519967794418335, 0.021269038426463778
2.5, -17.0, 0.08568930625915527, 2.6983024059919868e-09, 1.426764726638794, 0.02126903842646188
2.5, -17.5, 0.08921241760253906, 2.6983024059915455e-09, 1.4648914337158203, 0.0212690384264585
2.5, -18.0, 0.10273432731628418, 2.698302405991169e-09, 1.6527619361877441, 0.021269038426459268
3.0, -5.0, 0.010295867919921875, 2.693546232804844e-09, 0.1433093547821045, 0.0242998692094079
3.0, -5.5, 0.010556936264038086, 2.693459156480099e-09, 0.1418302059173584, 0.02429980882973155
3.0, -6.0, 0.012137413024902344, 2.693426690857765e-09, 0.1670088768005371, 0.02429975111532651
3.0, -6.5, 0.012502431869506836, 2.6934142057788726e-09, 0.17732715606689453, 0.024299745589679882
3.0, -7.0, 0.013114690780639648, 2.693409232263069e-09, 0.19325566291809082, 0.024299842202023428
3.0, -7.5, 0.014000892639160156, 2.6934077006803914e-09, 0.19741106033325195, 0.02429984122966933
3.0, -8.0, 0.01592230796813965, 2.693407117805197e-09, 0.21990180015563965, 0.024299840537253394
3.0, -8.5, 0.020442485809326172, 2.6934069323298633e-09, 0.29120659828186035, 0.02429984279982539
3.0, -9.0, 0.022878408432006836, 2.693406868662325e-09, 0.3226943016052246, 0.024299843023511562
3.0, -9.5, 0.026425838470458984, 2.693406848037252e-09, 0.38457655906677246, 0.02429984318788591
3.0, -10.0, 0.038843631744384766, 2.693406841327693e-09, 0.5212051868438721, 0.02429984324558831
3.0, -10.5, 0.0394282341003418, 2.693406839172477e-09, 0.5830087661743164, 0.024299843267433324
3.0, -11.0, 0.04862403869628906, 2.6934068384718075e-09, 0.6975572109222412, 0.024299843273734564
3.0, -11.5, 0.06512761116027832, 2.6934068382492723e-09, 0.9255411624908447, 0.02429984327621028
3.0, -12.0, 0.08310747146606445, 2.6934068381781365e-09, 1.3302109241485596, 0.02429984327694601
3.0, -12.5, 0.07681536674499512, 2.693406838165286e-09, 1.0652713775634766, 0.024299843277076436
3.0, -13.0, 0.07805109024047852, 2.693406838159291e-09, 1.1190533638000488, 0.024299843277131156
3.0, -13.5, 0.09261631965637207, 2.6934068381569155e-09, 1.322309970855713, 0.0242998432771299
3.0, -14.0, 0.08317041397094727, 2.6934068381560156e-09, 1.2505109310150146, 0.024299843277123905
3.0, -14.5, 0.08480215072631836, 2.6934068381558204e-09, 1.2742044925689697, 0.02429984327711748
3.0, -15.0, 0.10071992874145508, 2.6934068381558816e-09, 1.5532710552215576, 0.02429984327711462
3.0, -15.5, 0.0970909595489502, 2.693406838155611e-09, 1.4941401481628418, 0.024299843277114246
3.0, -16.0, 0.10243058204650879, 2.6934068381557778e-09, 1.8565106391906738, 0.02429984327711563
3.0, -16.5, 0.09083080291748047, 2.6934068381554663e-09, 1.438966989517212, 0.0242998432771144
3.0, -17.0, 0.0950779914855957, 2.6934068381545825e-09, 1.522705316543579, 0.024299843277115856
3.0, -17.5, 0.09787487983703613, 2.693406838153915e-09, 1.542464017868042, 0.024299843277114284
3.0, -18.0, 0.10098624229431152, 2.693406838153071e-09, 1.5961086750030518, 0.024299843277116897
3.5, -5.0, 0.012308835983276367, 2.6977495850731954e-09, 0.16623401641845703, 0.02434723269048228
3.5, -5.5, 0.01222372055053711, 2.6975398841016434e-09, 0.16660761833190918, 0.024347294579820322
3.5, -6.0, 0.0127410888671875, 2.6974724190979143e-09, 0.16905879974365234, 0.024347353561075723
3.5, -6.5, 0.011786937713623047, 2.6974426710379494e-09, 0.15819001197814941, 0.024347467838810626
3.5, -7.0, 0.013122081756591797, 2.697432470922808e-09, 0.17836594581604004, 0.024347476605126896
3.5, -7.5, 0.017148494720458984, 2.697429185658468e-09, 0.23602294921875, 0.024347478999466737
3.5, -8.0, 0.043768882751464844, 2.6974280343122857e-09, 0.3003089427947998, 0.024347482032416223
3.5, -8.5, 0.020046234130859375, 2.6974276526460858e-09, 0.2785346508026123, 0.024347483089001597
3.5, -9.0, 0.024900197982788086, 2.6974275283488733e-09, 0.34104251861572266, 0.02434748342211655
3.5, -9.5, 0.03342700004577637, 2.697427487140783e-09, 0.45793724060058594, 0.024347483561238607
3.5, -10.0, 0.04126429557800293, 2.697427474019198e-09, 0.5746438503265381, 0.024347483607730622
3.5, -10.5, 0.04317831993103027, 2.6974274697735986e-09, 0.6097452640533447, 0.0243474836222844
3.5, -11.0, 0.05418276786804199, 2.6974274684180518e-09, 0.7554564476013184, 0.024347483627213513
3.5, -11.5, 0.06657624244689941, 2.697427467983364e-09, 0.9248936176300049, 0.024347483628822837
3.5, -12.0, 0.08341407775878906, 2.6974274678455808e-09, 1.1654551029205322, 0.02434748362933384
3.5, -12.5, 0.09597253799438477, 2.6974274678220582e-09, 1.2959222793579102, 0.024347483629346387
3.5, -13.0, 0.10048937797546387, 2.697427467811259e-09, 1.3738160133361816, 0.02434748362934077
3.5, -13.5, 0.10373449325561523, 2.6974274678059534e-09, 1.434520959854126, 0.024347483629345145
3.5, -14.0, 0.10623359680175781, 2.69742746780379e-09, 1.4844636917114258, 0.02434748362937126
3.5, -14.5, 0.09444475173950195, 2.6974274678029946e-09, 1.347520112991333, 0.02434748362939205
3.5, -15.0, 0.09820675849914551, 2.6974274678027225e-09, 1.434830904006958, 0.024347483629400507
3.5, -15.5, 0.10042524337768555, 2.6974274678026972e-09, 1.4605536460876465, 0.024347483629397322
3.5, -16.0, 0.11225414276123047, 2.6974274678025144e-09, 1.6609280109405518, 0.02434748362939752
3.5, -16.5, 0.1148383617401123, 2.6974274678024404e-09, 1.7350785732269287, 0.024347483629397183
3.5, -17.0, 0.10680270195007324, 2.697427467801971e-09, 1.596543788909912, 0.024347483629396673
3.5, -17.5, 0.11840248107910156, 2.6974274678007505e-09, 1.8115355968475342, 0.024347483629393644
3.5, -18.0, 0.12203145027160645, 2.6974274677994328e-09, 1.8354878425598145, 0.024347483629395157
4.0, -5.0, 0.012038230895996094, 2.699895821680654e-09, 0.16614747047424316, 0.024999956290503045
4.0, -5.5, 0.01244044303894043, 2.699467130938955e-09, 0.16872382164001465, 0.024999902448527057
4.0, -6.0, 0.02754497528076172, 2.6993098636665104e-09, 0.19185876846313477, 0.024999933789173735
4.0, -6.5, 0.013008594512939453, 2.6992537054688853e-09, 0.1664261817932129, 0.025000060071014806
4.0, -7.0, 0.014398813247680664, 2.6992337361195883e-09, 0.19356703758239746, 0.025000071105676494
4.0, -7.5, 0.018515348434448242, 2.6992270662072722e-09, 0.25043225288391113, 0.025000074013950033
4.0, -8.0, 0.01994633674621582, 2.6992248173675602e-09, 0.25348925590515137, 0.02500007655876687
4.0, -8.5, 0.025383472442626953, 2.6992240941029824e-09, 0.3417823314666748, 0.02500007809116493
4.0, -9.0, 0.031685590744018555, 2.6992238555172514e-09, 0.4282522201538086, 0.025000078515287044
4.0, -9.5, 0.03437328338623047, 2.6992237791914864e-09, 0.44362306594848633, 0.025000078669224723
4.0, -10.0, 0.04172229766845703, 2.6992237544366912e-09, 0.5307636260986328, 0.025000078727024776
4.0, -10.5, 0.051906585693359375, 2.699223746558439e-09, 0.664130449295044, 0.02500007874603524
4.0, -11.0, 0.07050943374633789, 2.6992237440366077e-09, 0.9354274272918701, 0.025000078751857294
4.0, -11.5, 0.09552288055419922, 2.6992237432326618e-09, 1.2849400043487549, 0.025000078753824335
4.0, -12.0, 0.10523843765258789, 2.699223742975275e-09, 1.3873317241668701, 0.02500007875447852
4.0, -12.5, 0.10921239852905273, 2.6992237429315e-09, 1.4196877479553223, 0.02500007875447665
4.0, -13.0, 0.10656023025512695, 2.699223742911501e-09, 1.35257887840271, 0.025000078754474367
4.0, -13.5, 0.11887621879577637, 2.6992237429027052e-09, 1.5147252082824707, 0.025000078754478454
4.0, -14.0, 0.1098473072052002, 2.6992237428979787e-09, 1.393470048904419, 0.025000078754476827
4.0, -14.5, 0.1269996166229248, 2.699223742896185e-09, 1.6380069255828857, 0.02500007875450252
4.0, -15.0, 0.1284351348876953, 2.699223742895611e-09, 1.6653616428375244, 0.025000078754519664
4.0, -15.5, 0.1183311939239502, 2.699223742895397e-09, 1.628014087677002, 0.025000078754532563
4.0, -16.0, 0.13573908805847168, 2.6992237428951746e-09, 1.8372416496276855, 0.02500007875453323
4.0, -16.5, 0.12145853042602539, 2.699223742895401e-09, 1.6784815788269043, 0.02500007875453456
4.0, -17.0, 0.24213242530822754, 2.6992237428949504e-09, 1.9855172634124756, 0.02500007875453111
4.0, -17.5, 0.13848567008972168, 2.699223742894311e-09, 1.9586427211761475, 0.025000078754527467
4.0, -18.0, 0.14066600799560547, 2.699223742892687e-09, 2.015705108642578, 0.025000078754523904
4.5, -5.0, 0.013120651245117188, 2.7012159396617113e-09, 0.15954089164733887, 0.02532580916802978
4.5, -5.5, 0.014954090118408203, 2.700310789634059e-09, 0.19113588333129883, 0.02532584405728498
4.5, -6.0, 0.016875028610229492, 2.7000022053795047e-09, 0.20067048072814941, 0.025325973503000494
4.5, -6.5, 0.01565408706665039, 2.6998887693968612e-09, 0.18811535835266113, 0.025326034922052952
4.5, -7.0, 0.021198034286499023, 2.6998482686180094e-09, 0.25238537788391113, 0.025326042093111505
4.5, -7.5, 0.02257561683654785, 2.6998348296666594e-09, 0.28073620796203613, 0.02532604220594507
4.5, -8.0, 0.025765419006347656, 2.699830312408609e-09, 0.3040175437927246, 0.025326044899273183
4.5, -8.5, 0.029142141342163086, 2.6998288681339933e-09, 0.3550605773925781, 0.02532604520136343
4.5, -9.0, 0.03966975212097168, 2.699828398815977e-09, 0.49937939643859863, 0.02532604536201456
4.5, -9.5, 0.04292654991149902, 2.699828249068748e-09, 0.504237174987793, 0.025326045412819284
4.5, -10.0, 0.05216097831726074, 2.699828201413006e-09, 0.646350622177124, 0.025326045441016735
4.5, -10.5, 0.07503747940063477, 2.6998281861637586e-09, 0.8495299816131592, 0.0253260454475655
4.5, -11.0, 0.0905148983001709, 2.699828181321685e-09, 1.0435388088226318, 0.025326045449896743
4.5, -11.5, 0.09853386878967285, 2.69982817977825e-09, 1.16202712059021, 0.025326045450625202
4.5, -12.0, 0.12204337120056152, 2.699828179288889e-09, 1.4285380840301514, 0.02532604545086012
4.5, -12.5, 0.14009308815002441, 2.6998281792085614e-09, 1.631556510925293, 0.025326045450823707
4.5, -13.0, 0.15051579475402832, 2.6998281791666994e-09, 1.738185167312622, 0.025326045450801964
4.5, -13.5, 0.1512298583984375, 2.69982817915047e-09, 1.7154555320739746, 0.02532604545080826
4.5, -14.0, 0.15226960182189941, 2.6998281791435884e-09, 1.7776861190795898, 0.02532604545077221
4.5, -14.5, 0.15129804611206055, 2.6998281791389024e-09, 1.7193052768707275, 0.025326045450742317
4.5, -15.0, 0.21137332916259766, 2.6998281791374586e-09, 2.0329086780548096, 0.025326045450767415
4.5, -15.5, 0.15465426445007324, 2.699828179136632e-09, 1.8876338005065918, 0.025326045450791115
4.5, -16.0, 0.17532134056091309, 2.6998281791363783e-09, 2.1757168769836426, 0.02532604545080172
4.5, -16.5, 0.15554547309875488, 2.6998281791363907e-09, 2.0320565700531006, 0.025326045450796114
4.5, -17.0, 0.16483426094055176, 2.6998281791360375e-09, 2.099623441696167, 0.02532604545079457
4.5, -17.5, 0.18148589134216309, 2.6998281791356677e-09, 2.3715057373046875, 0.02532604545079007
4.5, -18.0, 0.18158245086669922, 2.699828179134393e-09, 2.5368289947509766, 0.025326045450790872
5.0, -5.0, 0.01463627815246582, 2.7025221267190883e-09, 0.1741013526916504, 0.02573599397709397
5.0, -5.5, 0.017739295959472656, 2.7008459575662026e-09, 0.2096264362335205, 0.02573205455964031
5.0, -6.0, 0.01952672004699707, 2.7002938019781747e-09, 0.22604799270629883, 0.025730291926698342
5.0, -6.5, 0.020962953567504883, 2.7000881761540912e-09, 0.24339532852172852, 0.0257298349287181
5.0, -7.0, 0.023426294326782227, 2.700018649942935e-09, 0.2754201889038086, 0.02572964499647355
5.0, -7.5, 0.02537059783935547, 2.699995023864895e-09, 0.30453920364379883, 0.025729580165441267
5.0, -8.0, 0.030376195907592773, 2.699987406596662e-09, 0.35018348693847656, 0.025729563337876866
5.0, -8.5, 0.03737044334411621, 2.699984893202798e-09, 0.41744399070739746, 0.025729558923620867
5.0, -9.0, 0.05167746543884277, 2.6999840857902126e-09, 0.5999131202697754, 0.025729557990685284
5.0, -9.5, 0.05453896522521973, 2.6999838301252876e-09, 0.612468957901001, 0.025729557655401043
5.0, -10.0, 0.0670008659362793, 2.699983748394229e-09, 0.7328488826751709, 0.025729557568025564
5.0, -10.5, 0.08232402801513672, 2.6999837224069012e-09, 0.8978135585784912, 0.025729557542898986
5.0, -11.0, 0.1021721363067627, 2.6999837141411985e-09, 1.090240716934204, 0.025729557535071872
5.0, -11.5, 0.12948083877563477, 2.69998371151648e-09, 1.4230492115020752, 0.025729557532636633
5.0, -12.0, 0.18212676048278809, 2.699983710685346e-09, 1.9618782997131348, 0.025729557531916435
5.0, -12.5, 0.1880662441253662, 2.699983710550241e-09, 2.0343334674835205, 0.025729557531928314
5.0, -13.0, 0.1946723461151123, 2.699983710478549e-09, 1.9968979358673096, 0.025729557531962995
5.0, -13.5, 0.2067415714263916, 2.699983710449511e-09, 2.0871164798736572, 0.025729557531990667
5.0, -14.0, 0.19429492950439453, 2.6999837104389606e-09, 2.015620708465576, 0.0257295575318626
5.0, -14.5, 0.21941351890563965, 2.6999837104338726e-09, 2.29557466506958, 0.025729557531602477
5.0, -15.0, 0.22512269020080566, 2.699983710430107e-09, 2.4758753776550293, 0.02572955753134979
5.0, -15.5, 0.20051217079162598, 2.699983710428159e-09, 2.212714910507202, 0.025729557531252462
5.0, -16.0, 0.19975066184997559, 2.699983710427778e-09, 2.289055109024048, 0.02572955753120395
5.0, -16.5, 0.20786786079406738, 2.699983710427533e-09, 2.4366886615753174, 0.025729557531191556
5.0, -17.0, 0.21132326126098633, 2.6999837104275893e-09, 2.512587547302246, 0.025729557531183934
5.0, -17.5, 0.2473740577697754, 2.699983710426695e-09, 2.943218231201172, 0.025729557531181627
5.0, -18.0, 0.25960206985473633, 2.6999837104255842e-09, 3.5031936168670654, 0.025729557531173418
5.5, -5.0, 0.017621755599975586, 2.7044550177815567e-09, 0.2050321102142334, 0.02563124737487723
5.5, -5.5, 0.022612571716308594, 2.7014603706180293e-09, 0.24399781227111816, 0.025643190159611296
5.5, -6.0, 0.02527928352355957, 2.700497461422559e-09, 0.26504945755004883, 0.025646788460641712
5.5, -6.5, 0.027757644653320312, 2.7001511997929265e-09, 0.29364442825317383, 0.025648052876119622
5.5, -7.0, 0.031032800674438477, 2.7000289436420246e-09, 0.34750819206237793, 0.025648492206178465
5.5, -7.5, 0.035048484802246094, 2.6999885671568333e-09, 0.3770105838775635, 0.025648602544697145
5.5, -8.0, 0.039694786071777344, 2.69997551644028e-09, 0.42343950271606445, 0.025648633610821394
5.5, -8.5, 0.04822587966918945, 2.6999712768109123e-09, 0.500718355178833, 0.025648644644685095
5.5, -9.0, 0.0598599910736084, 2.6999699218370108e-09, 0.6265897750854492, 0.02564864780846182
5.5, -9.5, 0.07493352890014648, 2.6999694876844987e-09, 0.7677099704742432, 0.025648648932889824
5.5, -10.0, 0.09630918502807617, 2.699969349493501e-09, 1.0065793991088867, 0.025648649272047568
5.5, -10.5, 0.12152767181396484, 2.699969305604992e-09, 1.2149646282196045, 0.02564864938029682
5.5, -11.0, 0.16545438766479492, 2.699969291688037e-09, 1.669809341430664, 0.02564864941569478
5.5, -11.5, 0.21384716033935547, 2.6999692872812816e-09, 2.1410255432128906, 0.025648649426872883
5.5, -12.0, 0.22846364974975586, 2.6999692858847195e-09, 2.308842182159424, 0.025648649430452412
5.5, -12.5, 0.23926639556884766, 2.6999692856594137e-09, 2.3382978439331055, 0.02564864943044591
5.5, -13.0, 0.27663159370422363, 2.6999692855369868e-09, 2.7078328132629395, 0.025648649430454043
5.5, -13.5, 0.28927183151245117, 2.69996928548594e-09, 2.8009960651397705, 0.02564864943043711
5.5, -14.0, 0.2877521514892578, 2.6999692854675355e-09, 2.8168177604675293, 0.025648649430598337
5.5, -14.5, 0.29242587089538574, 2.6999692854610835e-09, 2.8788435459136963, 0.02564864943107783
5.5, -15.0, 0.28182101249694824, 2.699969285456404e-09, 2.845811605453491, 0.025648649431695376
5.5, -15.5, 0.2824535369873047, 2.699969285452783e-09, 2.959912061691284, 0.02564864943202098
5.5, -16.0, 0.28748512268066406, 2.6999692854511002e-09, 3.192207098007202, 0.025648649432137398
5.5, -16.5, 0.3266129493713379, 2.6999692854512346e-09, 3.6512200832366943, 0.025648649432204195
5.5, -17.0, 0.28272485733032227, 2.699969285450767e-09, 3.3011295795440674, 0.02564864943222037
5.5, -17.5, 0.2825345993041992, 2.699969285450303e-09, 3.386218547821045, 0.0256486494322259
5.5, -18.0, 0.2875194549560547, 2.6999692854492664e-09, 3.47670841217041, 0.0256486494322315
6.0, -5.0, 0.02259039878845215, 2.7073196217899085e-09, 0.24269628524780273, 0.025522848267213124
6.0, -5.5, 0.027632474899291992, 2.7024417496030507e-09, 0.2827339172363281, 0.02555382491901743
6.0, -6.0, 0.034539222717285156, 2.700860828508699e-09, 0.35384583473205566, 0.02556068557879127
6.0, -6.5, 0.039528846740722656, 2.7002963980792543e-09, 0.4042820930480957, 0.02556270885279218
6.0, -7.0, 0.04543304443359375, 2.7000964640696506e-09, 0.5154292583465576, 0.025563453375892168
6.0, -7.5, 0.05342268943786621, 2.7000302265665493e-09, 0.5485749244689941, 0.02556361911604953
6.0, -8.0, 0.06402826309204102, 2.700008814130566e-09, 0.6400253772735596, 0.025563663503413343
6.0, -8.5, 0.07505965232849121, 2.7000019257059134e-09, 0.7550575733184814, 0.025563683955528833
6.0, -9.0, 0.09356069564819336, 2.699999707626737e-09, 0.9269957542419434, 0.025563691197313335
6.0, -9.5, 0.1013333797454834, 2.699998996488382e-09, 1.0112559795379639, 0.02556369324138647
6.0, -10.0, 0.1349639892578125, 2.699998770200769e-09, 1.331411600112915, 0.025563693844581365
6.0, -10.5, 0.1674332618713379, 2.6999986983954584e-09, 1.6002998352050781, 0.025563694034205213
6.0, -11.0, 0.21833300590515137, 2.699998675501411e-09, 2.0863611698150635, 0.025563694094203282
6.0, -11.5, 0.2965271472930908, 2.6999986682466793e-09, 2.8697996139526367, 0.025563694112763418
6.0, -12.0, 0.333601713180542, 2.6999986659496376e-09, 3.219423770904541, 0.025563694118453006
6.0, -12.5, 0.39328765869140625, 2.6999986655805136e-09, 3.736525535583496, 0.025563694118305707
6.0, -13.0, 0.3602626323699951, 2.6999986653797515e-09, 3.3245036602020264, 0.025563694118432713
6.0, -13.5, 0.38434481620788574, 2.6999986652905165e-09, 3.4286465644836426, 0.025563694118104975
6.0, -14.0, 0.45174336433410645, 2.699998665257882e-09, 4.031836986541748, 0.02556369411815028
6.0, -14.5, 0.3750295639038086, 2.6999986652459493e-09, 3.4017388820648193, 0.025563694119586894
6.0, -15.0, 0.380462646484375, 2.6999986652418018e-09, 3.6659579277038574, 0.02556369412058957
6.0, -15.5, 0.38370561599731445, 2.699998665237366e-09, 3.947378158569336, 0.02556369412084863
6.0, -16.0, 0.45227932929992676, 2.6999986652347724e-09, 4.798802137374878, 0.025563694120948027
6.0, -16.5, 0.4541351795196533, 2.699998665232662e-09, 5.027490615844727, 0.025563694120967102
6.0, -17.0, 0.44238781929016113, 2.699998665231938e-09, 5.030354738235474, 0.02556369412098238
6.0, -17.5, 0.4461827278137207, 2.699998665231561e-09, 5.198471307754517, 0.025563694120961322
6.0, -18.0, 0.47321295738220215, 2.6999986652313834e-09, 5.760791540145874, 0.025563694120969895
6.5, -5.0, 0.03222846984863281, 2.7131453225863792e-09, 0.32683801651000977, 0.025862780560299753
6.5, -5.5, 0.04000139236450195, 2.7044471119738083e-09, 0.39613795280456543, 0.025721846347050985
6.5, -6.0, 0.04638671875, 2.701535882757265e-09, 0.44034624099731445, 0.025673055861323256
6.5, -6.5, 0.054122209548950195, 2.700527507268082e-09, 0.5339205265045166, 0.02565692387316037
6.5, -7.0, 0.0702672004699707, 2.70017330061753e-09, 0.6849966049194336, 0.025652599048936003
6.5, -7.5, 0.07730603218078613, 2.700055195246265e-09, 0.7796709537506104, 0.025651291626332492
6.5, -8.0, 0.10458254814147949, 2.700016793672609e-09, 1.035595417022705, 0.02565093103057146
6.5, -8.5, 0.10911226272583008, 2.7000044273497657e-09, 1.0747711658477783, 0.025650826466452968
6.5, -9.0, 0.13612961769104004, 2.7000004804602783e-09, 1.3413772583007812, 0.025650795764332802
6.5, -9.5, 0.170332670211792, 2.6999992142904884e-09, 1.6552801132202148, 0.0256507861107033
6.5, -10.0, 0.22373557090759277, 2.699998812905016e-09, 2.0944106578826904, 0.02565078312593374
6.5, -10.5, 0.27317237854003906, 2.6999986851903504e-09, 2.5580856800079346, 0.025650782199836786
6.5, -11.0, 0.33831143379211426, 2.699998644660556e-09, 3.2311081886291504, 0.025650781909519554
6.5, -11.5, 0.43365025520324707, 2.6999986318236215e-09, 4.080085515975952, 0.025650781818067816
6.5, -12.0, 0.515355110168457, 2.6999986277535045e-09, 4.892314434051514, 0.025650781789335515
6.5, -12.5, 0.6229069232940674, 2.6999986271046032e-09, 5.710246324539185, 0.025650781789310108
6.5, -13.0, 0.6516284942626953, 2.6999986267456445e-09, 5.8273046016693115, 0.02565078178950667
6.5, -13.5, 0.709481954574585, 2.699998626581886e-09, 5.969005584716797, 0.025650781790180148
6.5, -14.0, 0.6758773326873779, 2.6999986265183737e-09, 6.014771461486816, 0.025650781789338415
6.5, -14.5, 0.6503036022186279, 2.6999986264964654e-09, 5.6692795753479, 0.025650781783533815
6.5, -15.0, 0.7281796932220459, 2.699998626488687e-09, 6.774493455886841, 0.025650781777526555
6.5, -15.5, 0.7491133213043213, 2.6999986264856467e-09, 7.492581129074097, 0.025650781775064767
6.5, -16.0, 0.6743216514587402, 2.6999986264816225e-09, 6.994930982589722, 0.025650781774204306
6.5, -16.5, 0.7379286289215088, 2.699998626478602e-09, 8.186641454696655, 0.025650781773816102
6.5, -17.0, 0.6381330490112305, 2.6999986264766367e-09, 7.365572452545166, 0.02565078177371688
6.5, -17.5, 0.7673153877258301, 2.6999986264763228e-09, 9.121145725250244, 0.025650781773636406
6.5, -18.0, 0.6407265663146973, 2.6999986264761896e-09, 7.983475685119629, 0.025650781773633773
7.0, -5.0, 0.04508042335510254, 2.721065629601499e-09, 0.45196080207824707, 0.02574180102413657
7.0, -5.5, 0.0588526725769043, 2.707139694832284e-09, 0.5425517559051514, 0.02563845729571948
7.0, -6.0, 0.06945586204528809, 2.7024425208321727e-09, 0.6295442581176758, 0.025593165573785593
7.0, -6.5, 0.07993030548095703, 2.700844611421745e-09, 0.7433643341064453, 0.025578348504538623
7.0, -7.0, 0.09770798683166504, 2.7002778887275683e-09, 0.9199309349060059, 0.025573647185568715
7.0, -7.5, 0.12348389625549316, 2.7000895098720166e-09, 1.1255886554718018, 0.025572106699910443
7.0, -8.0, 0.1449110507965088, 2.7000270673046053e-09, 1.3345720767974854, 0.025571598354128852
7.0, -8.5, 0.1741163730621338, 2.7000070915544698e-09, 1.6385958194732666, 0.025571436947766556
7.0, -9.0, 0.24225473403930664, 2.7000006816285543e-09, 2.231776714324951, 0.02557138438159942
7.0, -9.5, 0.30156445503234863, 2.699998634973359e-09, 2.767730236053467, 0.025571367280431766
7.0, -10.0, 0.36847710609436035, 2.699997985780818e-09, 3.354999303817749, 0.025571361824258457
7.0, -10.5, 0.4585087299346924, 2.6999977788258595e-09, 4.216207265853882, 0.025571360067214697
7.0, -11.0, 0.5503923892974854, 2.699997713351894e-09, 5.117650508880615, 0.025571359503981844
7.0, -11.5, 0.6695022583007812, 2.6999976925314176e-09, 6.276611566543579, 0.025571359324661064
7.0, -12.0, 0.9343292713165283, 2.69999768593484e-09, 8.61208176612854, 0.025571359267589848
7.0, -12.5, 0.8259613513946533, 2.699997684894605e-09, 7.554321050643921, 0.0255713592675395
7.0, -13.0, 0.8640570640563965, 2.699997684312841e-09, 7.555728197097778, 0.02557135926748032
7.0, -13.5, 0.9525072574615479, 2.6999976840431407e-09, 8.182231664657593, 0.02557135926733921
7.0, -14.0, 0.9879014492034912, 2.6999976839337904e-09, 8.28215742111206, 0.02557135926461986
7.0, -14.5, 1.0101284980773926, 2.6999976838947247e-09, 8.759853839874268, 0.02557135925678634
7.0, -15.0, 1.2195136547088623, 2.6999976838812466e-09, 10.338490724563599, 0.0255713592464534
7.0, -15.5, 0.9436583518981934, 2.699997683876557e-09, 9.495063543319702, 0.025571359241721537
7.0, -16.0, 0.9435205459594727, 2.6999976838740803e-09, 10.342015981674194, 0.025571359239348404
7.0, -16.5, 1.026078224182129, 2.6999976838701157e-09, 11.306957483291626, 0.025571359238176754
7.0, -17.0, 1.1184659004211426, 2.699997683866815e-09, 13.069628715515137, 0.025571359237658145
7.0, -17.5, 1.164876937866211, 2.6999976838648155e-09, 14.318638563156128, 0.025571359237480412
7.0, -18.0, 1.1598849296569824, 2.6999976838635545e-09, 15.218456745147705, 0.02557135923740426
7.5, -5.0, 0.07798957824707031, 2.7342296943229803e-09, 0.7633392810821533, 0.0266018808075425
7.5, -5.5, 0.09499239921569824, 2.7116506465215075e-09, 0.8619277477264404, 0.025934142796585596
7.5, -6.0, 0.11036491394042969, 2.703953259656521e-09, 0.9744477272033691, 0.02573813745754865
7.5, -6.5, 0.12332868576049805, 2.701373891169555e-09, 1.137589454650879, 0.025673465317205053
7.5, -7.0, 0.15482831001281738, 2.7004513435654763e-09, 1.4869062900543213, 0.025656821409091632
7.5, -7.5, 0.17771601676940918, 2.7001455106764957e-09, 1.6638150215148926, 0.025651385011617227
7.5, -8.0, 0.2417283058166504, 2.7000457593540697e-09, 2.2736427783966064, 0.025649743546750283
7.5, -8.5, 0.27859973907470703, 2.700013663261899e-09, 2.692023277282715, 0.025649216323811657
7.5, -9.0, 0.32854390144348145, 2.700003328831276e-09, 2.942026376724243, 0.025649056097390134
7.5, -9.5, 0.4065384864807129, 2.70000004041543e-09, 3.6745951175689697, 0.025649008428751802
7.5, -10.0, 0.5620603561401367, 2.699998998825674e-09, 5.014902114868164, 0.025648993872866004
7.5, -10.5, 0.6791603565216064, 2.6999986648619828e-09, 6.0433807373046875, 0.025648989513843104
7.5, -11.0, 0.9275166988372803, 2.6999985593182195e-09, 8.269620895385742, 0.02564898820449578
7.5, -11.5, 1.0719900131225586, 2.699998525800467e-09, 9.455268859863281, 0.02564898779747597
7.5, -12.0, 1.3297245502471924, 2.6999985151492444e-09, 12.037707567214966, 0.025648987674038885
7.5, -12.5, 1.3032269477844238, 2.6999985134822173e-09, 11.620177745819092, 0.02564898767646183
7.5, -13.0, 1.425464391708374, 2.699998512542929e-09, 12.153671979904175, 0.02564898767688454
7.5, -13.5, 1.4578583240509033, 2.6999985121041216e-09, 12.422350645065308, 0.02564898768240665
7.5, -14.0, 1.6631720066070557, 2.699998511922655e-09, 13.810497522354126, 0.025648987679412524
7.5, -14.5, 1.6334846019744873, 2.699998511856406e-09, 13.869625568389893, 0.02564898764702722
7.5, -15.0, 1.6429767608642578, 2.6999985118337e-09, 14.778193712234497, 0.025648987622079285
7.5, -15.5, 1.5419228076934814, 2.6999985118250776e-09, 14.54709529876709, 0.025648987616552724
7.5, -16.0, 1.8075013160705566, 2.699998511822336e-09, 19.3193097114563, 0.025648987615780636
7.5, -16.5, 1.5739290714263916, 2.6999985118218078e-09, 17.287604331970215, 0.0256489876154588
7.5, -17.0, 1.5788912773132324, 2.6999985118168753e-09, 19.09343433380127, 0.025648987615260174
7.5, -17.5, 1.6012659072875977, 2.6999985118125165e-09, 20.82611632347107, 0.02564898761535539
7.5, -18.0, 1.7402756214141846, 2.6999985118117422e-09, 23.119903802871704, 0.025648987615243143
8.0, -5.0, 0.1165609359741211, 2.7558171679775175e-09, 1.09135103225708, 0.02256621550808765
8.0, -5.5, 0.13789653778076172, 2.718605509319738e-09, 1.2320334911346436, 0.02464900568410276
8.0, -6.0, 0.19185161590576172, 2.706294762191803e-09, 1.6431255340576172, 0.025290855101636076
8.0, -6.5, 0.21925783157348633, 2.7021949893192137e-09, 1.9852514266967773, 0.02550022617497312
8.0, -7.0, 0.2411184310913086, 2.70072408541082e-09, 2.28029203414917, 0.02556622013602996
8.0, -7.5, 0.3096346855163574, 2.7002339284741965e-09, 2.8896164894104004, 0.025586386801709018
8.0, -8.0, 0.3496241569519043, 2.700074145132713e-09, 3.2257089614868164, 0.025592669153632116
8.0, -8.5, 0.4330768585205078, 2.7000225447161948e-09, 3.9387900829315186, 0.025594702957354973
8.0, -9.0, 0.6145732402801514, 2.70000606975885e-09, 5.479218006134033, 0.025595319783097877
8.0, -9.5, 0.6757738590240479, 2.7000008032241937e-09, 6.011357069015503, 0.025595512278827583
8.0, -10.0, 0.840134859085083, 2.6999991209472393e-09, 7.627386093139648, 0.0255955717509281
8.0, -10.5, 1.0849709510803223, 2.6999985869654163e-09, 9.976277112960815, 0.025595590279648864
8.0, -11.0, 1.375241756439209, 2.699998417073365e-09, 12.282504558563232, 0.025595596058370206
8.0, -11.5, 1.666693925857544, 2.69999836326056e-09, 15.071692705154419, 0.02559559785254659
8.0, -12.0, 2.0658962726593018, 2.699998346177259e-09, 17.989495038986206, 0.025595598413250188
8.0, -12.5, 2.2586216926574707, 2.699998343518107e-09, 20.19326663017273, 0.02559559840835814
8.0, -13.0, 2.587430238723755, 2.6999983420050215e-09, 21.748509883880615, 0.02559559840454736
8.0, -13.5, 2.3289268016815186, 2.699998341294245e-09, 18.787403345108032, 0.02559559838362914
8.0, -14.0, 2.4152653217315674, 2.699998340995896e-09, 19.536757230758667, 0.025595598395113536
8.0, -14.5, 2.7668442726135254, 2.699998340883624e-09, 22.99412703514099, 0.025595598530846107
8.0, -15.0, 2.740255355834961, 2.69999834084513e-09, 24.00745177268982, 0.025595598642851814
8.0, -15.5, 2.681001663208008, 2.6999983408302034e-09, 25.895785093307495, 0.025595598669836957
8.0, -16.0, 2.530050754547119, 2.6999983408266895e-09, 27.044908046722412, 0.02559559867515812
8.0, -16.5, 2.344431161880493, 2.6999983408253424e-09, 28.527342796325684, 0.025595598676370263
8.0, -17.0, 2.541212558746338, 2.6999983408223063e-09, 32.361841917037964, 0.02559559867635553
8.0, -17.5, 2.7203638553619385, 2.6999983408173767e-09, 35.69878315925598, 0.025595598676862317
8.0, -18.0, 2.842919111251831, 2.699998340813995e-09, 40.94345664978027, 0.02559559867783921
8.5, -5.0, 0.1807878017425537, 2.797616719315391e-09, 1.6387510299682617, 0.03648288588670143
8.5, -5.5, 0.2287757396697998, 2.7325099187643917e-09, 1.998241901397705, 0.029353046014775893
8.5, -6.0, 0.26896238327026367, 2.7109161798970192e-09, 2.288261651992798, 0.026788700367324673
8.5, -6.5, 0.36850857734680176, 2.7038120817404076e-09, 3.489915370941162, 0.025994615409385437
8.5, -7.0, 0.38725709915161133, 2.7012595096128637e-09, 3.543604850769043, 0.02574197990164735
8.5, -7.5, 0.47567129135131836, 2.7004071388606665e-09, 4.327641248703003, 0.025665912475257742
8.5, -8.0, 0.5572843551635742, 2.7001300952181813e-09, 5.163238763809204, 0.025645459391576905
8.5, -8.5, 0.7451932430267334, 2.700040600502754e-09, 6.891312599182129, 0.02563956063663593
8.5, -9.0, 1.004079818725586, 2.7000120885823548e-09, 8.931667566299438, 0.025637725216751384
8.5, -9.5, 1.1256024837493896, 2.7000029175841594e-09, 9.896039485931396, 0.02563714978227473
8.5, -10.0, 1.4183285236358643, 2.700000010516317e-09, 12.801436185836792, 0.025636967418462386
8.5, -10.5, 1.8572111129760742, 2.699999083170577e-09, 16.50621485710144, 0.025636910273126576
8.5, -11.0, 2.2903120517730713, 2.699998788939897e-09, 20.34013557434082, 0.02563689230620673
8.5, -11.5, 3.206246852874756, 2.699998695591752e-09, 29.363647937774658, 0.025636886643981553
8.5, -12.0, 3.36293625831604, 2.699998665983351e-09, 29.744213104248047, 0.025636884856954964
8.5, -12.5, 3.7477035522460938, 2.6999986613800404e-09, 32.43282103538513, 0.025636884860969166
8.5, -13.0, 3.872684955596924, 2.69999865876816e-09, 32.333027601242065, 0.025636884874523924
8.5, -13.5, 3.804110527038574, 2.6999986575286217e-09, 31.582026958465576, 0.02563688493289897
8.5, -14.0, 4.425978183746338, 2.699998657005669e-09, 35.62830352783203, 0.02563688489738411
8.5, -14.5, 4.157797574996948, 2.699998656805283e-09, 34.45618271827698, 0.025636884491480362
8.5, -15.0, 4.428442716598511, 2.6999986567331565e-09, 38.66960906982422, 0.025636884132393314
8.5, -15.5, 4.17925238609314, 2.6999986567074336e-09, 41.17778491973877, 0.02563688403886881
8.5, -16.0, 4.809697389602661, 2.699998656699642e-09, 52.65229678153992, 0.025636884020511914
8.5, -16.5, 4.597820281982422, 2.6999986566969433e-09, 58.512330293655396, 0.025636884016599432
8.5, -17.0, 4.750743865966797, 2.6999986566964028e-09, 64.54635739326477, 0.025636884014740898
8.5, -17.5, 4.094036102294922, 2.6999986566943224e-09, 59.989925146102905, 0.025636884013480455
8.5, -18.0, 4.673733472824097, 2.699998656688545e-09, 72.37751817703247, 0.025636884014155807
9.0, -5.0, 0.30974626541137695, 2.8577341236842384e-09, 2.81449294090271, 0.02103162338001591
9.0, -5.5, 0.3615589141845703, 2.7521657862549556e-09, 3.0954041481018066, 0.023322025047045197
9.0, -6.0, 0.4687483310699463, 2.717512538641378e-09, 3.8856403827667236, 0.024763289759143936
9.0, -6.5, 0.524010181427002, 2.706107799184436e-09, 4.668495178222656, 0.025333209350846923
9.0, -7.0, 0.5803334712982178, 2.702013722834152e-09, 5.507986307144165, 0.025535708965177886
9.0, -7.5, 0.7824440002441406, 2.700651851836876e-09, 7.557251214981079, 0.025606250506845698
9.0, -8.0, 1.007021427154541, 2.700208452191948e-09, 9.186221837997437, 0.02562448519965511
9.0, -8.5, 1.1712253093719482, 2.7000658928403735e-09, 10.475326538085938, 0.025629336000181753
9.0, -9.0, 1.480337381362915, 2.700020194055809e-09, 13.027702569961548, 0.025630924538133208
9.0, -9.5, 1.8598077297210693, 2.7000055232257355e-09, 16.663872480392456, 0.02563149230562463
9.0, -10.0, 2.3036580085754395, 2.7000008556877514e-09, 20.384905576705933, 0.02563168455127833
9.0, -10.5, 2.7784855365753174, 2.6999993731252456e-09, 25.006664991378784, 0.025631748383364565
9.0, -11.0, 3.8049771785736084, 2.6999989011535115e-09, 33.775958776474, 0.02563176922757053
9.0, -11.5, 4.299476861953735, 2.6999987514424845e-09, 37.8125696182251, 0.02563177603275602
9.0, -12.0, 5.639165878295898, 2.6999987039971487e-09, 48.15847945213318, 0.0256317782227701
9.0, -12.5, 6.137597322463989, 2.6999986966335935e-09, 53.745272636413574, 0.02563177822250806
9.0, -13.0, 7.043617486953735, 2.699998692456749e-09, 59.29492473602295, 0.02563177820696448
9.0, -13.5, 6.853094577789307, 2.699998690464817e-09, 57.051013231277466, 0.025631778126734537
9.0, -14.0, 6.208675146102905, 2.69999868962336e-09, 51.09696054458618, 0.02563177815210059
9.0, -14.5, 8.156255960464478, 2.699998689293125e-09, 66.03422045707703, 0.025631778704977473
9.0, -15.0, 6.712921380996704, 2.699998689174914e-09, 59.24998426437378, 0.025631779162133283
9.0, -15.5, 6.711639881134033, 2.6999986891333794e-09, 65.06895565986633, 0.02563177926584682
9.0, -16.0, 6.861375570297241, 2.699998689121236e-09, 76.31574630737305, 0.025631779275426654
9.0, -16.5, 6.541366338729858, 2.6999986891147947e-09, 81.90429401397705, 0.025631779275787844
9.0, -17.0, 6.834954738616943, 2.699998689114488e-09, 97.03298354148865, 0.025631779271622256
9.0, -17.5, 7.245294809341431, 2.699998689112227e-09, 112.68995141983032, 0.025631779271501308
9.0, -18.0, 7.386409759521484, 2.699998689110386e-09, 124.1497266292572, 0.02563177927491763
9.5, -5.0, 0.4615945816040039, 2.9582078547016206e-09, 4.220991373062134, 0.08042714606022232
9.5, -5.5, 0.5739130973815918, 2.784322131363252e-09, 4.904849290847778, 0.04224595697534506
9.5, -6.0, 0.727381706237793, 2.7280958821049637e-09, 6.005413770675659, 0.03065332719444222
9.5, -6.5, 0.8461954593658447, 2.709805695142229e-09, 7.583845138549805, 0.027165974966591646
9.5, -7.0, 0.9815623760223389, 2.7032316446393672e-09, 9.004775524139404, 0.026104771020143618
9.5, -7.5, 1.2123546600341797, 2.701045252060562e-09, 11.221333503723145, 0.02577942162236877
9.5, -8.0, 1.460648775100708, 2.7003350567633177e-09, 13.34654712677002, 0.025678343158635812
9.5, -8.5, 1.8296566009521484, 2.7001064052348805e-09, 16.59685778617859, 0.02564674268405462
9.5, -9.0, 2.3496575355529785, 2.7000331687671565e-09, 20.839964151382446, 0.025636943994429978
9.5, -9.5, 2.999119997024536, 2.7000096788719422e-09, 26.958054065704346, 0.02563398672961169
9.5, -10.0, 4.275295257568359, 2.7000021838156547e-09, 34.57976531982422, 0.025633095923974714
9.5, -10.5, 5.190761089324951, 2.699999811492033e-09, 45.52127408981323, 0.02563282401340046
9.5, -11.0, 5.660123109817505, 2.699999056520317e-09, 50.36611294746399, 0.025632740401512488
9.5, -11.5, 6.891088485717773, 2.6999988171033395e-09, 61.849326610565186, 0.025632714468595188
9.5, -12.0, 9.119071245193481, 2.699998741093853e-09, 81.31663227081299, 0.02563270645328597
9.5, -12.5, 10.592918157577515, 2.6999987293288216e-09, 90.05273842811584, 0.025632706498311175
9.5, -13.0, 9.396223545074463, 2.699998722635484e-09, 79.21460342407227, 0.025632706561530917
9.5, -13.5, 10.083126068115234, 2.6999987194488234e-09, 81.21597647666931, 0.025632706883023812
9.5, -14.0, 11.622572898864746, 2.6999987180942283e-09, 94.34154176712036, 0.0256327067638939
9.5, -14.5, 10.457794427871704, 2.6999987175612737e-09, 86.43329906463623, 0.02563270482709788
9.5, -15.0, 10.16537094116211, 2.6999987173616506e-09, 89.30855798721313, 0.025632703189576854
9.5, -15.5, 10.6646888256073, 2.6999987172945915e-09, 102.2799506187439, 0.02563270281976348
9.5, -16.0, 10.860629320144653, 2.6999987172715057e-09, 122.43243980407715, 0.0256327027800514
9.5, -16.5, 11.870305061340332, 2.699998717263548e-09, 154.62001276016235, 0.02563270277801781
9.5, -17.0, 11.141553401947021, 2.699998717260121e-09, 167.10042214393616, 0.025632702781558263
9.5, -17.5, 10.417509317398071, 2.699998717260451e-09, 167.2944712638855, 0.025632702779460472
9.5, -18.0, 11.24244475364685, 2.699998717259416e-09, 205.9600920677185, 0.0256327027870714
10.0, -5.0, 0.767812967300415, 3.1229005072610698e-09, 7.086137294769287, 0.10533321847550613
10.0, -5.5, 1.040588140487671, 2.836136072459161e-09, 8.944982528686523, 0.05380588953729103
10.0, -6.0, 1.4025352001190186, 2.7451680024944394e-09, 9.921830177307129, 0.034239752916424455
10.0, -6.5, 1.3026716709136963, 2.7157441976009724e-09, 11.665942192077637, 0.028199360639288587
10.0, -7.0, 1.5597467422485352, 2.7051777467275966e-09, 13.89982271194458, 0.026388286333598555
10.0, -7.5, 2.047119140625, 2.701674349149218e-09, 18.984983444213867, 0.02584706553337622
10.0, -8.0, 2.7466626167297363, 2.700537384247343e-09, 25.250214338302612, 0.025682672032891436
10.0, -8.5, 3.469270706176758, 2.7001711258081337e-09, 28.93258833885193, 0.02563111525200549
10.0, -9.0, 4.250695466995239, 2.7000538772819564e-09, 36.894996643066406, 0.025614863476572772
10.0, -9.5, 5.310972690582275, 2.7000162706872556e-09, 46.03810167312622, 0.025609724657945834
10.0, -10.0, 6.231016635894775, 2.7000042857527238e-09, 52.80155420303345, 0.025608096329252195
10.0, -10.5, 7.309101581573486, 2.7000004784938582e-09, 63.63325047492981, 0.025607580791085185
10.0, -11.0, 9.187697410583496, 2.699999269412517e-09, 80.66027498245239, 0.02560741740651608
10.0, -11.5, 11.174680233001709, 2.6999988857819323e-09, 98.22164964675903, 0.02560736566244543
10.0, -12.0, 13.55168867111206, 2.6999987641842282e-09, 118.22732067108154, 0.02560734927710157
10.0, -12.5, 15.023267030715942, 2.6999987453133247e-09, 128.8867826461792, 0.025607349223218452
10.0, -13.0, 16.77937126159668, 2.6999987346008267e-09, 141.73850893974304, 0.02560734919561903
10.0, -13.5, 15.00670337677002, 2.699998729506585e-09, 125.37743520736694, 0.025607349084534426
10.0, -14.0, 16.595866918563843, 2.6999987273281546e-09, 138.25723218917847, 0.02560734828283215
10.0, -14.5, 19.47523045539856, 2.699998726467429e-09, 161.84291195869446, 0.025607346707123065
10.0, -15.0, 18.626041889190674, 2.6999987261418267e-09, 162.48872089385986, 0.02560734392279061
10.0, -15.5, 19.54590106010437, 2.6999987260292e-09, 191.26514410972595, 0.02560734260117844
10.0, -16.0, 17.45926260948181, 2.699998725988994e-09, 195.56907176971436, 0.025607341985952103
10.0, -16.5, 18.477471590042114, 2.699998725977926e-09, 244.46751642227173, 0.025607341748123073
10.0, -17.0, 16.2433078289032, 2.6999987259723804e-09, 253.06250548362732, 0.025607341652261594
10.0, -17.5, 16.926565170288086, 2.69999872597211e-09, 288.12526512145996, 0.02560734162488323
10.0, -18.0, 19.065890073776245, 2.6999987259712083e-09, 348.52690982818604, 0.025607341603700717
10.5, -5.0, 1.4003136157989502, 3.4710276531814804e-09, 12.598243236541748, 0.3303668143068233
10.5, -5.5, 1.5888080596923828, 2.940193954840852e-09, 13.481825590133667, 0.1298682301591889
10.5, -6.0, 2.2239320278167725, 2.778799689617339e-09, 17.93791961669922, 0.05684891907707312
10.5, -6.5, 2.6663248538970947, 2.7273044949650327e-09, 20.809524059295654, 0.03481785035797693
10.5, -7.0, 2.5699238777160645, 2.7089668676221634e-09, 23.203146934509277, 0.028308915100005272
10.5, -7.5, 3.6156015396118164, 2.7029014545229486e-09, 33.816797494888306, 0.026414917409411137
10.5, -8.0, 4.643795967102051, 2.700931740645957e-09, 42.736080169677734, 0.025863264154870724
10.5, -8.5, 5.231208801269531, 2.7002974653187975e-09, 45.854766607284546, 0.025694788349987716
10.5, -9.0, 6.389113664627075, 2.700094229404853e-09, 58.83029508590698, 0.025642524839307197
10.5, -9.5, 8.836833238601685, 2.700029074980905e-09, 74.7726457118988, 0.025626206481772655
10.5, -10.0, 10.975877046585083, 2.700008368943922e-09, 96.8811731338501, 0.025621085427732122
10.5, -10.5, 13.422945261001587, 2.700001777270947e-09, 115.98435306549072, 0.025619476295703873
10.5, -11.0, 14.766272068023682, 2.6999996859348034e-09, 129.2038791179657, 0.025618969797337958
10.5, -11.5, 19.8590304851532, 2.699999021192886e-09, 176.84418559074402, 0.02561881011109459
10.5, -12.0, 24.690685272216797, 2.6999988105085515e-09, 217.29651618003845, 0.025618759735972992
10.5, -12.5, 26.356122732162476, 2.6999987778016746e-09, 226.27614521980286, 0.025618759585030917
10.5, -13.0, 30.122425317764282, 2.6999987592483137e-09, 254.04229426383972, 0.02561875950155721
10.5, -13.5, 28.057680368423462, 2.6999987504182124e-09, 223.4467577934265, 0.025618759273031283
10.5, -14.0, 32.21795415878296, 2.6999987466453734e-09, 263.4245309829712, 0.02561875690913651
10.5, -14.5, 29.907875537872314, 2.699998745144101e-09, 240.04087114334106, 0.025618751847026493
10.5, -15.0, 30.3027286529541, 2.699998744572508e-09, 262.51253747940063, 0.0256187431897369
10.5, -15.5, 32.653788805007935, 2.6999987443708695e-09, 322.7957990169525, 0.02561873920050677
10.5, -16.0, 28.982137203216553, 2.699998744302175e-09, 327.9719326496124, 0.025618737433145265
10.5, -16.5, 30.996593713760376, 2.6999987442756324e-09, 412.11848068237305, 0.025618736725047372
10.5, -17.0, 29.990110635757446, 2.699998744270903e-09, 472.23006939888, 0.025618736463662976
10.5, -17.5, 28.841144800186157, 2.6999987442664635e-09, 502.6200067996979, 0.025618736382815276
10.5, -18.0, 29.533560276031494, 2.6999987442655292e-09, 593.4537110328674, 0.02561873636012074
11.0, -5.0, 2.2245993614196777, 4.027879317305692e-09, 19.70274543762207, 0.6552579362522374
11.0, -5.5, 2.4887702465057373, 3.093966037611434e-09, 20.643410682678223, 0.21038627344262378
11.0, -6.0, 3.2327845096588135, 2.826958978323639e-09, 26.447840929031372, 0.045714809991246004
11.0, -6.5, 3.5081169605255127, 2.7438350531860586e-09, 31.460158109664917, 0.0044114661356562
11.0, -7.0, 4.626090049743652, 2.714380125084166e-09, 42.76580619812012, 0.019301603085791513
11.0, -7.5, 5.299663782119751, 2.704643908128929e-09, 48.52238321304321, 0.023705480298414034
11.0, -8.0, 6.674318552017212, 2.701495059058865e-09, 59.87142324447632, 0.02501919507544463
11.0, -8.5, 7.893199682235718, 2.700476885614696e-09, 72.09914922714233, 0.02542606455996364
11.0, -9.0, 10.68276572227478, 2.700151571249207e-09, 93.611248254776, 0.025553374464524447
11.0, -9.5, 13.942793369293213, 2.7000473603450805e-09, 123.36894631385803, 0.025593426482807994
11.0, -10.0, 16.139342546463013, 2.7000141807678607e-09, 144.37022376060486, 0.025606062272551106
11.0, -10.5, 19.70600938796997, 2.7000036237090727e-09, 173.12535572052002, 0.025610051330169487
11.0, -11.0, 29.53134560585022, 2.7000002721855476e-09, 261.2698962688446, 0.025611311761812538
11.0, -11.5, 31.57683491706848, 2.6999992084097537e-09, 278.03246545791626, 0.025611710242989028
11.0, -12.0, 44.07688021659851, 2.6999988709284498e-09, 383.05473923683167, 0.025611836221950676
11.0, -12.5, 44.029406785964966, 2.699998818650944e-09, 379.06294345855713, 0.025611836678709518
11.0, -13.0, 46.91133689880371, 2.699998788975106e-09, 385.91504883766174, 0.025611836864332025
11.0, -13.5, 45.25612115859985, 2.6999987748477092e-09, 369.0662429332733, 0.02561183767825688
11.0, -14.0, 43.5805344581604, 2.699998768809287e-09, 355.8133292198181, 0.02561184378658377
11.0, -14.5, 54.012253761291504, 2.6999987663987045e-09, 435.567902803421, 0.025611855625235217
11.0, -15.0, 48.66689324378967, 2.699998765480069e-09, 416.40272760391235, 0.025611877074030367
11.0, -15.5, 48.29739046096802, 2.699998765146718e-09, 469.2271981239319, 0.02561188728896984
11.0, -16.0, 50.6017050743103, 2.6999987650344785e-09, 567.3017654418945, 0.025611891887172836
11.0, -16.5, 45.02700710296631, 2.6999987649962144e-09, 604.8667895793915, 0.025611893739672466
11.0, -17.0, 47.457555055618286, 2.699998764983569e-09, 750.2140040397644, 0.025611894398476182
11.0, -17.5, 48.63298034667969, 2.6999987649809223e-09, 930.5636122226715, 0.025611894628779986
11.0, -18.0, 50.79342532157898, 2.69999876497811e-09, 1063.4419078826904, 0.025611894674312453
11.5, -5.0, 3.137507200241089, 5.092966609341914e-09, 28.186464309692383, 1.5967787021029543
11.5, -5.5, 4.566440105438232, 3.3558006326171536e-09, 38.782020568847656, 0.5402683661220993
11.5, -6.0, 5.593550682067871, 2.905950122907468e-09, 45.137436866760254, 0.14667092977790594
11.5, -6.5, 5.669619798660278, 2.7705108903032393e-09, 50.11406135559082, 0.026186859489437067
11.5, -7.0, 6.7281577587127686, 2.7230441415552224e-09, 59.87769079208374, 0.010064528791444996
11.5, -7.5, 8.532994747161865, 2.707442359307489e-09, 77.49892282485962, 0.020859244997434263
11.5, -8.0, 10.218637228012085, 2.702393101921242e-09, 92.60775113105774, 0.024124936049140712
11.5, -8.5, 15.509066104888916, 2.7007649371228443e-09, 137.93402361869812, 0.025145274870678306
11.5, -9.0, 16.638065814971924, 2.7002435667013275e-09, 144.15888381004333, 0.02546667583921524
11.5, -9.5, 20.479360818862915, 2.700076538792182e-09, 178.75252962112427, 0.02556822491384194
11.5, -10.0, 28.94669818878174, 2.700023478695135e-09, 249.8001630306244, 0.02560036480043807
11.5, -10.5, 35.298763036727905, 2.7000065758529293e-09, 310.38181924819946, 0.025610540354119887
11.5, -11.0, 44.5489718914032, 2.70000121019444e-09, 391.38918900489807, 0.025613761779715447
11.5, -11.5, 49.661027669906616, 2.699999506387545e-09, 441.913015127182, 0.02561478188529992
11.5, -12.0, 71.16753625869751, 2.6999989658368223e-09, 606.5457084178925, 0.025615104753504817
11.5, -12.5, 67.31789445877075, 2.6999988820960113e-09, 576.7353885173798, 0.025615105873072776
11.5, -13.0, 71.24326515197754, 2.6999988345657393e-09, 592.6421661376953, 0.025615106480922398
11.5, -13.5, 67.80478119850159, 2.6999988119356527e-09, 548.766453742981, 0.02561510859882758
11.5, -14.0, 80.087158203125, 2.6999988022659457e-09, 653.4576945304871, 0.025615124204862796
11.5, -14.5, 83.8269681930542, 2.6999987983990203e-09, 681.5749895572662, 0.02561515419899227
11.5, -15.0, 77.94573974609375, 2.6999987969227332e-09, 674.003142118454, 0.025615209222094443
11.5, -15.5, 75.78509712219238, 2.6999987963931995e-09, 751.0669851303101, 0.02561523555671924
11.5, -16.0, 74.893869638443, 2.699998796196629e-09, 836.2964408397675, 0.02561524749305967
11.5, -16.5, 83.92808389663696, 2.6999987961349397e-09, 1147.7416455745697, 0.025615252157517088
11.5, -17.0, 72.23826336860657, 2.6999987961075976e-09, 1176.5986828804016, 0.025615253889541906
11.5, -17.5, 88.08369851112366, 2.6999987961033976e-09, 1726.555733680725, 0.025615254447963105
11.5, -18.0, 90.14126181602478, 2.6999987961013127e-09, 1945.6808350086212, 0.025615254635635944
12.0, -5.0, 5.151499509811401, 7.339325138388517e-09, 46.94922399520874, 4.061525673677562
12.0, -5.5, 6.392212152481079, 3.817780141394384e-09, 54.294177770614624, 1.3923515770010508
12.0, -6.0, 8.109134674072266, 3.0366847143875645e-09, 65.84792137145996, 0.40789318754860265
12.0, -6.5, 9.456461429595947, 2.8137572588472e-09, 84.53651547431946, 0.10518960719142016
12.0, -7.0, 13.164986371994019, 2.7370216105616966e-09, 117.20955681800842, 0.013831110437066453
12.0, -7.5, 13.875445127487183, 2.711926034354128e-09, 129.04451274871826, 0.013488445291225809
12.0, -8.0, 16.77856206893921, 2.7038350122636157e-09, 150.55513644218445, 0.021808911896262245
12.0, -8.5, 19.760090589523315, 2.701226962400348e-09, 176.47585153579712, 0.024413729851137617
12.0, -9.0, 27.353763818740845, 2.7003908164085707e-09, 243.00503540039062, 0.02523546260144792
12.0, -9.5, 36.35617399215698, 2.7001232900159137e-09, 315.4529287815094, 0.025495666237362147
12.0, -10.0, 43.61366057395935, 2.7000383771653794e-09, 380.5885670185089, 0.025578115577603096
12.0, -10.5, 51.30599403381348, 2.700011308586439e-09, 444.2601275444031, 0.0256042367700908
12.0, -11.0, 73.72576832771301, 2.700002711391271e-09, 642.528981924057, 0.02561251346346364
12.0, -11.5, 81.55766820907593, 2.699999982929075e-09, 713.5153470039368, 0.025615135782279728
12.0, -12.0, 102.5112566947937, 2.69999911698442e-09, 901.3482053279877, 0.02561596597825322
12.0, -12.5, 120.42702126502991, 2.6999989828788567e-09, 1014.1522736549377, 0.02561596893278085
12.0, -13.0, 110.38272309303284, 2.6999989067581693e-09, 942.5042669773102, 0.0256159705917208
12.0, -13.5, 123.57969260215759, 2.699998870504035e-09, 984.1019959449768, 0.025615975920053692
12.0, -14.0, 134.3071186542511, 2.699998855028418e-09, 1079.711962223053, 0.0256160156005061
12.0, -14.5, 123.01064229011536, 2.6999988488322665e-09, 1006.5494735240936, 0.02561609242575497
12.0, -15.0, 113.467529296875, 2.6999988464664604e-09, 984.7396192550659, 0.025616234379637677
12.0, -15.5, 123.95579171180725, 2.699998845591578e-09, 1216.2948904037476, 0.025616302517351197
12.0, -16.0, 142.71038913726807, 2.699998845283838e-09, 1608.274397611618, 0.025616333073814737
12.0, -16.5, 122.62643718719482, 2.699998845174057e-09, 1661.9485545158386, 0.025616345083962728
12.0, -17.0, 125.1978611946106, 2.6999988451374264e-09, 2074.740154027939, 0.025616349354547624
12.0, -17.5, 133.05141377449036, 2.699998845126825e-09, 2590.0871167182922, 0.025616350846179685
12.0, -18.0, 137.7912769317627, 2.6999988451243314e-09, 3135.122371196747, 0.025616351433751593
12.5, -5.0, 8.785072803497314, 1.4394060833836808e-08, 78.5619728565216, 12.739067119948043
12.5, -5.5, 11.189672470092773, 4.886778719253753e-09, 95.98274374008179, 4.5257126937209495
12.5, -6.0, 13.384030103683472, 3.3071537087942328e-09, 107.81645488739014, 1.5391916525953293
12.5, -6.5, 15.865248203277588, 2.8997718645989487e-09, 140.05697202682495, 0.5280219664765348
12.5, -7.0, 19.594236135482788, 2.7644011704215086e-09, 176.1538484096527, 0.19029362120085996
12.5, -7.5, 24.971534252166748, 2.7206887547476814e-09, 223.96698093414307, 0.07850526056459174
12.5, -8.0, 28.751081943511963, 2.7066525501949432e-09, 252.25489950180054, 0.04262560421304031
12.5, -8.5, 35.48359227180481, 2.7021259433671327e-09, 313.06116342544556, 0.031068869953557333
12.5, -9.0, 47.05533528327942, 2.7006779096804426e-09, 409.6323320865631, 0.027341049432377227
12.5, -9.5, 55.98035001754761, 2.700214612330831e-09, 496.4417200088501, 0.02614567418787089
12.5, -10.0, 70.55472254753113, 2.7000674189733483e-09, 635.8350508213043, 0.025764164710863412
12.5, -10.5, 88.13039112091064, 2.7000205385181877e-09, 773.9122767448425, 0.02564271121572938
12.5, -11.0, 106.64052486419678, 2.7000056379567734e-09, 926.9419219493866, 0.025604106965560484
12.5, -11.5, 156.25205421447754, 2.700000911623643e-09, 1367.1727397441864, 0.025591861053108483
12.5, -12.0, 176.58591222763062, 2.6999994114426392e-09, 1558.093914270401, 0.02558797850137685
12.5, -12.5, 174.41310119628906, 2.6999991791509374e-09, 1497.9672358036041, 0.025587982211418215
12.5, -13.0, 197.08298254013062, 2.699999047226882e-09, 1594.837111711502, 0.02558799479094112
12.5, -13.5, 230.68454265594482, 2.699998984409967e-09, 1906.2425904273987, 0.02558806572718412
12.5, -14.0, 199.83513236045837, 2.6999989575938913e-09, 1609.2383790016174, 0.025587979607151316
12.5, -14.5, 236.5571813583374, 2.69999894686266e-09, 1900.1018085479736, 0.02558729114975184
12.5, -15.0, 216.30832648277283, 2.6999989427543952e-09, 1851.6179914474487, 0.025586525897568484
12.5, -15.5, 226.4190275669098, 2.699998941237926e-09, 2153.3469960689545, 0.02558627749858835
12.5, -16.0, 208.55715322494507, 2.699998940699839e-09, 2353.222553253174, 0.025586207363872612
12.5, -16.5, 210.90156936645508, 2.6999989405028965e-09, 2846.6570415496826, 0.025586185134384865
12.5, -17.0, 217.19068574905396, 2.6999989404403682e-09, 3519.3196592330933, 0.025586177953070683
12.5, -17.5, 210.25585436820984, 2.6999989404282256e-09, 4202.888720989227, 0.025586175691306334
12.5, -18.0, 232.721941947937, 2.699998940411768e-09, 5383.385043859482, 0.02558617463551445
13.0, -5.0, 13.85799241065979, 3.424520117478452e-08, 125.65127849578857, 58.9463459228425
13.0, -5.5, 18.787885189056396, 6.877387569745656e-09, 158.32912015914917, 18.779457355358215
13.0, -6.0, 23.510243892669678, 3.729533288484876e-09, 187.94546103477478, 5.932301422103791
13.0, -6.5, 28.611011505126953, 3.0264709776967553e-09, 251.138365983963, 1.853024931834607
13.0, -7.0, 29.682761907577515, 2.80389028441854e-09, 260.8282120227814, 0.569969178865079
13.0, -7.5, 37.92434024810791, 2.7332147481946988e-09, 344.7167110443115, 0.16094838923029883
13.0, -8.0, 44.195801734924316, 2.7106658838716813e-09, 398.60467767715454, 0.03306570077013327
13.0, -8.5, 60.523287534713745, 2.703409725672919e-09, 534.3222210407257, 0.007197902171916477
13.0, -9.0, 72.61800169944763, 2.701086907849166e-09, 642.2426400184631, 0.01986530535546983
13.0, -9.5, 87.66659665107727, 2.70034451524659e-09, 775.7178711891174, 0.02382184852296326
13.0, -10.0, 119.59669947624207, 2.7001087945331126e-09, 1037.6070342063904, 0.025057344556465407
13.0, -10.5, 161.9380464553833, 2.700033689428148e-09, 1434.3853583335876, 0.025444172921979476
13.0, -11.0, 177.06920790672302, 2.70000980646376e-09, 1563.6075069904327, 0.02556544241503497
13.0, -11.5, 229.08207058906555, 2.7000022341086656e-09, 2029.1304488182068, 0.02560348280532263
13.0, -12.0, 306.99504947662354, 2.6999998306656906e-09, 2740.8475108146667, 0.02561544675311638
13.0, -12.5, 313.8031370639801, 2.699999458287691e-09, 2719.7450251579285, 0.025615402296617667
13.0, -13.0, 311.1205008029938, 2.699999246985737e-09, 2568.068033695221, 0.025615329110853576
13.0, -13.5, 361.3927354812622, 2.6999991463961183e-09, 2910.1299533843994, 0.025614957639417953
13.0, -14.0, 325.9864971637726, 2.6999991034019245e-09, 2626.046979188919, 0.025615054469117028
13.0, -14.5, 328.4300048351288, 2.699999086206843e-09, 2716.0489654541016, 0.02561768096922371
13.0, -15.0, 314.5422134399414, 2.699999079622027e-09, 2795.829386472702, 0.02562019717256856
13.0, -15.5, 380.8663055896759, 2.6999990772014195e-09, 3627.1267218589783, 0.025620845665479453
13.0, -16.0, 401.25687289237976, 2.6999990763125515e-09, 4471.78258562088, 0.025620943631611732
13.0, -16.5, 341.2961950302124, 2.699999076017825e-09, 4681.378433227539, 0.025620956162209094
13.0, -17.0, 349.2655436992645, 2.699999075910997e-09, 5911.845253705978, 0.025620958871161177
13.0, -17.5, 349.30583572387695, 2.699999075870604e-09, 7127.79088640213, 0.025620959355153988
13.0, -18.0, 338.1959114074707, 2.699999075864669e-09, 8238.164322376251, 0.025620958582810372
13.5, -5.0, 24.064547777175903, 1.1541022192258607e-07, 223.8388547897339, 156.56356834622704
13.5, -5.5, 29.733862161636353, 1.1582542889906842e-08, 254.94782876968384, 49.57000026430272
13.5, -6.0, 34.793785572052, 4.508221638195133e-09, 274.8327169418335, 15.526939371402467
13.5, -6.5, 47.124565839767456, 3.2396758014564608e-09, 401.6491959095001, 4.912082946047046
13.5, -7.0, 46.27420997619629, 2.86802523032132e-09, 417.1942570209503, 1.455326525809524
13.5, -7.5, 68.57082748413086, 2.753401246839189e-09, 616.077526807785, 0.3723831189944682
13.5, -8.0, 76.0730631351471, 2.717098501879946e-09, 678.606785774231, 0.09263600161356877
13.5, -8.5, 91.92908048629761, 2.705463475364158e-09, 813.7740314006805, 0.012012647062815799
13.5, -9.0, 119.68508696556091, 2.701742451502946e-09, 1077.303535938263, 0.013474999072726557
13.5, -9.5, 164.05990290641785, 2.7005528243793583e-09, 1435.7302675247192, 0.021736278670388826
13.5, -10.0, 184.03847098350525, 2.7001751022736715e-09, 1641.557091474533, 0.02438036439094443
13.5, -10.5, 226.85681772232056, 2.700054742850274e-09, 2014.862545490265, 0.025221493656692306
13.5, -11.0, 339.10499024391174, 2.7000164877166653e-09, 2988.861674785614, 0.0254888331359884
13.5, -11.5, 338.9852569103241, 2.700004353295272e-09, 2990.2903678417206, 0.025573725659227758
13.5, -12.0, 453.5095269680023, 2.7000005026047784e-09, 3990.3508443832397, 0.025600650464787312
13.5, -12.5, 489.33841133117676, 2.699999905823574e-09, 4347.580244064331, 0.025600543197834932
13.5, -13.0, 504.48054671287537, 2.6999995671470534e-09, 4156.648864746094, 0.025600349714947016
13.5, -13.5, 494.3404610157013, 2.6999994059774184e-09, 3998.549542427063, 0.025599484022618624
13.5, -14.0, 523.8653814792633, 2.6999993371257626e-09, 4208.7764394283295, 0.025599554331599113
13.5, -14.5, 515.0045375823975, 2.6999993095961173e-09, 4287.108683824539, 0.025605793194978757
13.5, -15.0, 606.4430687427521, 2.699999299037339e-09, 5284.578768968582, 0.02561161320887839
13.5, -15.5, 648.2340655326843, 2.6999992951207415e-09, 5866.699821949005, 0.025613008764767034
13.5, -16.0, 638.11403465271, 2.69999929372711e-09, 7143.04753279686, 0.025613167163481013
13.5, -16.5, 644.6526412963867, 2.699999293232221e-09, 8642.826909780502, 0.025613169960871745
13.5, -17.0, 569.05180311203, 2.6999992930605465e-09, 9365.38384103775, 0.02561316495426611
13.5, -17.5, 566.7448983192444, 2.699999293014106e-09, 11449.158116340637, 0.02561316220648225
13.5, -18.0, 630.568149805069, 2.6999992929765794e-09, 15498.00481581688, 0.0256131622164609
14.0, -5.0, 40.40953326225281, 5.430951150019569e-07, 358.82210421562195, 396.684639714332
14.0, -5.5, 44.69797730445862, 2.4984844500731168e-08, 380.15854382514954, 128.76152830823617
14.0, -6.0, 56.9036386013031, 6.060073959357145e-09, 454.4269313812256, 40.04355142702439
14.0, -6.5, 68.99658179283142, 3.6097098492441173e-09, 595.6474323272705, 12.62322115075825
14.0, -7.0, 80.01805257797241, 2.973763324318636e-09, 717.8311800956726, 3.765468859608308
14.0, -7.5, 106.99726343154907, 2.785997105922837e-09, 944.0287282466888, 0.9912116384971836
14.0, -8.0, 122.34490323066711, 2.7274658644813362e-09, 1134.520793914795, 0.27642978514656524
14.0, -8.5, 150.1716113090515, 2.7087614365038474e-09, 1324.8685884475708, 0.07050961281321605
14.0, -9.0, 182.45582723617554, 2.702793514704857e-09, 1644.591989517212, 0.0054079395946870865
14.0, -9.5, 232.60164332389832, 2.7008868876393545e-09, 2034.5778317451477, 0.01570088514747465
14.0, -10.0, 290.16378951072693, 2.7002814088896324e-09, 2600.899017572403, 0.022460844060628652
14.0, -10.5, 367.16224908828735, 2.7000885140882766e-09, 3173.597367286682, 0.024611710688706993
14.0, -11.0, 468.3352806568146, 2.700027197050234e-09, 4037.033725500107, 0.025295429162643292
14.0, -11.5, 567.9753625392914, 2.700007751493548e-09, 5018.11070227623, 0.025512532146621334
14.0, -12.0, 734.4631636142731, 2.7000015796154472e-09, 6443.278369426727, 0.025581418861639713
14.0, -12.5, 761.7547252178192, 2.7000006231211465e-09, 6616.986587524414, 0.025581141521747692
14.0, -13.0, 781.3615381717682, 2.7000000804158027e-09, 6702.507852315903, 0.025580639705748535
14.0, -13.5, 847.6050338745117, 2.699999822093504e-09, 6941.308707237244, 0.0255784643399248
14.0, -14.0, 844.9155035018921, 2.6999997117545824e-09, 6647.935172080994, 0.02557855678032945
14.0, -14.5, 904.3074362277985, 2.699999667631763e-09, 7615.938813686371, 0.02559443774521342
14.0, -15.0, 841.56516456604, 2.699999650700059e-09, 7447.226185560226, 0.025609419391886632
14.0, -15.5, 870.5144624710083, 2.699999644425638e-09, 8208.733282327652, 0.02561303488939018
14.0, -16.0, 865.8059928417206, 2.6999996421885105e-09, 9700.217012166977, 0.02561344632541365
14.0, -16.5, 880.9070167541504, 2.6999996413787168e-09, 11787.213521957397, 0.025613454633341956
14.0, -17.0, 895.4642748832703, 2.6999996410898463e-09, 14805.365604400635, 0.02561343524962993
14.0, -17.5, 912.117066860199, 2.699999640992146e-09, 18864.72293329239, 0.02561343190495412
14.0, -18.0, 865.2135422229767, 2.6999996409855665e-09, 21455.793298482895, 0.02561342944718127