Nout,K,MPP Pz,PyT Pz,MPP fNL,PyT fNL
6.1,257.8019341754255,4.196635409222133,4.023193990111046,0.021027685487425906,174969.13143186131
6.2,284.9152002395253,3.092826383340304,2.9650079804352254,0.02111021325328134,174472.03540412133
6.3,314.8799933837431,2.2792867638778826,2.1850795701512085,0.021197000032946525,174546.85495967462
6.4,347.996211328581,1.6796973440778178,1.6094561709246975,0.021288388622929266,174227.29594319244
6.5,384.5952923130846,1.237802180604496,1.1868900139684682,0.021383551406490602,174803.618393088
6.6,425.0435322401324,0.9121349402331036,0.8744377810996168,0.02148332213986753,174970.4417212992
6.7,469.7457506889359,0.6721312137219803,0.6443530816013653,0.02158694187946563,174368.05599230566
6.8,519.1493424854393,0.49526270919624177,0.4747888565346257,0.021696007062320027,174523.37728120026
6.9,573.7487553801008,0.36492469506808617,0.349601326511616,0.021809197625288813,174736.36541029165
7.0,634.0904386471493,0.2688786908685864,0.25776810928230826,0.021927351210330535,174564.9272373082
7.1,700.7783121325763,0.19810455710234703,0.1899190369322055,0.022050207322296362,174954.02918770985
7.2,774.4798104869167,0.1459543086074967,0.13992291487337197,0.02217753249434502,174862.62188082287
7.3,855.932563075542,0.10752839575476757,0.10302957299660978,0.02231061985410722,174352.74376168087
7.4,945.9517764212543,0.07921594433655867,0.07593168863596841,0.02244849064968778,174999.5265781236
7.5,1045.4383930651352,0.058355879502930745,0.05590002304578211,0.022591755647463428,174301.10969215236
7.6,1155.3881085022895,0.04298714369083381,0.041211435690339984,0.02274000928900605,174511.0153734248
7.7,1276.9013364369903,0.0316645904271806,0.030394053405419275,0.022894315192695573,174635.8722605207
7.8,1411.1942220928531,0.023323290583868412,0.022357861680492235,0.02305386549479198,174846.28151217845
7.9,1559.6108138029608,0.017178520887955843,0.016471404112875877,0.023218733483475227,173560.3982408045
8.0,1723.6365146972728,0.012652053532702495,0.012131117078733713,0.023391265406284098,174512.25326601023
8.1,1904.9129491163703,0.009317832210114127,0.008928864448770796,0.023577107211409758,174942.22125964318
8.2,2105.254392539563,0.006861935538108879,0.006579039191041542,0.023751359718157963,174230.50215836577
8.3,2326.665929463628,0.00505307294854527,0.00485031998578223,0.023938939865616547,174577.955917545
8.4,2571.3635209622976,0.0037208392255182036,0.0035670606196581884,0.024134189956977477,174496.46237279486
8.5,2841.7961827694394,0.0027396929398692867,0.00262824145918191,0.024335242102629797,173985.74232197262
8.6,3140.670495851561,0.0020171478593737874,0.0019338210420234347,0.024543783735399824,174933.1783938836
8.7,3470.977694779742,0.0014850724201356427,0.0014240340578925471,0.024758731685309347,174830.3905901364
8.8,3836.0236050104995,0.0010932783867099827,0.0010493982877047446,0.024980222758846492,174476.74053855916
8.9,4239.461728697946,0.0008047968727242609,0.0007717843725229882,0.02520939544225799,174410.54611189314
9.0,4685.329810171221,0.0005923976367538286,0.0005680349209014342,0.025445965876113807,174457.173960245
9.1,5178.090247036702,0.00043602459672487337,0.0004177933055989498,0.02568896233965552,174800.0839764306
9.2,5722.67475135294,0.00032090640665284896,0.00030802282011812936,0.025940397883263966,174547.67447016467
9.3,6324.533707862371,0.00023616448690494323,0.00022631984664135538,0.026199055355336405,173201.19389821097
9.4,6989.690723273499,0.00017378752751276885,0.0001666598498766285,0.02646522824854236,174423.0550756
9.5,7724.802912541257,0.00012787613191311484,0.00012258524071253606,0.02673967940942298,174493.3031017164
9.6,8537.227525510683,9.408626528940198e-05,9.018336646676563e-05,0.027022508022958237,174800.76163213383
9.7,9435.095580745938,6.921939348056175e-05,6.635914806368485e-05,0.027313543440147553,174380.56804941897
9.8,10427.39324349672,5.09205527184592e-05,4.881182679401214e-05,0.027613597618142915,174424.32906719865
9.9,11524.051762259982,3.745597526539213e-05,3.590812510899381e-05,0.027921609990677002,174584.0062146389
10.0,12736.046864052596,2.7549305997726747e-05,2.6420000067941923e-05,0.028239422110307562,173778.47106530354
10.1,14075.508603175867,2.026098919309386e-05,1.9421459741327618e-05,0.02856679491373181,174329.02261423526
10.2,15555.842762875418,1.4899437086529553e-05,1.4301692375758713e-05,0.02890271751900796,174667.91275729268
10.3,17191.865024925446,1.0955623846818836e-05,1.0501837869639748e-05,0.02924899590369797,174462.83249978855
10.4,18999.949249950587,8.054918611491584e-06,7.724463608494797e-06,0.029604804081021414,174461.02307091941
10.5,20998.19135252606,5.921622524029849e-06,5.677837811530253e-06,0.0299707567745485,174378.20633301602
10.6,23206.59041117208,4.3528578939013344e-06,4.1737198900859276e-06,0.030347380532556225,174388.25564898003
10.7,25647.248825852475,3.199345329639135e-06,3.0673349443816205e-06,0.030734718225005245,174516.16288876286
10.8,28344.593526221826,2.351252264069499e-06,2.2534126102086506e-06,0.031132693283614996,174387.8946788742
10.9,31325.620444545864,1.7277757909327775e-06,1.6560941327868487e-06,0.031541858969429945,174439.13599521882
11.0,34620.1647000644,1.2694749278103739e-06,1.2160440359001117e-06,0.031962311460792876,174467.37637402627
11.1,38261.19919889086,9.326269196555858e-07,8.943549875446026e-07,0.032395072383641955,175011.93889241776
11.2,42285.16463793727,6.850736979272243e-07,6.5670444862033e-07,0.03284018058217801,174339.16191625246
11.3,46732.33421565599,5.031651612935134e-07,4.821429759318619e-07,0.033297315240599805,174386.20655325067
11.4,51647.21669974308,3.695099288181157e-07,3.546851344120259e-07,0.033766971872549366,174699.26450499173
11.5,57079.00188584378,2.713202719929419e-07,2.6007351308752514e-07,0.03425004700858092,174425.91482832987
11.6,63082.05290555758,1.9919443814087005e-07,1.9097329775314786e-07,0.03474666606030485,174467.29859032863
11.7,69716.45031092803,1.4622081372396886e-07,1.4035150720604222e-07,0.03525663492452792,174577.04364165972
11.8,77048.59338079914,1.0731893460175049e-07,1.0287634533586889e-07,0.03578164518199766,174354.85939758492
11.9,85151.86466711003,7.875474971834317e-08,7.559361580249409e-08,0.03632126946956939,174589.83824051882
12.0,94107.36443213663,5.778410849805512e-08,5.538763190415583e-08,0.036876048301442366,174793.95510612853
12.1,104004.72232716992,4.239057287434126e-08,4.060368553612341e-08,0.03744583633763637,174451.49703762168
12.2,114942.99443618547,3.109261430023947e-08,2.981704261346301e-08,0.03803276511774927,174544.16000308562
12.3,127031.65466242195,2.2801849898027682e-08,2.186594202626106e-08,0.03863558661080064,173578.57842069885
12.4,140391.69037999018,1.67188168042685e-08,1.604771139098477e-08,0.039257146635701866,174631.2468847734
12.5,155156.81331617344,1.2256352513943587e-08,1.1764281367314558e-08,0.039896242743395774,174469.80678752763
12.6,171474.79778332604,8.983276122967891e-09,8.61383045724385e-09,0.04055492075736459,174429.04581425383
12.7,189508.95965384808,6.582994668525392e-09,6.318770474467748e-09,0.04123374233157302,174658.13345139785
12.8,209439.79088032103,4.823084277363287e-09,4.622356171339977e-09,0.04193328703621208,174772.5352550577
12.9,231466.76591961764,3.5329380407957762e-09,3.388053209166854e-09,0.04265560601633315,174515.90705503855
13.0,255810.3381403013,2.5873436605556102e-09,2.4800879524627343e-09,0.043400898696206565,175172.64374157233
13.1,282714.146194018,1.894419276377721e-09,1.8184016902389765e-09,0.04417220906384406,174593.03903254832
13.2,312447.4524329911,1.386751984741432e-09,1.3283678798120882e-09,0.0449706437707232,174519.21176699625
13.3,345307.83777812915,1.0148896690520138e-09,9.74172905578212e-10,0.04579845912223908,174939.0755131303
13.4,381624.18000887125,7.425619042404014e-10,7.121004394667908e-10,0.04665837173343926,174832.69354381604
13.5,421759.9452825184,5.431709467331286e-10,5.207851837805547e-10,0.0475539016287241,174960.07763847182
13.6,466116.8258256696,3.97215713579304e-10,3.807936420111106e-10,0.04848764365379293,174511.14603273405
13.7,515138.7602050006,2.9040095649870477e-10,2.7839525061308675e-10,0.049465383659660314,174597.21279046815
13.8,569316.3764136218,2.122495561421851e-10,2.035461620272556e-10,0.05049246368842808,174891.3540846699
13.9,629191.9022408811,1.550842432461861e-10,1.4871275443243348e-10,0.05157454330475457,175206.7285818304
14.0,695364.5920702865,1.1328053448730871e-10,1.0858184279316064e-10,0.052719347432190346,175219.53560484957
14.1,768496.7244187294,8.271870132988054e-11,7.929457356664474e-11,0.05393714979292992,174898.61997734907
14.2,849320.2302424139,6.038185025941985e-11,5.7884259258456874e-11,0.055238775799196775,175351.0104236659
14.3,938644.0183477782,4.406118785351088e-11,4.2225284793827615e-11,0.05663798525068577,174945.6785131443
14.4,1037362.0712226367,3.213993574905556e-11,3.080989082846588e-11,0.0581526934438074,175366.4499884026
14.5,1146462.392313292,2.3434936754462628e-11,2.245456185720888e-11,0.059802935727300166,175175.46156791097
14.6,1267036.8942949877,1.7080568293129107e-11,1.6400083070105795e-11,0.06161350290691538,174531.34202582997
14.7,1400292.3273008359,1.2443683485583909e-11,1.1917968523140114e-11,0.0636163390726561,175505.8052717802
14.8,1547562.3564825878,9.061296512216127e-12,8.682183036616679e-12,0.06584826832880362,176118.76880830043
14.9,1710320.9097795675,6.594943291385215e-12,6.3196463632870554e-12,0.06835530278971391,176407.01579738493
15.0,1890196.9294846759,4.797259664771421e-12,4.598202504776514e-12,0.07119443610511099,176355.21542076717
15.1,2088990.6752460797,3.4875136885407056e-12,3.3399625347730873e-12,0.07443545107534592,176843.29649988396
15.2,2308691.7416705997,2.5336964498657596e-12,2.4277490859488937e-12,0.07816295485458602,177281.1186476081
15.3,2551498.970854938,1.839417032848098e-12,1.762525900177415e-12,0.08248446680253438,177652.70761381937
15.4,2819842.459136098,1.3343149531420611e-12,1.2775197442347493e-12,0.08752807716185808,178386.02215961984
15.5,3116407.87831186,9.670478965348227e-13,9.264547757465068e-13,0.09345557999641149,179332.6116121711
15.6,3444163.354746343,7.001642663135346e-13,6.704339703279873e-13,0.10046850334647894,180996.97079651977
15.7,3806389.1753756693,5.063550150582087e-13,4.850366450045378e-13,0.10881681586760357,181548.7608724528
15.8,4206710.617921403,3.6571447384028553e-13,3.502326089760181e-13,0.11881388089694325,183093.61183203812
15.9,4649134.233887505,2.637391166854439e-13,2.526472705979174e-13,0.1308532445255288,185353.95800274538
16.0,5138087.947473636,1.8986593912541864e-13,1.8183795294909297e-13,0.14543699272026492,186832.51077146994
16.1,5678465.371727742,1.3640526779564973e-13,1.3060142990402542e-13,0.16320111777582552,191282.11459536196
16.2,6275674.785468926,9.776175168569152e-14,9.365154797931503e-14,0.18497071596985126,194574.93091738404
16.3,6935693.261158124,6.98660275066836e-14,6.677347923031678e-14,0.211813752322093,199341.0950627286
16.4,7665126.485446563,4.976010361785311e-14,4.754911921340205e-14,0.24514261341842022,205367.45231773853
16.5,8471274.871105878,3.529506888370523e-14,3.367685067734827e-14,0.2868439257003012,213060.76452380168
16.6,9362206.622009816,2.491075145637396e-14,2.37583424825421e-14,0.33948482916989026,223270.80242715083
16.7,10346838.48242694,1.7475179587999102e-14,1.6638261530805182e-14,0.406629153597054,236903.385224746
16.8,11435024.978791071,1.2167659895559744e-14,1.1566739578485094e-14,0.4933508577384776,253960.1426232623
16.9,12637657.047109924,8.393659775204545e-15,7.967550035835856e-15,0.6070440857769126,276300.68835876026
17.0,13966771.033107404,5.722869486185727e-15,5.414555976215875e-15,0.7589067909560222,307973.81631481205
17.1,15435669.156010125,3.84415226184055e-15,3.627438670354781e-15,0.966511579301433,353542.7969263364
17.2,17059052.641621556,2.532794745381386e-15,2.3769073079160136e-15,1.2587783888893662,420566.18621978484
17.3,18853168.857121535,1.6267109741468986e-15,1.5205815188767513e-15,1.6861518849011488,527019.9480059594
17.4,20835973.9201643,1.0091617323582304e-15,9.322784644864457e-16,2.3432491912244924,707166.5759893418
17.5,23027312.409725673,5.962127360687901e-16,5.413388565012827e-16,3.4251597408618135,1039138.0781595272
17.6,25449115.977303006,3.2763791316743403e-16,2.886097412248507e-16,5.389598533814528,1772093.4209380122
17.7,28125622.846233062,1.603256705330317e-16,1.328019317388809e-16,9.533122493468738,3810240.0979663115
17.8,31083620.39594322,6.350323021008305e-17,4.4953415273490745e-17,20.84591399962393,12577499.664770892
17.9,34352713.25901652,1.5280222190750778e-17,1.874977693737442e-18,75.06600396811315,116525700.34291688
18.0,37965619.61426551,1.4942717588023288e-19,-9.347030273864168e-18,6652.396008913966,186402972487.80585
18.1,41958498.64120754,7.181293636234013e-18,2.9859383439234485e-19,119.9600685703785,137048591.86568972
18.2,46371312.41320086,2.8721052427405836e-17,2.3713304112972496e-17,25.989068356880228,4056355.29037935
18.3,51248225.85121952,5.944964112134104e-17,5.570943392509944e-17,10.875572552335761,474410.3264966102
18.4,56638048.74111406,9.570776093491126e-17,9.268721190984191e-17,5.848838032189528,92361.21451662508
18.5,62594724.23819867,1.3501010944352978e-16,1.324559832632855e-16,3.587777470743633,23282.141779606605
18.6,69177868.74822605,1.7569686357854187e-16,1.7340303243958808e-16,2.384099340418107,6900.314216546273
18.7,76453368.58814913,2.1668417060665015e-16,2.144957551150005e-16,1.6705041438761057,2265.029541869079
18.8,84494039.39818007,2.572859217186174e-16,2.551433775754707e-16,1.2148115611675123,798.1005601252119
18.9,93380354.90461731,2.970867780761237e-16,2.948746611227017e-16,0.9076840900694705,299.0405772288503
19.0,103201252.32713127,3.35851978003157e-16,3.335367803029062e-16,0.6921332554687213,116.01174487247374
19.1,114055022.49136315,3.7346345360681625e-16,3.710122797454223e-16,0.5360720037559268,46.30324246240742
19.2,126050293.5550253,4.098747047104277e-16,4.072774800558006e-16,0.4202994109535618,18.519281408913972
19.3,139307118.19266254,4.450789591910905e-16,4.4230874236843157e-16,0.33274417210219787,7.654072865908267
19.4,153958175.11949763,4.79086653954182e-16,4.761451759862827e-16,0.26550101094396605,3.1165317207318672
19.5,170150096.97956553,5.119093497962471e-16,5.087935454653873e-16,0.21321251404551977,1.2345554245691133
19.6,188044937.88603336,5.435479613134676e-16,5.402576972314475e-16,0.1721410303477418,0.4541684231632349
19.7,207821795.2977292,5.739837196615903e-16,5.705224505054432e-16,0.1396136586856816,0.13244220845767127
19.8,229678602.46240383,6.031706801268326e-16,5.995424632538929e-16,0.11367810275945908,0.00513946709519128
19.9,253834109.35584632,6.310288413191441e-16,6.272392838596564e-16,0.09288241725671861,0.040536770922819834
20.0,280530071.9114439,6.574371425077846e-16,6.534932098333084e-16,0.07613000121384055,0.05297286141806239
20.1,310033671.417903,6.822257492089984e-16,6.781361805045752e-16,0.06258170144996679,0.05234318761386987
20.2,342640188.12550426,7.051671629318064e-16,7.009420377516557e-16,0.051588188942160926,0.04704690185776899
20.3,378675955.44247586,7.2596584255107125e-16,7.216174647504077e-16,0.04264227591974275,0.040624616790075105
20.4,418501623.3851517,7.442462237464454e-16,7.397892621073139e-16,0.03534465385381674,0.03444632819373206
20.5,462515777.3515309,7.595393395361242e-16,7.549914361941898e-16,0.029378854918312228,0.02897719291028674
20.6,511159670.46101654,7.712688568235293e-16,7.666511436624761e-16,0.02449260682036415,0.024314232374103417
20.7,563863343.0386012,7.786505638345562e-16,7.739889315727996e-16,0.020552216149270733,0.02047138567989426
20.8,623368524.2062764,7.811317761019869e-16,7.764554876303263e-16,0.017237257979324495,0.017201264062915493
20.9,688506235.6222934,7.77609446673662e-16,7.729543672479428e-16,0.014535696922312106,0.014519602268036842
21.0,760629133.8672193,7.670266021881879e-16,7.624349678366903e-16,0.01230429834603766,0.012297105082023757
21.1,840448537.2767272,7.481875662392235e-16,7.437087572409908e-16,0.010462185487353585,0.010458989885287264
21.2,928731933.3277414,7.198913376370617e-16,7.155819506760804e-16,0.008942754559182827,0.008941339252913297
21.3,1026342344.3897278,6.810447343547683e-16,6.769679113690983e-16,0.007690686483108657,0.0076900616513809
21.4,1134244129.2140472,6.308448396838036e-16,6.270685333852572e-16,0.006660299715070275,0.006660026317517581
21.5,1253509579.3483396,5.690408789828216e-16,5.656345457312317e-16,0.005813805567240523,0.0058136870024354794
21.6,1385327716.46175,4.962707070899288e-16,4.93299988172604e-16,0.00511942046798493,0.005119369812783675
21.7,1531015013.4750767,4.1443633034455507e-16,4.119554817405189e-16,0.004548958957792511,0.0045489379984702755
21.8,1692027854.5400164,3.2703015121156293e-16,3.250725244070643e-16,0.0040737006624177174,0.004073692475224434
21.9,1869976676.7676303,2.3925175910785923e-16,2.37819581088797e-16,0.0036547613083951027,0.0036547583725189087
22.0,2066641824.5827525,1.5768695248329857e-16,1.5674302758602977e-16,0.0032145539900695465,0.003214553155336713
22.1,2283991208.198831,8.931512047810051e-17,8.878047422731743e-17,0.0025311186953920635,0.00253111857767918
22.2,2524199902.1800537,3.9768796974369515e-17,3.953073837314343e-17,0.0007141246525581522,0.0007141246524274249
22.3,2789671855.5077014,1.1192592064014845e-17,1.1125592489923222e-17,0.008144035781179471,0.008144034849780631
22.4,3083063915.434658,7.011038453618475e-19,6.969069834601792e-19,0.20112721361338629,0.20112682294822934
22.5,3407312396.45658,8.95488852958801e-19,8.9012839494385e-19,0.15038859699175527,0.1503884834967627
22.6,3765662454.7964077,3.27015558223908e-18,3.2505802356557596e-18,0.027947912133861275,0.027947910795311035
22.7,4161700559.067117,2.9901906528825085e-18,2.972291200359099e-18,0.011632284566330912,0.011632284548860141
22.8,4599390379.9940815,9.067572407729514e-19,9.013293415173155e-19,0.012800786845448043,0.01280078661085431
22.9,5083112457.241366,5.32282636506988e-22,5.290960020576677e-22,59.178681028350276,59.17695003455324
23.0,5617708039.538019,3.8614798266117605e-19,3.8383648088587473e-19,0.0605190219802138,0.06051902155095688
23.1,6208527536.439242,2.857010814837436e-19,2.8399086076363935e-19,0.006755612374802262,0.006755612377275595
23.2,6861484066.364698,3.4637982929111376e-23,3.4430598532152793e-23,329.0561849570751,329.04719332132595
23.3,7583112636.674621,1.0573612892906994e-19,1.0510318778570694e-19,0.06591403721105167,0.0659140371746668
23.4,8380635547.974535,1.4268876079981653e-20,1.4183461991533457e-20,0.26707142377434145,0.2670714215711297
23.5,9262034677.18326,3.174440783889645e-20,3.155438459591323e-20,0.1293367719163494,0.12933677185263365
23.6,10236131362.734533,2.391058360693374e-21,2.376745400082459e-21,1.0104817012713987,1.0104816925635314
23.7,11312674691.468481,1.4081536743371748e-20,1.3997244224511047e-20,0.08297525995948404,0.08297525995894117
23.8,12502439070.697971,2.4468293997459215e-21,2.4321826120649022e-21,0.7525440295762431,0.7525440287708136
23.9,13817332062.11203,2.4018061598034447e-22,2.3874288916128454e-22,4.2012331090946065,4.201233085893351
24.0,15270513556.615797,1.4112374981933182e-21,1.402789805892881e-21,0.21242458110989737,0.2124245810752571
24.1,16876527482.95544,1.2864405939736267e-21,1.278739945654207e-21,0.027221280955918737,0.027221280953933256
24.2,18651447368.21926,7.319581575999301e-22,7.27576652466011e-22,0.060694753348829775,0.06069475334458667
24.3,20613037207.105595,2.1461289626770316e-22,2.133282240663627e-22,0.7528496235891304,0.7528496235346768
24.4,22780929249.945854,4.0015290778514665e-24,3.977575962602915e-24,59.886097516580485,59.886097296676716
24.5,25176820488.87785,1.9322755286163868e-22,1.9207089710428952e-22,0.6763687975369481,0.6763687975306982
24.6,27824689808.615944,9.883864676587803e-24,9.824700213065127e-24,10.080992902283397,10.080992900244725
24.7,30751037975.182858,7.027909571385133e-23,6.985840868640259e-23,0.25563288181598487,0.2556328818198747
24.8,33985152864.491734,4.184939834054798e-23,4.1598890861519546e-23,1.0069622661779765,1.0069622662025426
24.9,37559402585.26484,2.580065711362484e-23,2.5646216926956075e-23,0.9387341759833349,0.938734175992003
25.0,41509559429.93131,9.110994054213948e-24,9.056456870690536e-24,1.1615977954771817,1.1615977955166774
25.1,45875157895.73607,3.510876974334871e-24,3.489861516948613e-24,6.6777492464087995,6.677749246589943
25.2,50699890359.283554,7.56530918248349e-26,7.520025226007033e-26,130.0069811294108,130.00698102702023
25.3,56032044364.54494,2.7912269268826017e-26,2.774519731603965e-26,38.394691246669595,38.39469174945551
25.4,61924985900.813225,1.5912666258392658e-24,1.5817423203857783e-24,3.259142320449198,3.2591423205653043
25.5,68437693507.45754,1.1813458864576302e-25,1.1742758099624612e-25,41.39384304239659,41.393843040250744
25.6,75635348550.96774,2.495489456964304e-25,2.4805605079753076e-25,14.55111034485938,14.551110345167254
25.7,83589987581.97441,2.0500830816468403e-25,2.038008895992543e-25,9.282117393388612,9.282117393582501
25.8,92381223301.25757,5.856695639529229e-26,5.856677626729967e-26,1.4493219258144468e-06,1.4493219271702482e-06
25.9,102097041350.413,4.338741631121409e-26,4.3387316260778425e-26,1.004624929440876e-06,1.0046249297385488e-06
26.0,112834680901.72389,3.2142154729146865e-26,3.214209896060115e-26,6.614542410055655e-07,6.614542421721902e-07
26.1,124701607860.47905,2.3811471623705024e-26,2.3811440385622073e-26,4.03057074875145e-07,4.030570750365079e-07
26.2,137816590419.86575,1.7639957298518057e-26,1.7639939688415477e-26,2.109717542921784e-07,2.1097175345226956e-07
26.3,152310887732.96307,1.3067991939793837e-26,1.306798193055295e-26,6.931131730166919e-08,6.931131833825933e-08
26.4,168329563598.46063,9.680999913037866e-27,9.680994165097245e-27,3.457940436475377e-08,3.457940430415182e-08
26.5,186032938307.90454,7.17185663081935e-27,7.171853288012243e-27,1.1044085805414001e-07,1.1044085896437741e-07
26.6,205598193185.05954,5.313038986441274e-27,5.313037012748641e-27,1.6563245114503526e-07,1.6563245111175684e-07
26.7,227221143876.13895,3.9359939621385496e-27,3.935992776185448e-27,2.0565234490265212e-07,2.0565234583436134e-07
26.8,251118200138.60333,2.915854568185832e-27,2.9158538414106718e-27,2.345777134965463e-07,2.3457771252789384e-07
26.9,277528531742.7458,2.1601171646403483e-27,2.160116709731978e-27,2.5541605456488873e-07,2.554160564599805e-07
27.0,306716462163.12585,1.6002534355455207e-27,1.600253144495364e-27,2.70376868488325e-07,2.703768675268841e-07
27.1,338974114016.7429,1.1854963994126559e-27,1.1854962091208778e-27,2.8107798089558144e-07,2.8107798184325487e-07
27.2,374624332724.35565,8.782369805477387e-28,8.782368535530992e-28,2.8870053214744123e-07,2.8870053214461e-07
27.3,414023917655.9556,6.506137102155336e-28,6.506136238650623e-28,2.941044812655756e-07,2.94104480309624e-07
27.4,457567193098.77905,4.819863182980208e-28,4.819862586120852e-28,2.9791429458683947e-07,2.97914296491262e-07
27.5,505689954787.28503,3.570641260033913e-28,3.570640841725985e-28,3.005822297719251e-07,3.005822316772536e-07
27.6,558873831493.3401,2.645195264205673e-28,2.6451949676445753e-28,3.024349298908748e-07,3.0243492893685764e-07
27.7,617651105328.8182,1.9596082653786237e-28,1.959608053179161e-28,3.037076638998972e-07,3.0370766389928043e-07
27.8,682610039003.8677,1.451713104947765e-28,1.4517129519926098e-28,3.045693788860748e-07,3.0456937983902134e-07
27.9,754400763357.8231,1.0754552418301508e-28,1.0754551309491285e-28,3.051410202793856e-07,3.051410212329015e-07
28.0,833741784087.122,7.967166489058373e-29,7.967165681704617e-29,3.0550888694274944e-07,3.0550888694268867e-07
28.1,921427172791.8068,5.902220813785308e-29,5.902220223947758e-29,3.0573432437661635e-07,3.057343253300291e-07
28.2,1018334514310.9471,4.3724718538698657e-29,4.3724714218782085e-29,3.058607848898319e-07,3.058607858439553e-07
28.3,1125433689886.652,3.239206240785595e-29,3.239205923774897e-29,3.059189072387346e-07,3.059189062863149e-07
28.4,1243796584061.5063,2.3996626235465417e-29,2.3996623905830463e-29,3.059301967404584e-07,3.059301976946058e-07
28.5,1374607812459.2793,1.7777135490036536e-29,1.7777133776158066e-29,3.059096734209362e-07,3.0590967342141477e-07
28.6,1519176577816.2432,1.3169624324428372e-29,1.3169623062547113e-29,3.058677593472563e-07,3.058677583944708e-07
28.7,1678949772922.114,9.756296700814848e-30,9.756295771202102e-30,3.05811646429903e-07,3.058116454771273e-07
28.8,1855526461609.3718,7.227641797708529e-30,7.227641112543997e-30,3.057462496487011e-07,3.0574624964962953e-07
28.9,2050673882721.521,5.354368425578941e-30,5.354367920430178e-30,3.0567490857818244e-07,3.0567490857912603e-07
29.0,2266345137233.3164,3.966613539310409e-30,3.966613166805292e-30,3.0559986412051396e-07,3.055998641209905e-07
29.1,2504698735541.767,2.938539531596681e-30,2.9385392568412538e-30,3.055225954390267e-07,3.055225954395775e-07
29.2,2768120200563.554,2.176923631603719e-30,2.176923428929304e-30,3.054440727261931e-07,3.0544407463365674e-07
29.3,3059245942850.123,1.6127047266652656e-30,1.6127045771442262e-30,3.0536490784948504e-07,3.053649088032174e-07
29.4,3380989646670.5454,1.1947210959275528e-30,1.1947209856162536e-30,3.0528548994088875e-07,3.0528548803482157e-07
29.5,3736571431142.83,8.85071210839716e-31,8.850711294518424e-31,3.0520604296614617e-07,3.0520604201414165e-07
29.6,4129550078268.3467,6.556769326747119e-31,6.556768726253063e-31,3.051266904501116e-07,3.051266904510231e-07
29.7,4563858650418.038,4.857374673616931e-31,4.8573742305582284e-31,3.0504750166429304e-07,3.0504749975825307e-07
29.8,5043843853742.455,3.598432093355437e-31,3.5984317664459006e-31,3.0496849705390614e-07,3.049684980079713e-07
29.9,5574309541467.801,2.6657844303723448e-31,2.665784189162767e-31,3.048896834376373e-07,3.048896834389775e-07
30.0,6160564792473.346,1.974861989597894e-31,1.9748618116221146e-31,3.0481104347851767e-07,3.0481104347934115e-07
30.1,6808477046337.259,1.4630140030367808e-31,1.463013871723428e-31,3.0473256135161293e-07,3.047325613525168e-07
30.2,7524530826643.665,1.0838276415184553e-31,1.0838275446294295e-31,3.046542153456231e-07,3.0465421725305545e-07
30.3,8315892640274.017,8.029194357854125e-32,8.029193642980648e-32,3.0457599357114607e-07,3.045759916652215e-07
30.4,9190482702216.553,5.94817485002359e-32,5.948174322589856e-32,3.0449786568195956e-07,3.044978647297271e-07
30.5,10157054203739.475,4.406517402989237e-32,4.406517013849997e-32,3.044198263675584e-07,3.044198263682392e-07
30.6,11225280917271.15,3.2644292490970464e-32,3.264428961995295e-32,3.043418564457712e-07,3.0434185549341463e-07
30.7,12405854014765.47,2.4183493514259865e-32,2.4183491395995706e-32,3.042639456784803e-07,3.0426394567932605e-07
30.8,13710589068543.877,1.7915577997811917e-32,1.7915576435021328e-32,3.041860887716713e-07,3.041860897260017e-07
30.9,15152544305514.236,1.327219080429505e-32,1.327218965138216e-32,3.041082755936675e-07,3.041082784546082e-07
31.0,16746151298293.969,9.832284036785241e-33,9.832283186218159e-33,3.0403050235770834e-07,3.0403050235833117e-07
31.1,18507359401239.29,7.283937694415413e-33,7.283937066932818e-33,3.0395275897436526e-07,3.0395275802168004e-07
31.2,20453795376943.418,5.396075717896094e-33,5.396075254980757e-33,3.0387504503340064e-07,3.038750459884323e-07
31.3,22604939810800.707,3.997512719839772e-33,3.997512378350132e-33,3.037973619774125e-07,3.037973600721999e-07
31.4,24982322079252.402,2.961431419864987e-33,2.961431167946784e-33,3.0371970244197687e-07,3.0371970434985696e-07
31.5,27609735823021.098,2.1938832447717786e-33,2.193883058936686e-33,3.0364207203979036e-07,3.0364207204083947e-07
31.6,30513477081864.156,1.625269362767841e-33,1.6252692256835862e-33,3.035644654109611e-07,3.0356446445855107e-07
31.7,33722607474176.473,1.204029677643983e-33,1.2040295765218651e-33,3.034868813761421e-07,3.0348687947115285e-07
31.8,37269245055434.48,8.919675200173593e-34,8.919674454274957e-34,3.034093219070699e-07,3.034093219084835e-07
31.9,41188885766489.86,6.607860928642633e-34,6.607860378448476e-34,3.033317911087269e-07,3.0333179110943696e-07
32.0,45520758688874.055,4.895226068069801e-34,4.895225662245453e-34,3.0325428086852856e-07,3.032542789629686e-07
32.1,50308218662631.2,3.626474404064763e-34,3.6264741047256293e-34,3.031768003702175e-07,3.03176798465285e-07
32.2,55599180196126.82,2.686559631692003e-34,2.6865594109068236e-34,3.030993426949908e-07,3.030993426961699e-07
32.3,61446597010550.59,1.9902533212816507e-34,1.9902531584375314e-34,3.030219143472827e-07,3.0302191434872397e-07
32.4,67908992018556.445,1.474416675468263e-34,1.4744165553570442e-34,3.029445142629464e-07,3.0294451617048895e-07
32.5,75051043041235.7,1.0922753044489306e-34,1.0922752158631948e-34,3.0286714523149265e-07,3.028671433265262e-07
32.6,82944230125493.6,8.091778739522657e-35,8.091778086159216e-35,3.0278979958483166e-07,3.0278980053966903e-07
32.7,91667550940376.2,5.994540334172029e-35,5.994539852315753e-35,3.0271249254957893e-07,3.0271249255058436e-07
32.8,101308311412293.05,4.440867111880834e-35,4.440866756518617e-35,3.0263521457450636e-07,3.026352145758646e-07
32.9,111962999512073.28,3.289877077983536e-35,3.2898768159077076e-35,3.0255796945490134e-07,3.0255797136233023e-07
33.0,123738250938996.72,2.437202236038743e-35,2.437202042765673e-35,3.0248075811905746e-07,3.0248075812052145e-07
33.1,136751916366720.7,1.805524836261677e-35,1.8055246937318927e-35,3.024035805304087e-07,3.024035795783251e-07
33.2,151134240932419.94,1.337566453229716e-35,1.3375663481234072e-35,3.0232643854033066e-07,3.0232643949489364e-07
33.3,167029167773894.62,9.908941648230897e-36,9.90894087316635e-36,3.0224933588400945e-07,3.0224933683916446e-07
33.4,184595778660874.28,7.340728733547779e-36,7.340728161992878e-36,3.021722676890353e-07,3.021722686441434e-07
33.5,204009886138819.38,5.438148737347807e-36,5.438148315885798e-36,3.0209523572356965e-07,3.020952366783265e-07
33.6,225465793119980.22,4.028682006955577e-36,4.0286816961853316e-36,3.0201824743594117e-07,3.020182483901362e-07
33.7,249178237532228.97,2.9845227723008124e-36,2.984522543156872e-36,3.019412987914826e-07,3.01941298793088e-07
33.8,275384541488414.5,2.2109901390817257e-36,2.2109899701279577e-36,3.018643885656371e-07,3.018643885665433e-07
33.9,304346986485834.7,1.6379427372354874e-36,1.637942612653969e-36,3.0178752024161166e-07,3.0178751928926403e-07
34.0,336355438407585.2,1.2134185329654626e-36,1.2134184411123115e-36,3.017106915183877e-07,3.017106896129283e-07
34.1,371730248597764.0,8.989230832390085e-37,8.989230155176792e-37,3.016339076459067e-07,3.016339057401908e-07
34.2,410825460045361.3,6.659389870815069e-37,6.659389371517088e-37,3.015571623486036e-07,3.01557161396484e-07
34.3,454032350765486.94,4.9334002214327045e-37,4.933399853325863e-37,3.014804606933277e-07,3.014804616478701e-07
34.4,501783349841257.44,3.654754889330518e-37,3.6547546179396396e-37,3.0140380286551977e-07,3.014038019137575e-07
34.5,554556365319353.3,2.707510573556551e-37,2.7075103734907955e-37,3.013271879661063e-07,3.0132718892107086e-07
34.6,612879567274411.0,2.005774313917902e-37,2.005774166419861e-37,3.0125061494233673e-07,3.012506149436108e-07
34.7,677336673912596.0,1.4859150030338557e-37,1.4859148942997556e-37,3.0117408732803563e-07,3.011740873292046e-07
34.8,748572793619596.1,1.1007935293076657e-37,1.100793449154875e-37,3.0109759986550826e-07,3.0109759795989435e-07
34.9,827300881422174.2,8.154883592698202e-38,8.154883001832907e-38,3.010211518139818e-07,3.0102115276875485e-07
35.0,914308874481622.6,6.04128969273819e-38,6.041289257200822e-38,3.0094474594874636e-07,3.009447459498927e-07
35.1,1010467578033757.4,4.475499926359891e-38,4.4754996053090856e-38,3.008683808790686e-07,3.008683799270775e-07
35.2,1116739380700313.2,3.315533680761962e-38,3.315533444129917e-38,3.0079205097824884e-07,3.007920509797661e-07
35.3,1234187886397724.0,2.456209068583703e-38,2.456208894161124e-38,3.007157567867155e-07,3.007157577414961e-07
35.4,1363988559242608.5,1.8196053850527583e-38,1.8196052564956077e-38,3.006394906100011e-07,3.006394925169382e-07
35.5,1507440487991594.5,1.347997518239882e-38,1.3479974234851153e-38,3.005632564126321e-07,3.005632564133322e-07
35.6,1665979387758319.5,9.986216283115002e-39,9.986215584796505e-39,3.004870458332374e-07,3.004870448811185e-07
35.7,1841191969132689.2,7.3979746501958e-39,7.397974135519986e-39,3.0041085325418135e-07,3.004108513485686e-07
35.8,2034831818513749.5,5.480557081179252e-39,5.4805567018584374e-39,3.003346679430378e-07,3.003346698507991e-07
35.9,2248836948591771.0,4.0600984752274763e-39,4.0600981956952894e-39,3.002584890346578e-07,3.002584880822828e-07
36.0,2485349194630408.5,3.0077963241209516e-39,3.0077961181117016e-39,3.0018230040168585e-07,3.0018230135557825e-07
36.1,2746735650674050.5,2.2282313289258818e-39,2.2282311771166838e-39,3.0010609598405776e-07,3.001060959852792e-07
36.2,3035612360220365.5,1.6507150948363156e-39,1.6507149829663614e-39,3.000298497318335e-07,3.000298497330227e-07
36.3,3354870498462872.0,1.222880342042658e-39,1.2228802596063034e-39,2.999535493065687e-07,2.999535483542499e-07
36.4,3707705308144031.0,9.059324143353148e-40,9.059323535939586e-40,2.998771714968672e-07,2.998771695915567e-07
36.5,4097648078618186.5,6.7113150808032765e-40,6.711314633231813e-40,2.9980068702147e-07,2.998006879754105e-07
36.6,4528601488182561.0,4.97186641822664e-40,4.971866088455632e-40,2.9972406130924993e-07,2.9972406035682904e-07
36.7,5004878663392956.0,3.683250603617466e-40,3.6832503606401194e-40,2.996472550379902e-07,2.99647253131796e-07
36.8,5531246346283956.0,2.7286201328979264e-40,2.7286199538835744e-40,2.995702081585675e-07,2.9957020815925965e-07
36.9,6112972601525369.0,2.021412202692439e-40,2.0214120708020706e-40,2.9949286549575177e-07,2.9949286644973787e-07
37.0,6755879540983465.0,1.4974994796212851e-40,1.4974993824550407e-40,2.994151504163186e-07,2.9941514755680043e-07
37.1,7466401593373779.0,1.1093752439387737e-40,1.1093751723538466e-40,2.9933696559004414e-07,2.993369655906833e-07
37.2,8251649902185686.0,8.218456356188138e-41,8.2184558288215e-41,2.9925820165496815e-07,2.992581997493489e-07
37.3,9119483496396484.0,6.088383900426653e-41,6.088383511954259e-41,2.991787145517696e-07,2.9917871359927655e-07
37.4,1.0078587946274888e+16,4.510386899869305e-41,4.5103866136891234e-41,2.9909833807246693e-07,2.990983380728568e-07
37.5,1.1138562291486572e+16,3.3413776078539564e-41,3.3413773970584756e-41,2.990168580026202e-07,2.990168580029025e-07
37.6,1.2310015111510106e+16,2.475353970467944e-41,2.475353815201462e-41,2.9893402956159094e-07,2.9893402765562736e-07
37.7,1.3604670699864878e+16,1.8337877032275299e-41,1.8337875888663062e-41,2.9884953866772605e-07,2.9884953676152377e-07
37.8,1.5035486404781146e+16,1.358503599643124e-41,1.358503515406586e-41,2.9876300862519895e-07,2.987630086251932e-07
37.9,1.6616782310696216e+16,1.0064043907257197e-41,1.006404328685624e-41,2.9867397737491096e-07,2.986739764220665e-07
38.0,1.8364384558470948e+16,7.455628229610831e-42,7.455627772695188e-42,2.9858188474730363e-07,2.985818847475664e-07
38.1,2.0295783738727836e+16,5.523265971459585e-42,5.523265634957087e-42,2.984860384619297e-07,2.984860394151411e-07
38.2,2.243030994355883e+16,4.091736533785227e-42,4.091736285972794e-42,2.983856046865904e-07,2.983856056398898e-07
38.3,2.4789326228583988e+16,3.031233264171762e-42,3.03123308167891e-42,2.9827955436476623e-07,2.982795524582653e-07
38.4,2.7396442421591356e+16,2.2455930013096785e-42,2.2455928669232194e-42,2.981666354546344e-07,2.981666364073382e-07
38.5,3.027775141762897e+16,1.663576303597115e-42,1.663576204643933e-42,2.9804532272053903e-07,2.9804532176714924e-07
38.6,3.3462090325466532e+16,1.2324076811072753e-42,1.2324076082436063e-42,2.979137440175667e-07,2.979137440176377e-07
38.7,3.698132907907217e+16,9.129900799488926e-43,9.129900262992248e-43,2.977696215939637e-07,2.9776962064078704e-07
38.8,4.087068940262212e+16,6.763596838223717e-43,6.763596443214974e-43,2.9761016630770425e-07,2.9761016726094645e-07
38.9,4.5169097321353064e+16,5.010595655239598e-43,5.0105953644008765e-43,2.9743197922973054e-07,2.9743198113608963e-07
39.0,4.9919572746306184e+16,3.711940394951189e-43,3.711940180839143e-43,2.972309123024139e-07,2.9723091039543007e-07
39.1,5.516966003205281e+16,2.749872902979478e-43,2.7498727453487496e-43,2.9700187589991994e-07,2.970018758997473e-07
39.2,6.0971903816574696e+16,2.03715578017736e-43,2.037155664141218e-43,2.9673868479366107e-07,2.967386857468686e-07
39.3,6.73843749056597e+16,1.509161963528787e-43,1.509161878105998e-43,2.964337694243824e-07,2.9643376656420374e-07
39.4,7.447125146504166e+16,1.1180145420585887e-43,1.118014479177591e-43,2.9607787501305395e-07,2.9607787405928765e-07
39.5,8.230346133705394e+16,8.282454246511867e-44,8.282453783671594e-44,2.9565971916085407e-07,2.9565971915995606e-07
39.6,9.095939191030944e+16,6.135792013670009e-44,6.135791673010311e-44,2.9516550057606663e-07,2.9516550152923704e-07
39.7,1.0052567464703206e+17,4.54550568830229e-44,4.545505437567015e-44,2.9457838564558654e-07,2.945783856452587e-07
39.8,1.1109805211984477e+17,3.36739275222883e-44,3.367392567688915e-44,2.938777942936984e-07,2.93877794293215e-07
39.9,1.2278233623561229e+17,2.494625351660746e-44,2.494625215851028e-44,2.930385914644372e-07,2.9303859146420995e-07
40.0,1.3569546723656925e+17,1.8480634669979478e-44,1.8480633670566756e-44,2.920300948431091e-07,2.920300948420556e-07
40.1,1.499666840775602e+17,1.3690787316381039e-44,1.369078658086452e-44,2.908148097188812e-07,2.9081481162451255e-07
40.2,1.65738817892937e+17,1.0142381856433801e-44,1.0142381315234053e-44,2.8934695215013097e-07,2.8934695119563495e-07
40.3,1.8316972149855258e+17,7.513659032642302e-45,7.513658634422015e-45,2.8757059517154446e-07,2.8757059326424305e-07
40.4,2.0243384923579136e+17,5.566253746632525e-45,5.566253453630782e-45,2.8541743104052435e-07,2.854174310393015e-07
40.5,2.2372400296925283e+17,4.123580810432277e-45,4.1235805948563333e-45,2.828040308360281e-07,2.828040308348037e-07
40.6,2.4725326171260054e+17,3.054822716806884e-45,3.0548225582015e-45,2.7962849521130234e-07,2.796284952102312e-07
40.7,2.7325711419494685e+17,2.263067487754423e-45,2.2630673710734118e-45,2.7576635524171006e-07,2.757663552402474e-07
40.8,3.019958157111943e+17,1.6765209766826924e-45,1.6765208908486004e-45,2.7106559927975325e-07,2.7106560118476783e-07
40.9,3.337569928444905e+17,1.2419967819942832e-45,1.2419967188508354e-45,2.653405519427738e-07,2.653405538476659e-07
41.0,3.688585221297454e+17,9.200934567380068e-46,9.200934102901255e-46,2.5836442615398604e-07,2.5836442519862155e-07
41.1,4.076517114688098e+17,6.816216979244441e-46,6.8162166376246254e-46,2.498602310646297e-07,2.4986022915566864e-07
41.2,4.5052481613803194e+17,5.049575435384235e-46,5.049575184129649e-46,2.394896391125917e-07,2.3948963815614464e-07
41.3,4.979069245775444e+17,3.740815728937109e-46,3.7408155441444256e-46,2.2683942517204805e-07,2.2683942612161042e-07
41.4,5.5027225285257414e+17,2.7712631073402085e-46,2.7712629714411386e-46,2.114048737576691e-07,2.1140487375397833e-07
41.5,6.081448907672127e+17,2.053001178966063e-46,2.0530010790358586e-46,1.925695239759091e-07,1.925695230178666e-07
41.6,6.721040471312852e+17,1.5208999005362823e-46,1.5208998270480216e-46,1.6958042592519484e-07,1.6958042687274407e-07
41.7,7.427898466767928e+17,1.1267097661291667e-46,1.1267097120938035e-46,1.4151792897623214e-07,1.4151792610897723e-07
41.8,8.20909736641357e+17,8.346866757625735e-47,8.346866360326864e-47,1.0725876913455406e-07,1.0725876817195502e-07
41.9,9.072455671379222e+17,6.183507591038269e-47,6.1835072989346565e-47,6.543097612536051e-08,6.543097706765274e-08
42.0,1.0026614161734734e+18,4.580852536473111e-47,4.580852321735077e-47,1.435885007306526e-08,1.4358850058942038e-08
42.1,1.1081122376320873e+18,3.39357710418326e-47,3.393576946317019e-47,4.8004342153795e-08,4.8004341218213915e-08
42.2,1.224653418774366e+18,2.5140223114368124e-47,2.5140221953956656e-47,1.2415847361505597e-07,1.2415847173044758e-07
42.3,1.3534513429078236e+18,1.86243245850463e-47,1.862432373212905e-47,2.1715688276100408e-07,2.1715688088158417e-07
42.4,1.495795062943013e+18,1.3797230976815646e-47,1.379723034989466e-47,3.3072895083502525e-07,3.3072895086983836e-07
42.5,1.6531092026683118e+18,1.0221234148875216e-47,1.0221233688151205e-47,4.694297309446059e-07,4.694297328947931e-07
42.6,1.8269682148635192e+18,7.57207209830314e-48,7.57207175971461e-48,6.388227861647203e-07,6.388227843133003e-07
42.7,2.01911213895245e+18,5.609525749544041e-48,5.609525500723211e-48,8.457034617640758e-07,8.457034618335288e-07
42.8,2.231464015902263e+18,4.155636529285499e-48,4.155636346464417e-48,1.0983715991719036e-06,1.0983716011648726e-06
42.9,2.46614913466373e+18,3.078569555989666e-48,3.078569421658237e-48,1.406964652683306e-06,1.406964650876034e-06
43.0,2.725516302777385e+18,2.280659202025055e-48,2.280659103324539e-48,1.78386451861464e-06,1.7838645168217336e-06
43.1,3.012161354028657e+18,1.6895530323903298e-48,1.6895529598800095e-48,2.24419445859276e-06,2.244194458722771e-06
43.2,3.328953128424868e+18,1.2516510763125896e-48,1.2516510230479843e-48,2.8064260456063166e-06,2.8064260457558586e-06
43.3,3.6790621845101476e+18,9.272455225263181e-49,9.27245483399032e-49,3.493120478116429e-06,3.493120476379221e-06
43.4,4.0659925313808666e+18,6.869201188256239e-49,6.869200900869329e-49,4.331833996653394e-06,4.331833999705327e-06
43.5,4.493616697986395e+18,5.088827830555531e-49,5.088827619493868e-49,5.356223798110771e-06,5.356223799281717e-06
43.6,4.966214490700127e+18,3.76989553808192e-49,3.769895383081001e-49,6.607398742985039e-06,6.607398746090467e-06
43.7,5.488515827060111e+18,2.792806979095215e-49,2.7928068652694373e-49,8.135569137813042e-06,8.13556913428287e-06
43.8,6.065748074373352e+18,2.068962327928617e-49,2.068962244353434e-49,1.000206168126997e-05,1.0002061682536224e-05
43.9,6.703688366964566e+18,1.5327252618320694e-49,1.5327252004713802e-49,1.2281780593991248e-05,1.2281780596239866e-05
44.0,7.408721425678238e+18,1.1354712286127938e-49,1.135471183562073e-49,1.5066213473266205e-05,1.5066213471731138e-05
44.1,8.187903458310312e+18,8.411782975464732e-50,8.411782644746497e-50,1.8467102591468088e-05,1.846710259187478e-05
44.2,9.049032780507409e+18,6.231607834290762e-50,6.231607591558e-50,2.262092891940058e-05,2.2620928919847212e-05
44.3,1.0000727863930601e+19,4.616494572891527e-50,4.6164943947225115e-50,2.7694388652051822e-05,2.7694388646802e-05
44.4,1.1052513592816247e+19,3.419989235472605e-50,3.4199891047151083e-50,3.389108192348916e-05,3.3891081923967594e-05
44.5,1.2214916592218417e+19,2.5335961321995317e-50,2.533596036237393e-50,4.1459681992086384e-05,4.145968199166585e-05
44.6,1.349957058201055e+19,1.8769397293885047e-50,1.8769396589763917e-50,5.07039122741215e-05,5.070391227841699e-05
44.7,1.4919332811063208e+19,1.3904764033800127e-50,1.3904763517197557e-50,6.199473131624328e-05,6.19947313186514e-05
44.8,1.6488412736912144e+19,1.0300951786651815e-50,1.0300951407634937e-50,7.578521385264372e-05,7.578521385402472e-05
44.9,1.8222514238784664e+19,7.631178590363623e-51,7.631178312326587e-51,9.262872416515618e-05,9.262872416544916e-05
45.0,2.013899278730051e+19,5.653358538991165e-51,5.653358335050996e-51,0.00011320110942906683,0.00011320110942926138
45.1,2.22570291438551e+19,4.1881500672472295e-51,4.188149917663067e-51,0.00013832780131329552,0.00013832780131326029
45.2,2.4597821328124973e+19,3.102693730951484e-51,3.102693621263418e-51,0.00016901690982572685,0.0001690169098276751
45.3,2.7184796774973325e+19,2.2985648667959787e-51,2.2985647863601392e-51,0.00020649963218423903,0.00020649963218435084
45.4,3.0043846804091466e+19,1.7028487093318238e-51,1.7028486503588036e-51,0.0002522795903135531,0.00025227959031523056
45.5,3.3203585749027406e+19,1.2615286795381521e-51,1.2615286363015224e-51,0.0003081930649310913,0.0003081930649302217
45.6,3.6695637339053556e+19,9.345883118327582e-52,9.345882801391387e-52,0.0003764825255767561,0.00037648252557476544
45.7,4.055495120007589e+19,6.923826747712202e-52,6.923826515398373e-52,0.0004598863806828834,0.00045988638067998467
45.8,4.482015264223657e+19,5.129502551342188e-52,5.129502381083192e-52,0.0005617485094484498,0.0005617485094490036
45.9,4.953392923499874e+19,3.800215539364001e-52,3.800215414586563e-52,0.0006861519115927486,0.0006861519115928064
46.0,5.474345803868748e+19,2.8154381896015756e-52,2.8154380981762486e-52,0.0008380817493986229,0.0008380817493962687
