1.0, -5.0, 0.008789777755737305, 42.08117954511395, 0.11033415794372559, 0.017269768603677196
1.0, -5.5, 0.00876927375793457, 42.08117873665529, 0.11149454116821289, 0.017269768603677196
1.0, -6.0, 0.009120464324951172, 42.08117873665529, 0.11236453056335449, 0.017269768780024855
1.0, -6.5, 0.008884906768798828, 42.081178171732546, 0.11106348037719727, 0.017269768944406353
1.0, -7.0, 0.009586572647094727, 42.081176814755594, 0.1211550235748291, 0.017269663722104107
1.0, -7.5, 0.009689807891845703, 42.08117657361832, 0.1224527359008789, 0.017269662543778125
1.0, -8.0, 0.009692907333374023, 42.081176676999846, 0.11877703666687012, 0.017269662521976176
1.0, -8.5, 0.010115385055541992, 42.081176982560535, 0.13240909576416016, 0.017269660068134445
1.0, -9.0, 0.011638164520263672, 42.08117698090087, 0.1451106071472168, 0.017269659493315905
1.0, -9.5, 0.011815071105957031, 42.08117697728677, 0.15554165840148926, 0.017269659163677092
1.0, -10.0, 0.01298069953918457, 42.08117698473925, 0.170304536819458, 0.017269659069451146
1.0, -10.5, 0.015048027038574219, 42.081176986084465, 0.19324517250061035, 0.017269659037395774
1.0, -11.0, 0.017098426818847656, 42.08117698691673, 0.22545933723449707, 0.017269659026240895
1.0, -11.5, 0.019324779510498047, 42.08117698720286, 0.25519728660583496, 0.017269659022374925
1.0, -12.0, 0.023796558380126953, 42.08117698729963, 0.3168504238128662, 0.017269659021184477
1.0, -12.5, 0.027611732482910156, 42.08117698732892, 0.36097121238708496, 0.01726965902118366
1.0, -13.0, 0.030774354934692383, 42.08117698734164, 0.39340710639953613, 0.017269659021182118
1.0, -13.5, 0.03381538391113281, 42.08117698734641, 0.43673181533813477, 0.01726965902118109
1.0, -14.0, 0.03670048713684082, 42.08117698734912, 0.468921422958374, 0.01726965902118
1.0, -14.5, 0.03780841827392578, 42.081176987349444, 0.48708271980285645, 0.017269659021184103
1.0, -15.0, 0.037696123123168945, 42.081176987349714, 0.5071098804473877, 0.017269659021177892
1.0, -15.5, 0.03855299949645996, 42.08117698734938, 0.5149571895599365, 0.017269659021179353
1.0, -16.0, 0.04000425338745117, 42.081176987350474, 0.5310587882995605, 0.017269659021179717
1.0, -16.5, 0.03936600685119629, 42.0811769873503, 0.56699538230896, 0.01726965902118044
1.0, -17.0, 0.03879117965698242, 42.081176987349764, 0.565943717956543, 0.01726965902117975
1.0, -17.5, 0.04003429412841797, 42.0811769873495, 0.5738639831542969, 0.01726965902117918
1.0, -18.0, 0.03939008712768555, 42.08117698735044, 0.5787758827209473, 0.01726965902117676
1.5, -5.0, 0.010394573211669922, 40.200194379768575, 0.1191718578338623, 0.016064404669974785
1.5, -5.5, 0.009770631790161133, 40.200194379768575, 0.11963868141174316, 0.01606440474689968
1.5, -6.0, 0.010109424591064453, 40.200187455675476, 0.12016677856445312, 0.016064404865061464
1.5, -6.5, 0.010323286056518555, 40.20016933554908, 0.12146449089050293, 0.016064404978784558
1.5, -7.0, 0.010503292083740234, 40.20016609014514, 0.12291383743286133, 0.01606429467186988
1.5, -7.5, 0.010041475296020508, 40.200165363100716, 0.12488126754760742, 0.016064293795688276
1.5, -8.0, 0.010792255401611328, 40.20016515569004, 0.13739681243896484, 0.016064293779521528
1.5, -8.5, 0.011040449142456055, 40.20016509413423, 0.1372978687286377, 0.01606429116521985
1.5, -9.0, 0.011362075805664062, 40.20016503954863, 0.14587068557739258, 0.01606429060559455
1.5, -9.5, 0.011566400527954102, 40.200165019502656, 0.16025996208190918, 0.016064290262120758
1.5, -10.0, 0.01255941390991211, 40.20016501345955, 0.17276382446289062, 0.01606429016632615
1.5, -10.5, 0.013885021209716797, 40.200165011807655, 0.20561838150024414, 0.016064290134202845
1.5, -11.0, 0.01525259017944336, 40.200165011316884, 0.217329740524292, 0.01606429012292372
1.5, -11.5, 0.016556739807128906, 40.20016501119657, 0.2624800205230713, 0.016064290118973933
1.5, -12.0, 0.020374774932861328, 40.200165011159065, 0.3272128105163574, 0.016064290117786154
1.5, -12.5, 0.023572921752929688, 40.20016501116817, 0.3689558506011963, 0.016064290117783618
1.5, -13.0, 0.02685379981994629, 40.20016501116613, 0.4044036865234375, 0.016064290117765848
1.5, -13.5, 0.030963897705078125, 40.20016501116375, 0.439211368560791, 0.016064290117761237
1.5, -14.0, 0.03339862823486328, 40.20016501116353, 0.4718654155731201, 0.016064290117764952
1.5, -14.5, 0.035871267318725586, 40.200165011164565, 0.5038955211639404, 0.01606429011776521
1.5, -15.0, 0.0392765998840332, 40.20016501116733, 0.5170419216156006, 0.016064290117763957
1.5, -15.5, 0.040245771408081055, 40.20016501116616, 0.5311462879180908, 0.016064290117764248
1.5, -16.0, 0.040795326232910156, 40.20016501116707, 0.546166181564331, 0.016064290117761715
1.5, -16.5, 0.04111909866333008, 40.20016501116622, 0.5565202236175537, 0.016064290117763984
1.5, -17.0, 0.041620731353759766, 40.20016501116527, 0.564422607421875, 0.016064290117768273
1.5, -17.5, 0.04246330261230469, 40.20016501116657, 0.5704381465911865, 0.01606429011775829
1.5, -18.0, 0.0408787727355957, 40.2001650111666, 0.575702428817749, 0.01606429011776512
2.0, -5.0, 0.009069204330444336, 41.431236003214025, 0.10999917984008789, 0.009653715011103127
2.0, -5.5, 0.009079694747924805, 41.430809279907564, 0.10976219177246094, 0.00965371496247935
2.0, -6.0, 0.009605884552001953, 41.43079354075738, 0.11068344116210938, 0.009653714917626368
2.0, -6.5, 0.009217500686645508, 41.430766594061225, 0.11266016960144043, 0.009653714922098957
2.0, -7.0, 0.009261608123779297, 41.43074891434118, 0.1130821704864502, 0.009653598695191808
2.0, -7.5, 0.009312868118286133, 41.430744514363774, 0.11460304260253906, 0.009653597793860672
2.0, -8.0, 0.009530782699584961, 41.430742679095566, 0.12058281898498535, 0.009653597784508054
2.0, -8.5, 0.01021432876586914, 41.4307421204938, 0.12847304344177246, 0.009653594963796508
2.0, -9.0, 0.011610031127929688, 41.43074188410649, 0.14049625396728516, 0.009653594401834649
2.0, -9.5, 0.011455774307250977, 41.43074179755514, 0.15125679969787598, 0.009653594067765173
2.0, -10.0, 0.012894153594970703, 41.43074177076184, 0.17047953605651855, 0.009653593970189278
2.0, -10.5, 0.013640165328979492, 41.4307417632204, 0.19192218780517578, 0.009653593937666682
2.0, -11.0, 0.016441822052001953, 41.430741760512085, 0.22839021682739258, 0.009653593926305161
2.0, -11.5, 0.018932104110717773, 41.43074175979636, 0.2815372943878174, 0.009653593922518144
2.0, -12.0, 0.021208763122558594, 41.43074175956249, 0.3532876968383789, 0.00965359392131578
2.0, -12.5, 0.025022029876708984, 41.43074175953933, 0.3848893642425537, 0.009653593921306653
2.0, -13.0, 0.028643131256103516, 41.430741759526974, 0.4263770580291748, 0.009653593921282004
2.0, -13.5, 0.0319063663482666, 41.43074175951763, 0.4598841667175293, 0.009653593921281187
2.0, -14.0, 0.03565049171447754, 41.430741759512685, 0.49956822395324707, 0.009653593921278772
2.0, -14.5, 0.037488698959350586, 41.430741759511605, 0.5170962810516357, 0.009653593921277206
2.0, -15.0, 0.04167747497558594, 41.4307417595125, 0.5605099201202393, 0.009653593921281413
2.0, -15.5, 0.043398141860961914, 41.430741759512685, 0.5670368671417236, 0.00965359392128495
2.0, -16.0, 0.04483962059020996, 41.430741759513126, 0.5849666595458984, 0.009653593921280202
2.0, -16.5, 0.04517531394958496, 41.430741759513516, 0.5958938598632812, 0.009653593921275249
2.0, -17.0, 0.04584455490112305, 41.430741759512586, 0.6041362285614014, 0.009653593921277563
2.0, -17.5, 0.046668052673339844, 41.430741759513246, 0.6249408721923828, 0.00965359392127653
2.0, -18.0, 0.04761195182800293, 41.43074175951328, 0.6278746128082275, 0.009653593921282037
2.5, -5.0, 0.00927591323852539, 41.89230211717473, 0.11502599716186523, 0.008798056516205474
2.5, -5.5, 0.009782075881958008, 41.89169047842004, 0.11511397361755371, 0.008798056866219045
2.5, -6.0, 0.01058053970336914, 41.891394216354705, 0.1134035587310791, 0.008798056866219045
2.5, -6.5, 0.010058403015136719, 41.89128058052607, 0.11491107940673828, 0.008798072380595046
2.5, -7.0, 0.009999513626098633, 41.8912340281038, 0.11334085464477539, 0.008798179984798106
2.5, -7.5, 0.009865045547485352, 41.89121680709814, 0.11586284637451172, 0.00879818052808021
2.5, -8.0, 0.010143518447875977, 41.89121134117193, 0.12234067916870117, 0.00879818079197547
2.5, -8.5, 0.010757923126220703, 41.891209712769445, 0.12779998779296875, 0.008798183583551165
2.5, -9.0, 0.011670112609863281, 41.89120905821182, 0.13760614395141602, 0.008798184056997331
2.5, -9.5, 0.013352632522583008, 41.891208831907825, 0.15009331703186035, 0.008798184328090502
2.5, -10.0, 0.014936208724975586, 41.89120876407913, 0.17128896713256836, 0.008798184416065778
2.5, -10.5, 0.01627659797668457, 41.89120874114121, 0.20164012908935547, 0.008798184445165494
2.5, -11.0, 0.018468618392944336, 41.891208735409364, 0.23200488090515137, 0.008798184454889847
2.5, -11.5, 0.022097110748291016, 41.8912087334003, 0.27808237075805664, 0.008798184458062958
2.5, -12.0, 0.025793790817260742, 41.891208732793196, 0.3493669033050537, 0.00879818445914219
2.5, -12.5, 0.027666091918945312, 41.89120873270832, 0.37813687324523926, 0.008798184459219576
2.5, -13.0, 0.03514552116394043, 41.891208732671586, 0.4634242057800293, 0.008798184459264613
2.5, -13.5, 0.039877891540527344, 41.891208732662434, 0.5111544132232666, 0.00879818445927669
2.5, -14.0, 0.042528629302978516, 41.89120873266499, 0.5550274848937988, 0.008798184459295122
2.5, -14.5, 0.04286456108093262, 41.891208732665774, 0.542860746383667, 0.008798184459295585
2.5, -15.0, 0.045780181884765625, 41.89120873266601, 0.5598061084747314, 0.008798184459297082
2.5, -15.5, 0.04864978790283203, 41.891208732665696, 0.5620987415313721, 0.008798184459295064
2.5, -16.0, 0.04975533485412598, 41.89120873266552, 0.5669949054718018, 0.008798184459297758
2.5, -16.5, 0.049741268157958984, 41.89120873266531, 0.5782594680786133, 0.008798184459296518
2.5, -17.0, 0.05172848701477051, 41.891208732665945, 0.6085331439971924, 0.00879818445929498
2.5, -17.5, 0.05281782150268555, 41.8912087326669, 0.6081960201263428, 0.008798184459298412
2.5, -18.0, 0.052361249923706055, 41.89120873266583, 0.6132128238677979, 0.008798184459295318
3.0, -5.0, 0.009856939315795898, 42.02216648767963, 0.11702322959899902, 0.02464576234970124
3.0, -5.5, 0.010181903839111328, 42.01952506859978, 0.11895918846130371, 0.024645744832482188
3.0, -6.0, 0.010385274887084961, 42.018880951027086, 0.12106704711914062, 0.02464577731441897
3.0, -6.5, 0.010955333709716797, 42.018587776516846, 0.12157797813415527, 0.024645838761713466
3.0, -7.0, 0.011274576187133789, 42.01847900190464, 0.12276315689086914, 0.024645850751420277
3.0, -7.5, 0.011153697967529297, 42.01844457799697, 0.1255817413330078, 0.024645851184900088
3.0, -8.0, 0.01191401481628418, 42.01843039627639, 0.11994028091430664, 0.024645852529975126
3.0, -8.5, 0.01219034194946289, 42.01842639120632, 0.12789225578308105, 0.024645852947803373
3.0, -9.0, 0.013010978698730469, 42.01842515234126, 0.13615179061889648, 0.024645853196697633
3.0, -9.5, 0.014318466186523438, 42.0184246627234, 0.15169882774353027, 0.02464585326598558
3.0, -10.0, 0.016199827194213867, 42.01842450233312, 0.16974782943725586, 0.024645853288092483
3.0, -10.5, 0.01875782012939453, 42.018424453100295, 0.1946699619293213, 0.024645853294480376
3.0, -11.0, 0.021013498306274414, 42.01842443804905, 0.22923064231872559, 0.024645853296636096
3.0, -11.5, 0.024934053421020508, 42.018424433451074, 0.27748656272888184, 0.024645853297312944
3.0, -12.0, 0.03029036521911621, 42.01842443189292, 0.34348583221435547, 0.024645853297540828
3.0, -12.5, 0.037027597427368164, 42.018424431629015, 0.4247114658355713, 0.02464585329749329
3.0, -13.0, 0.041747093200683594, 42.01842443151733, 0.46820878982543945, 0.024645853297531446
3.0, -13.5, 0.04596829414367676, 42.018424431483226, 0.512706995010376, 0.024645853297554407
3.0, -14.0, 0.04935264587402344, 42.01842443146654, 0.5508427619934082, 0.024645853297563823
3.0, -14.5, 0.05295372009277344, 42.018424431461945, 0.5705971717834473, 0.024645853297568306
3.0, -15.0, 0.05591917037963867, 42.01842443146059, 0.5719780921936035, 0.024645853297568823
3.0, -15.5, 0.061014652252197266, 42.01842443145661, 0.5917649269104004, 0.024645853297566866
3.0, -16.0, 0.06009030342102051, 42.01842443145629, 0.5875153541564941, 0.02464585329756843
3.0, -16.5, 0.06133747100830078, 42.01842443145766, 0.605790376663208, 0.024645853297570124
3.0, -17.0, 0.06095552444458008, 42.01842443145597, 0.6089859008789062, 0.024645853297569943
3.0, -17.5, 0.06212329864501953, 42.018424431456616, 0.6128859519958496, 0.024645853297571543
3.0, -18.0, 0.060247182846069336, 42.01842443145729, 0.6011064052581787, 0.024645853297570325
3.5, -5.0, 0.009972333908081055, 42.03946325745696, 0.11283302307128906, 0.024637642138516574
3.5, -5.5, 0.009939193725585938, 42.03483805753085, 0.11306285858154297, 0.02463760724641391
3.5, -6.0, 0.010298490524291992, 42.03273243620243, 0.11310410499572754, 0.02463756492776534
3.5, -6.5, 0.010893106460571289, 42.03204817688601, 0.11548042297363281, 0.024637518037562287
3.5, -7.0, 0.011235952377319336, 42.03180901939559, 0.11707115173339844, 0.024637635277523592
3.5, -7.5, 0.011723041534423828, 42.03172353456947, 0.11986732482910156, 0.024637633717991027
3.5, -8.0, 0.012681722640991211, 42.03169563511641, 0.12430024147033691, 0.0246376315680299
3.5, -8.5, 0.013599157333374023, 42.031686419206466, 0.13153791427612305, 0.024637633468735036
3.5, -9.0, 0.015416383743286133, 42.03168326204843, 0.13978123664855957, 0.02463763372779713
3.5, -9.5, 0.01746344566345215, 42.031682287220775, 0.15226459503173828, 0.024637633896394832
3.5, -10.0, 0.01955556869506836, 42.0316819447538, 0.1712808609008789, 0.024637633948334375
3.5, -10.5, 0.02329397201538086, 42.031681841058294, 0.1985180377960205, 0.024637633965755308
3.5, -11.0, 0.027313232421875, 42.03168180907504, 0.2274942398071289, 0.02463763397094049
3.5, -11.5, 0.03195619583129883, 42.0316817989228, 0.27396321296691895, 0.024637633972527856
3.5, -12.0, 0.0392756462097168, 42.03168179585131, 0.335681676864624, 0.0246376339731294
3.5, -12.5, 0.04401397705078125, 42.03168179524106, 0.3773200511932373, 0.02463763397301076
3.5, -13.0, 0.04872846603393555, 42.03168179501553, 0.42319178581237793, 0.02463763397295781
3.5, -13.5, 0.05405569076538086, 42.031681794934215, 0.47405004501342773, 0.024637633972927488
3.5, -14.0, 0.05823016166687012, 42.03168179491119, 0.5227227210998535, 0.024637633972944314
3.5, -14.5, 0.06432843208312988, 42.03168179490779, 0.5661461353302002, 0.024637633972988987
3.5, -15.0, 0.06651568412780762, 42.03168179490765, 0.5971696376800537, 0.02463763397305043
3.5, -15.5, 0.08160877227783203, 42.031681794904536, 0.6915841102600098, 0.024637633973070363
3.5, -16.0, 0.07715773582458496, 42.03168179490428, 0.6719493865966797, 0.024637633973073298
3.5, -16.5, 0.07317304611206055, 42.03168179490276, 0.6342828273773193, 0.02463763397307615
3.5, -17.0, 0.0740201473236084, 42.03168179490203, 0.6509170532226562, 0.024637633973075723
3.5, -17.5, 0.07461261749267578, 42.03168179490331, 0.6480817794799805, 0.024637633973078322
3.5, -18.0, 0.07703399658203125, 42.0316817949039, 0.6467974185943604, 0.024637633973076757
4.0, -5.0, 0.011514663696289062, 42.07688707778553, 0.1261005401611328, 0.02377760168064316
4.0, -5.5, 0.012691736221313477, 42.06475708415663, 0.12820982933044434, 0.023776753654439757
4.0, -6.0, 0.012391328811645508, 42.06074927003655, 0.1292126178741455, 0.02377683900843579
4.0, -6.5, 0.013766288757324219, 42.059139424111315, 0.13098526000976562, 0.023776896297746892
4.0, -7.0, 0.012819766998291016, 42.05861332628965, 0.1208643913269043, 0.023776999103797464
4.0, -7.5, 0.014156818389892578, 42.0584376561307, 0.12471795082092285, 0.023777033801774868
4.0, -8.0, 0.01565265655517578, 42.05837529421036, 0.12713050842285156, 0.023777041335155062
4.0, -8.5, 0.017185449600219727, 42.058355993976654, 0.13479137420654297, 0.023777043177122915
4.0, -9.0, 0.019947290420532227, 42.058349794625705, 0.14454984664916992, 0.023777044652107397
4.0, -9.5, 0.023099184036254883, 42.058347730162154, 0.15897727012634277, 0.023777045135645762
4.0, -10.0, 0.02750539779663086, 42.05834705899965, 0.17966365814208984, 0.023777045280376486
4.0, -10.5, 0.031678199768066406, 42.05834684464845, 0.2035830020904541, 0.02377704533461545
4.0, -11.0, 0.03816342353820801, 42.05834677854587, 0.23662447929382324, 0.023777045351872396
4.0, -11.5, 0.046807050704956055, 42.05834675781807, 0.27873992919921875, 0.023777045357302885
4.0, -12.0, 0.05707359313964844, 42.05834675125753, 0.34080934524536133, 0.023777045359107043
4.0, -12.5, 0.06405901908874512, 42.058346749892884, 0.3969154357910156, 0.023777045359364007
4.0, -13.0, 0.07147622108459473, 42.05834674937864, 0.46144747734069824, 0.02377704535946656
4.0, -13.5, 0.07989358901977539, 42.058346749195074, 0.509406328201294, 0.02377704535961953
4.0, -14.0, 0.08512043952941895, 42.05834674914449, 0.5561339855194092, 0.023777045359714664
4.0, -14.5, 0.08756446838378906, 42.0583467491305, 0.6151459217071533, 0.023777045359744155
4.0, -15.0, 0.09079456329345703, 42.0583467491213, 0.6516683101654053, 0.023777045359749886
4.0, -15.5, 0.09459924697875977, 42.05834674911072, 0.6705577373504639, 0.023777045359748762
4.0, -16.0, 0.09874105453491211, 42.05834674911189, 0.6905539035797119, 0.023777045359753397
4.0, -16.5, 0.09720516204833984, 42.058346749109596, 0.6924729347229004, 0.02377704535974831
4.0, -17.0, 0.0985710620880127, 42.05834674910826, 0.6979789733886719, 0.02377704535975039
4.0, -17.5, 0.099456787109375, 42.058346749109475, 0.6920769214630127, 0.023777045359749373
4.0, -18.0, 0.10082101821899414, 42.0583467491104, 0.6926066875457764, 0.02377704535974627
4.5, -5.0, 0.012147188186645508, 42.09415224153802, 0.11858534812927246, 0.024166157522184834
4.5, -5.5, 0.012542724609375, 42.073517107414844, 0.11606478691101074, 0.024165394220464827
4.5, -6.0, 0.013039827346801758, 42.065811046907754, 0.11763691902160645, 0.024165504563439858
4.5, -6.5, 0.01421666145324707, 42.06292155572824, 0.12033629417419434, 0.02416569929770887
4.5, -7.0, 0.015289783477783203, 42.061930308218784, 0.12590622901916504, 0.024165780586821933
4.5, -7.5, 0.017439603805541992, 42.06160189122646, 0.13034439086914062, 0.024165790611091736
4.5, -8.0, 0.0201416015625, 42.06149356636824, 0.1407766342163086, 0.024165794838022017
4.5, -8.5, 0.022211074829101562, 42.06145763713341, 0.150282621383667, 0.024165795741901936
4.5, -9.0, 0.02592301368713379, 42.061446466764004, 0.1630699634552002, 0.024165796205874706
4.5, -9.5, 0.031276702880859375, 42.061443028164604, 0.1794114112854004, 0.024165796389160613
4.5, -10.0, 0.037195444107055664, 42.06144180765561, 0.20198678970336914, 0.024165796445636475
4.5, -10.5, 0.04350471496582031, 42.06144141424109, 0.22492289543151855, 0.024165796466752886
4.5, -11.0, 0.05517244338989258, 42.06144129578593, 0.2767758369445801, 0.024165796472018084
4.5, -11.5, 0.06433534622192383, 42.06144125808184, 0.31065869331359863, 0.024165796473683943
4.5, -12.0, 0.07774877548217773, 42.061441246124495, 0.38258838653564453, 0.024165796474212808
4.5, -12.5, 0.08983325958251953, 42.06144124353201, 0.4351692199707031, 0.024165796474153997
4.5, -13.0, 0.09753108024597168, 42.06144124255729, 0.501061201095581, 0.024165796474184622
4.5, -13.5, 0.10669231414794922, 42.06144124221237, 0.5646300315856934, 0.02416579647425565
4.5, -14.0, 0.1144247055053711, 42.06144124209786, 0.6231241226196289, 0.024165796474278235
4.5, -14.5, 0.11923027038574219, 42.06144124205816, 0.6917619705200195, 0.024165796474266837
4.5, -15.0, 0.12358212471008301, 42.061441242049916, 0.7279868125915527, 0.024165796474252755
4.5, -15.5, 0.12598466873168945, 42.06144124203131, 0.753972053527832, 0.02416579647425626
4.5, -16.0, 0.12793874740600586, 42.06144124202659, 0.7710976600646973, 0.024165796474260207
4.5, -16.5, 0.1320788860321045, 42.06144124202555, 0.7825765609741211, 0.024165796474257522
4.5, -17.0, 0.1321103572845459, 42.06144124202402, 0.7813997268676758, 0.02416579647425248
4.5, -17.5, 0.13231801986694336, 42.061441242025985, 0.7902898788452148, 0.024165796474253258
4.5, -18.0, 0.13118314743041992, 42.061441242019015, 0.7941899299621582, 0.024165796474250524
5.0, -5.0, 0.014556169509887695, 42.1285448595294, 0.12680912017822266, 0.023703822431970695
5.0, -5.5, 0.015542030334472656, 42.083646866139674, 0.12931394577026367, 0.023701056018128577
5.0, -6.0, 0.016604900360107422, 42.06872444067637, 0.13207483291625977, 0.02370109623873301
5.0, -6.5, 0.01771998405456543, 42.062984120499216, 0.12843990325927734, 0.023701060544934083
5.0, -7.0, 0.019919157028198242, 42.06111653749839, 0.13356852531433105, 0.02370109634445497
5.0, -7.5, 0.022922992706298828, 42.06048947338936, 0.14590072631835938, 0.02370114102373705
5.0, -8.0, 0.0261690616607666, 42.06027288859169, 0.15670013427734375, 0.023701141236093168
5.0, -8.5, 0.03101372718811035, 42.06020560920844, 0.17180657386779785, 0.02370113933847809
5.0, -9.0, 0.03672385215759277, 42.06018393069372, 0.18959450721740723, 0.023701140205132136
5.0, -9.5, 0.0448763370513916, 42.06017696262777, 0.20965886116027832, 0.023701140463694884
5.0, -10.0, 0.052762508392333984, 42.060174738776844, 0.23607325553894043, 0.023701140577221516
5.0, -10.5, 0.06406950950622559, 42.06017399820476, 0.275043249130249, 0.023701140613776175
5.0, -11.0, 0.07844924926757812, 42.06017376901795, 0.3252890110015869, 0.023701140623555546
5.0, -11.5, 0.09922051429748535, 42.06017369693598, 0.3885941505432129, 0.023701140627899596
5.0, -12.0, 0.12235069274902344, 42.060173674692656, 0.4701271057128906, 0.02370114062916571
5.0, -12.5, 0.14873504638671875, 42.060173669604644, 0.5846471786499023, 0.023701140629391153
5.0, -13.0, 0.16411709785461426, 42.06017366772832, 0.6526186466217041, 0.02370114062913553
5.0, -13.5, 0.17881560325622559, 42.06017366708126, 0.7490513324737549, 0.02370114062911248
5.0, -14.0, 0.18556857109069824, 42.060173666852634, 0.8361461162567139, 0.023701140629315717
5.0, -14.5, 0.17393851280212402, 42.060173666773636, 0.8185286521911621, 0.023701140629364133
5.0, -15.0, 0.1842343807220459, 42.06017366675613, 0.8990874290466309, 0.02370114062934785
5.0, -15.5, 0.18819260597229004, 42.060173666740354, 0.9226229190826416, 0.023701140629335028
5.0, -16.0, 0.18622899055480957, 42.060173666738486, 0.9604413509368896, 0.02370114062933509
5.0, -16.5, 0.19003057479858398, 42.06017366674001, 0.9870362281799316, 0.023701140629330316
5.0, -17.0, 0.19744420051574707, 42.06017366673738, 1.007291316986084, 0.023701140629323963
5.0, -17.5, 0.1975388526916504, 42.06017366673497, 1.010284662246704, 0.02370114062933022
5.0, -18.0, 0.21235036849975586, 42.06017366673782, 1.0519280433654785, 0.023701140629331676
5.5, -5.0, 0.018410682678222656, 42.19173371136676, 0.13673734664916992, 0.02395533352024609
5.5, -5.5, 0.02051234245300293, 42.10664674773764, 0.142181396484375, 0.02393764752633298
5.5, -6.0, 0.022185325622558594, 42.07777628009834, 0.15063095092773438, 0.02393629092341638
5.5, -6.5, 0.024599790573120117, 42.06718005087599, 0.17415475845336914, 0.023935552082737996
5.5, -7.0, 0.02726006507873535, 42.06357864057569, 0.15189099311828613, 0.023935456864404205
5.5, -7.5, 0.03243231773376465, 42.062374072017384, 0.16504430770874023, 0.023935465983706175
5.5, -8.0, 0.03763437271118164, 42.06197413142814, 0.18158316612243652, 0.02393544956131261
5.5, -8.5, 0.04517173767089844, 42.06184813738785, 0.20274758338928223, 0.023935444822575737
5.5, -9.0, 0.05532026290893555, 42.061806340733824, 0.22890543937683105, 0.023935443645287355
5.5, -9.5, 0.06750226020812988, 42.06179329027593, 0.262484073638916, 0.0239354432552085
5.5, -10.0, 0.08326053619384766, 42.06178922815704, 0.30857300758361816, 0.023935443206893836
5.5, -10.5, 0.10327816009521484, 42.061787857917956, 0.3642728328704834, 0.023935443176405613
5.5, -11.0, 0.13555288314819336, 42.06178741909869, 0.46433520317077637, 0.023935443166071355
5.5, -11.5, 0.16753101348876953, 42.06178728217421, 0.5586977005004883, 0.0239354431639171
5.5, -12.0, 0.2110428810119629, 42.061787239695825, 0.693913459777832, 0.02393544316276215
5.5, -12.5, 0.24462413787841797, 42.061787229764676, 0.7728943824768066, 0.023935443163500613
5.5, -13.0, 0.2652249336242676, 42.06178722608782, 0.8600294589996338, 0.023935443162783645
5.5, -13.5, 0.28429484367370605, 42.06178722478694, 0.966057300567627, 0.02393544316202718
5.5, -14.0, 0.29441308975219727, 42.06178722432336, 1.059156894683838, 0.02393544316192602
5.5, -14.5, 0.30150508880615234, 42.06178722417815, 1.149770736694336, 0.023935443161899855
5.5, -15.0, 0.300006628036499, 42.06178722412701, 1.2365047931671143, 0.023935443161865293
5.5, -15.5, 0.3107798099517822, 42.06178722410021, 1.3170294761657715, 0.02393544316185907
5.5, -16.0, 0.30924201011657715, 42.06178722408431, 1.3395850658416748, 0.02393544316182357
5.5, -16.5, 0.3215515613555908, 42.06178722407788, 1.361377477645874, 0.023935443161815978
5.5, -17.0, 0.32200098037719727, 42.06178722407613, 1.4111599922180176, 0.02393544316181207
5.5, -17.5, 0.3153688907623291, 42.06178722406382, 1.4226946830749512, 0.023935443161813993
5.5, -18.0, 0.3070073127746582, 42.06178722406956, 1.3471450805664062, 0.023935443161810552
6.0, -5.0, 0.022769927978515625, 42.28237650720407, 0.13832974433898926, 0.037822919290491315
6.0, -5.5, 0.025190114974975586, 42.13990943317502, 0.14260029792785645, 0.03778768650215746
6.0, -6.0, 0.02757549285888672, 42.08815974039811, 0.15334653854370117, 0.037783131945282454
6.0, -6.5, 0.03277420997619629, 42.07042723508896, 0.1677265167236328, 0.03778122995014531
6.0, -7.0, 0.038099050521850586, 42.06423095733007, 0.18232083320617676, 0.03778085951572693
6.0, -7.5, 0.04538559913635254, 42.06222938268749, 0.20212292671203613, 0.03778084802873952
6.0, -8.0, 0.059667110443115234, 42.06155760685337, 0.2361922264099121, 0.03778084623838329
6.0, -8.5, 0.07028603553771973, 42.06134208631637, 0.26462864875793457, 0.037780837720592875
6.0, -9.0, 0.08419322967529297, 42.06127311477353, 0.30649399757385254, 0.03778083669995649
6.0, -9.5, 0.10303759574890137, 42.06125105734154, 0.3625986576080322, 0.03778083599718161
6.0, -10.0, 0.12847137451171875, 42.06124387724304, 0.4267270565032959, 0.037780835903647496
6.0, -10.5, 0.15611648559570312, 42.06124162762345, 0.4995861053466797, 0.03778083586215239
6.0, -11.0, 0.1947615146636963, 42.061240890052424, 0.6071009635925293, 0.03778083584670538
6.0, -11.5, 0.24466896057128906, 42.06124065920789, 0.748427152633667, 0.03778083584131601
6.0, -12.0, 0.30080699920654297, 42.061240587791325, 0.902571439743042, 0.037780835839364715
6.0, -12.5, 0.3638310432434082, 42.06124057042974, 1.0684771537780762, 0.03778083584133245
6.0, -13.0, 0.3760039806365967, 42.06124056431341, 1.112048625946045, 0.037780835839157666
6.0, -13.5, 0.3923332691192627, 42.0612405621068, 1.227159023284912, 0.03778083583855881
6.0, -14.0, 0.40618014335632324, 42.06124056135952, 1.3471057415008545, 0.03778083583881513
6.0, -14.5, 0.42275547981262207, 42.061240561107766, 1.4591660499572754, 0.037780835839477715
6.0, -15.0, 0.4350450038909912, 42.06124056102326, 1.5643377304077148, 0.03778083583951285
6.0, -15.5, 0.4282369613647461, 42.06124056100381, 1.660839557647705, 0.037780835839514464
6.0, -16.0, 0.4389939308166504, 42.061240560975236, 1.7018380165100098, 0.037780835839608416
6.0, -16.5, 0.47035813331604004, 42.061240560963185, 1.8016202449798584, 0.0377808358391913
6.0, -17.0, 0.47548365592956543, 42.06124056096414, 1.8163046836853027, 0.037780835839610824
6.0, -17.5, 0.47063398361206055, 42.06124056097074, 1.8386998176574707, 0.03778083583967744
6.0, -18.0, 0.45777416229248047, 42.06124056096869, 1.742689847946167, 0.03778083583959633
6.5, -5.0, 0.03272414207458496, 42.459720731213544, 0.16277265548706055, 0.023987048121586366
6.5, -5.5, 0.03708982467651367, 42.20281718364467, 0.1737961769104004, 0.0238241360277675
6.5, -6.0, 0.04195880889892578, 42.109869106232516, 0.18703556060791016, 0.023782849688683706
6.5, -6.5, 0.04772663116455078, 42.07765715355302, 0.20245075225830078, 0.02377248914879802
6.5, -7.0, 0.05821371078491211, 42.066901840432216, 0.2262864112854004, 0.023769134756975646
6.5, -7.5, 0.0687718391418457, 42.06325204238434, 0.25685763359069824, 0.023768395577755078
6.5, -8.0, 0.08742427825927734, 42.062012380913025, 0.2980637550354004, 0.02376819542270967
6.5, -8.5, 0.10723757743835449, 42.06162159505213, 0.34583091735839844, 0.023768144652980588
6.5, -9.0, 0.13057231903076172, 42.06149477094305, 0.4144926071166992, 0.02376813513624585
6.5, -9.5, 0.16498899459838867, 42.06145348074868, 0.5060880184173584, 0.023768133167470652
6.5, -10.0, 0.2089240550994873, 42.06144053594356, 0.6067075729370117, 0.023768133108822854
6.5, -10.5, 0.26323652267456055, 42.06143648728704, 0.7458701133728027, 0.023768133166136077
6.5, -11.0, 0.32112956047058105, 42.06143512881896, 0.8967483043670654, 0.023768133207765222
6.5, -11.5, 0.4154994487762451, 42.06143469977777, 1.1018431186676025, 0.023768133227529874
6.5, -12.0, 0.5073721408843994, 42.06143456614267, 1.3543360233306885, 0.023768133234556184
6.5, -12.5, 0.5681757926940918, 42.0614345335468, 1.522709608078003, 0.023768133239438077
6.5, -13.0, 0.6282956600189209, 42.06143452202144, 1.6555309295654297, 0.023768133239616553
6.5, -13.5, 0.6454408168792725, 42.061434517835636, 1.84397292137146, 0.023768133238611516
6.5, -14.0, 0.6889097690582275, 42.06143451637969, 2.0645930767059326, 0.023768133238156873
6.5, -14.5, 0.6951649188995361, 42.06143451589572, 2.269207715988159, 0.023768133237897247
6.5, -15.0, 0.7108135223388672, 42.061434515734554, 2.462921142578125, 0.023768133237214197
6.5, -15.5, 0.7113931179046631, 42.06143451568203, 2.6476359367370605, 0.02376813323727205
6.5, -16.0, 0.7145156860351562, 42.06143451565509, 2.7707955837249756, 0.023768133237182496
6.5, -16.5, 0.7265849113464355, 42.06143451563052, 2.8470516204833984, 0.02376813323759715
6.5, -17.0, 0.7235939502716064, 42.06143451561227, 2.8817272186279297, 0.02376813323726623
6.5, -17.5, 0.7377288341522217, 42.061434515631, 2.906447172164917, 0.023768133237815087
6.5, -18.0, 0.7390666007995605, 42.061434515622196, 2.919604778289795, 0.023768133237337747
7.0, -5.0, 0.04838252067565918, 42.80107811888953, 0.1915731430053711, 0.024432623552454406
7.0, -5.5, 0.05762815475463867, 42.32078327462325, 0.21335315704345703, 0.023917698338333324
7.0, -6.0, 0.06384754180908203, 42.15043350669195, 0.2361159324645996, 0.023776589440741947
7.0, -6.5, 0.0774087905883789, 42.09153232113282, 0.27343010902404785, 0.02373331781979825
7.0, -7.0, 0.0923151969909668, 42.07139356325575, 0.3166968822479248, 0.02372186566873751
7.0, -7.5, 0.1175837516784668, 42.064764341007184, 0.37149643898010254, 0.023718547068945016
7.0, -8.0, 0.14500164985656738, 42.06252550386435, 0.4364039897918701, 0.02371769592809029
7.0, -8.5, 0.1800537109375, 42.06181234298444, 0.5210998058319092, 0.023717485297305867
7.0, -9.0, 0.22503089904785156, 42.061580286341474, 0.629845142364502, 0.023717431260125533
7.0, -9.5, 0.27912449836730957, 42.06150459632006, 0.7529246807098389, 0.023717418922957714
7.0, -10.0, 0.3598744869232178, 42.061481095764385, 0.9343183040618896, 0.023717416311373342
7.0, -10.5, 0.4271097183227539, 42.06147378367175, 1.1394336223602295, 0.023717415780266923
7.0, -11.0, 0.5331048965454102, 42.0614713243157, 1.3938312530517578, 0.023717415690012185
7.0, -11.5, 0.6627898216247559, 42.0614705368919, 1.7476391792297363, 0.023717415681443744
7.0, -12.0, 0.8356642723083496, 42.06147029561674, 2.169640064239502, 0.023717415683227456
7.0, -12.5, 0.9822747707366943, 42.06147023506118, 2.469752788543701, 0.02371741568126255
7.0, -13.0, 1.079866886138916, 42.061470213726565, 2.6534533500671387, 0.023717415682029473
7.0, -13.5, 1.1062958240509033, 42.061470206148016, 2.883866548538208, 0.023717415685561235
7.0, -14.0, 1.2069525718688965, 42.06147020352967, 3.5020220279693604, 0.02371741568692316
7.0, -14.5, 1.2358953952789307, 42.06147020261537, 3.8762080669403076, 0.023717415687287864
7.0, -15.0, 1.2625072002410889, 42.061470202347955, 4.229668855667114, 0.02371741568744809
7.0, -15.5, 1.2652735710144043, 42.0614702022469, 4.517139911651611, 0.023717415687293814
7.0, -16.0, 1.2098772525787354, 42.06147020220531, 4.381430149078369, 0.023717415687463356
7.0, -16.5, 1.2024013996124268, 42.06147020217236, 4.503598213195801, 0.023717415687820903
7.0, -17.0, 1.2199337482452393, 42.06147020214325, 4.58557915687561, 0.02371741568784969
7.0, -17.5, 1.2104074954986572, 42.06147020215392, 4.587371826171875, 0.02371741568808943
7.0, -18.0, 1.193648099899292, 42.06147020213829, 4.64346981048584, 0.023717415687779318
7.5, -5.0, 0.06898021697998047, 43.279351996708726, 0.24212908744812012, 0.025164918768709358
7.5, -5.5, 0.08537459373474121, 42.47936728399834, 0.26859259605407715, 0.02414578466609306
7.5, -6.0, 0.10300612449645996, 42.20706997115164, 0.33398866653442383, 0.0238552266193825
7.5, -6.5, 0.12520122528076172, 42.11086150479746, 0.3911902904510498, 0.023759990558104727
7.5, -7.0, 0.1511526107788086, 42.07753598144841, 0.466158390045166, 0.02373311981707878
7.5, -7.5, 0.19735193252563477, 42.066780469615516, 0.5725321769714355, 0.023724879582212404
7.5, -8.0, 0.21248435974121094, 42.06321208110329, 0.6050145626068115, 0.02372265036740381
7.5, -8.5, 0.2683992385864258, 42.06202556804304, 0.743983268737793, 0.02372208602205716
7.5, -9.0, 0.3344583511352539, 42.061647744306526, 0.9026234149932861, 0.02372192804330856
7.5, -9.5, 0.4525294303894043, 42.06152509819876, 1.1911420822143555, 0.023721889442200172
7.5, -10.0, 0.5513129234313965, 42.06148576318407, 1.4775786399841309, 0.023721879851881355
7.5, -10.5, 0.7082691192626953, 42.061473476037314, 1.8251783847808838, 0.023721877719337498
7.5, -11.0, 0.8941006660461426, 42.0614695543787, 2.207423210144043, 0.023721877202250097
7.5, -11.5, 1.1339046955108643, 42.06146826234639, 2.7398834228515625, 0.02372187707745105
7.5, -12.0, 1.389486312866211, 42.06146785309254, 3.440286636352539, 0.023721877050363906
7.5, -12.5, 1.5669286251068115, 42.06146775223331, 3.837071180343628, 0.023721877023144745
7.5, -13.0, 1.5742716789245605, 42.06146771652387, 4.0398242473602295, 0.02372187702440623
7.5, -13.5, 1.681422233581543, 42.06146770411654, 4.446254730224609, 0.02372187703756539
7.5, -14.0, 1.7898476123809814, 42.06146769966299, 4.887945652008057, 0.023721877043001775
7.5, -14.5, 1.8047237396240234, 42.061467698195216, 5.388144254684448, 0.023721877045617724
7.5, -15.0, 1.8179807662963867, 42.061467697682005, 5.912611961364746, 0.023721877047533996
7.5, -15.5, 1.9074487686157227, 42.06146769754152, 6.4547553062438965, 0.023721877048440053
7.5, -16.0, 1.8519270420074463, 42.061467697418614, 6.682140588760376, 0.023721877048695297
7.5, -16.5, 1.8724522590637207, 42.061467697410706, 6.775494575500488, 0.023721877049308806
7.5, -17.0, 1.947152853012085, 42.06146769740016, 7.365293502807617, 0.023721877048921508
7.5, -17.5, 1.9736831188201904, 42.06146769739119, 7.393834114074707, 0.023721877048842883
7.5, -18.0, 1.9495115280151367, 42.061467697361564, 7.447066307067871, 0.023721877049303536
8.0, -5.0, 0.11934757232666016, 44.29734299331739, 0.3573155403137207, 0.029334616104435027
8.0, -5.5, 0.14582204818725586, 42.82084384100901, 0.4029262065887451, 0.024975028213487183
8.0, -6.0, 0.16374588012695312, 42.32302030270026, 0.4712045192718506, 0.023973009244399768
8.0, -6.5, 0.18451952934265137, 42.14983339588312, 0.5305793285369873, 0.02374422180643762
8.0, -7.0, 0.22571277618408203, 42.09044690539126, 0.6433937549591064, 0.023693021914952445
8.0, -7.5, 0.31200313568115234, 42.07102733686426, 0.8194947242736816, 0.023681964096061565
8.0, -8.0, 0.3748493194580078, 42.06455455577556, 1.0054428577423096, 0.023679943055837385
8.0, -8.5, 0.44905853271484375, 42.06247376310162, 1.1615667343139648, 0.02367954137479498
8.0, -9.0, 0.5613193511962891, 42.061799173076686, 1.4359264373779297, 0.02367946624866946
8.0, -9.5, 0.6990828514099121, 42.061576995680454, 1.8900835514068604, 0.023679455254102588
8.0, -10.0, 0.8836653232574463, 42.061506536164615, 2.2353274822235107, 0.02367945507726291
8.0, -10.5, 1.0883681774139404, 42.06148439746381, 2.780163526535034, 0.023679456230164597
8.0, -11.0, 1.3712501525878906, 42.0614772943585, 3.463634729385376, 0.023679456745925233
8.0, -11.5, 1.7443466186523438, 42.06147498384314, 4.358782052993774, 0.023679456941085423
8.0, -12.0, 2.16510009765625, 42.06147425632143, 5.4771716594696045, 0.02367945701496995
8.0, -12.5, 2.4734127521514893, 42.061474070405545, 6.059345722198486, 0.02367945730443093
8.0, -13.0, 2.727876901626587, 42.061474005472604, 6.628757953643799, 0.023679457281179712
8.0, -13.5, 2.806979179382324, 42.06147398281201, 7.175941705703735, 0.023679457134763576
8.0, -14.0, 2.95074462890625, 42.06147397492957, 7.9430742263793945, 0.02367945708015929
8.0, -14.5, 3.128441095352173, 42.061473972202286, 9.142286777496338, 0.023679457039857042
8.0, -15.0, 3.0645861625671387, 42.06147397133248, 9.622889041900635, 0.02367945701274404
8.0, -15.5, 3.103086471557617, 42.06147397100368, 10.372546672821045, 0.023679456998872243
8.0, -16.0, 3.088897705078125, 42.06147397096455, 10.928581476211548, 0.02367945699351765
8.0, -16.5, 3.051154136657715, 42.06147397090631, 11.172192335128784, 0.023679456991551596
8.0, -17.0, 3.147702217102051, 42.06147397087253, 11.34674620628357, 0.02367945699147114
8.0, -17.5, 3.128497838973999, 42.06147397087121, 11.543376445770264, 0.023679456991450493
8.0, -18.0, 3.1261866092681885, 42.061473970878474, 11.502553224563599, 0.02367945699145871
8.5, -5.0, 0.17726707458496094, 45.977661292581914, 0.4911344051361084, 0.006579538646909701
8.5, -5.5, 0.22915291786193848, 43.40644264042995, 0.5933911800384521, 0.019710990829144317
8.5, -6.0, 0.2671527862548828, 42.52811945282595, 0.7007088661193848, 0.022786264991748698
8.5, -6.5, 0.30530714988708496, 42.217156167273124, 0.8253369331359863, 0.023501275570336138
8.5, -7.0, 0.3725771903991699, 42.11295913699618, 1.0087082386016846, 0.023668653222483193
8.5, -7.5, 0.49263525009155273, 42.078434398820924, 1.2841551303863525, 0.023706534164432917
8.5, -8.0, 0.6072802543640137, 42.06698602244496, 1.5787489414215088, 0.0237147783066646
8.5, -8.5, 0.7638647556304932, 42.063255407610235, 1.9649298191070557, 0.023716533709935147
8.5, -9.0, 0.9341530799865723, 42.06204755276373, 2.3533177375793457, 0.023716866520745363
8.5, -9.5, 1.1548001766204834, 42.061660599223984, 2.9712703227996826, 0.02371692409970547
8.5, -10.0, 1.4742176532745361, 42.06153228203487, 3.694272756576538, 0.023716930259364787
8.5, -10.5, 1.8207147121429443, 42.06149229987026, 4.60212779045105, 0.023716929703906132
8.5, -11.0, 2.2982847690582275, 42.06147980709724, 5.745117425918579, 0.02371692900436653
8.5, -11.5, 2.901125431060791, 42.061475771190075, 7.243451833724976, 0.02371692859342316
8.5, -12.0, 3.681382179260254, 42.061474455857635, 9.213276386260986, 0.023716928427970053
8.5, -12.5, 4.166041851043701, 42.06147412044551, 10.246810674667358, 0.023716927637573226
8.5, -13.0, 4.796960353851318, 42.06147400341909, 11.615600824356079, 0.023716927700659772
8.5, -13.5, 5.091268539428711, 42.06147396274742, 12.613767147064209, 0.02371692811514334
8.5, -14.0, 5.237077713012695, 42.0614739486682, 13.855315685272217, 0.02371692826886853
8.5, -14.5, 5.377309799194336, 42.061473943885744, 15.32566213607788, 0.02371692837422093
8.5, -15.0, 5.442798852920532, 42.06147394231429, 16.749582052230835, 0.02371692844699245
8.5, -15.5, 5.525927782058716, 42.06147394176864, 18.366716623306274, 0.023716928481894762
8.5, -16.0, 5.474308490753174, 42.0614739415891, 19.4291570186615, 0.0237169284954246
8.5, -16.5, 5.519221782684326, 42.061473941541166, 19.991302967071533, 0.023716928500468727
8.5, -17.0, 5.598100185394287, 42.061473941510954, 20.69045662879944, 0.0237169285014165
8.5, -17.5, 5.210221290588379, 42.06147394146142, 19.13921308517456, 0.023716928501454723
8.5, -18.0, 5.249830484390259, 42.06147394145639, 19.270349740982056, 0.02371692850237895
9.0, -5.0, 0.27100133895874023, 48.50248611610708, 0.7029578685760498, 0.036628902607937545
9.0, -5.5, 0.344085693359375, 44.225704545101415, 0.8392512798309326, 0.027724241833738204
9.0, -6.0, 0.3972172737121582, 42.805318120532135, 1.0006530284881592, 0.0250503508632217
9.0, -6.5, 0.4610321521759033, 42.314655864446685, 1.2206246852874756, 0.024107364343150958
9.0, -7.0, 0.5787105560302734, 42.144366838615134, 1.5182037353515625, 0.023817585094722985
9.0, -7.5, 0.7217175960540771, 42.08911731259425, 1.874586582183838, 0.0237428700814281
9.0, -8.0, 0.9761166572570801, 42.07038450574165, 2.4779858589172363, 0.023722060216644504
9.0, -8.5, 1.2312562465667725, 42.0644022195019, 3.09256649017334, 0.0237163381397019
9.0, -9.0, 1.540588617324829, 42.062431594270805, 3.8710761070251465, 0.023714694930452508
9.0, -9.5, 1.9317891597747803, 42.06177544387072, 4.852205753326416, 0.02371420418040747
9.0, -10.0, 2.4168291091918945, 42.06157032599067, 6.136173248291016, 0.023714057904335974
9.0, -10.5, 2.88545823097229, 42.061504202279245, 7.107500791549683, 0.02371401404474851
9.0, -11.0, 3.6024484634399414, 42.06148337089819, 8.946743488311768, 0.02371400077398817
9.0, -11.5, 4.828884124755859, 42.061476662970584, 11.79016661643982, 0.02371399664884447
9.0, -12.0, 5.966768264770508, 42.06147454834486, 14.822971105575562, 0.023713995363552214
9.0, -12.5, 6.926120042800903, 42.061473988934495, 16.559775829315186, 0.023713996536368243
9.0, -13.0, 7.627264738082886, 42.06147379551939, 18.752148389816284, 0.023713996142174888
9.0, -13.5, 7.882247686386108, 42.061473729540666, 20.3813533782959, 0.023713995330101392
9.0, -14.0, 7.807754755020142, 42.061473706598846, 20.569135904312134, 0.023713995066782366
9.0, -14.5, 7.823256969451904, 42.06147369878636, 22.73693823814392, 0.02371399479175984
9.0, -15.0, 8.476374626159668, 42.061473696174154, 25.871323585510254, 0.02371399458640863
9.0, -15.5, 8.439731121063232, 42.06147369525745, 27.591583728790283, 0.023713994494311073
9.0, -16.0, 8.206991910934448, 42.06147369502973, 27.997419357299805, 0.023713994463580107
9.0, -16.5, 8.15702486038208, 42.06147369495507, 28.786365747451782, 0.023713994453218045
9.0, -17.0, 8.160492420196533, 42.06147369491597, 29.296484231948853, 0.023713994449168573
9.0, -17.5, 8.205095767974854, 42.06147369486043, 29.64329957962036, 0.023713994448110714
9.0, -18.0, 8.655942678451538, 42.061473694776325, 30.91076350212097, 0.02371399444789235
9.5, -5.0, 0.44672179222106934, 53.74892575889515, 1.186075210571289, 0.1115206606010452
9.5, -5.5, 0.5264241695404053, 45.89496798090092, 1.3234262466430664, 0.010770053397325289
9.5, -6.0, 0.6284608840942383, 43.396114369319854, 1.6199941635131836, 0.015189213480368403
9.5, -6.5, 0.7459239959716797, 42.51302930246264, 2.0151448249816895, 0.02163389566420448
9.5, -7.0, 0.9219043254852295, 42.20949754204532, 2.4914424419403076, 0.023212489228778277
9.5, -7.5, 1.2521514892578125, 42.10957091899517, 3.2467281818389893, 0.02358978696931667
9.5, -8.0, 1.4510793685913086, 42.07724733467716, 3.830822229385376, 0.023678739836416073
9.5, -8.5, 1.9438507556915283, 42.0666316686519, 5.073536396026611, 0.023698751791527112
9.5, -9.0, 2.4032998085021973, 42.063128664776244, 6.3228254318237305, 0.02370304477556945
9.5, -9.5, 2.8074231147766113, 42.06200912394901, 7.52045202255249, 0.023703883734405313
9.5, -10.0, 3.6716043949127197, 42.061645934691036, 9.531865358352661, 0.02370403034543232
9.5, -10.5, 4.718338489532471, 42.061527936041855, 12.504040718078613, 0.02370404600734767
9.5, -11.0, 5.867884874343872, 42.06149093164656, 15.128928422927856, 0.023704043846654792
9.5, -11.5, 7.976309061050415, 42.061479479226094, 21.170347452163696, 0.023704041360180877
9.5, -12.0, 9.707220077514648, 42.06147564820165, 25.804749488830566, 0.02370404011766368
9.5, -12.5, 10.91791296005249, 42.06147461842199, 28.95594096183777, 0.02370403543064929
9.5, -13.0, 12.195606708526611, 42.061474276540345, 31.208900928497314, 0.023704035679526645
9.5, -13.5, 13.01693606376648, 42.06147415774723, 34.02397608757019, 0.02370403811108836
9.5, -14.0, 12.370899200439453, 42.06147411690729, 34.71239113807678, 0.023704039039061597
9.5, -14.5, 12.46742844581604, 42.061474103010234, 37.78997802734375, 0.02370403960585829
9.5, -15.0, 12.652470350265503, 42.061474098164666, 41.344746351242065, 0.023704039988804704
9.5, -15.5, 12.981141328811646, 42.06147409675181, 44.49823522567749, 0.023704040183762213
9.5, -16.0, 13.008418083190918, 42.06147409605944, 46.73713278770447, 0.023704040258602302
9.5, -16.5, 13.773935079574585, 42.061474095911066, 50.608864307403564, 0.023704040280449316
9.5, -17.0, 12.968278646469116, 42.06147409585878, 48.606937885284424, 0.023704040290081344
9.5, -17.5, 13.69313931465149, 42.061474095847814, 55.25811195373535, 0.023704040290268322
9.5, -18.0, 12.77047872543335, 42.06147409578725, 49.89923048019409, 0.0237040402905923
10.0, -5.0, 0.7024204730987549, 63.69077505913065, 1.7463185787200928, 0.1356473344749784
10.0, -5.5, 0.9162116050720215, 48.94013100515567, 2.1862010955810547, 0.05700814387237048
10.0, -6.0, 1.0353567600250244, 44.35167556222559, 2.6737215518951416, 0.03422230013963812
10.0, -6.5, 1.1690900325775146, 42.84763548234916, 3.1244969367980957, 0.02692479690927686
10.0, -7.0, 1.474050521850586, 42.323221902036074, 3.8955368995666504, 0.02459586378012823
10.0, -7.5, 1.8640639781951904, 42.147249768825695, 4.862170219421387, 0.02395916001075845
10.0, -8.0, 2.375145673751831, 42.089451890518404, 6.162718296051025, 0.023781781426145975
10.0, -8.5, 3.0202929973602295, 42.07056989200942, 7.6452796459198, 0.023731911499340952
10.0, -9.0, 3.8057079315185547, 42.064418000836454, 9.651653051376343, 0.02371740191599483
10.0, -9.5, 4.717572212219238, 42.062412105575895, 12.248312950134277, 0.0237131317469502
10.0, -10.0, 5.900175094604492, 42.06177642217587, 15.147368907928467, 0.02371184854569198
10.0, -10.5, 7.425291538238525, 42.06156999895655, 19.254962682724, 0.023711456555740206
10.0, -11.0, 9.22537112236023, 42.06150416704614, 24.37015676498413, 0.023711336358667536
10.0, -11.5, 11.604595422744751, 42.06148345823787, 30.315836191177368, 0.023711299137539225
10.0, -12.0, 14.97322940826416, 42.06147692369244, 38.38700032234192, 0.023711287537035962
10.0, -12.5, 18.41358184814453, 42.06147511912765, 47.262481451034546, 0.023711296370403225
10.0, -13.0, 19.129868030548096, 42.06147450070266, 46.91603922843933, 0.023711293185961508
10.0, -13.5, 18.991321563720703, 42.06147429097964, 50.50463128089905, 0.023711286754389094
10.0, -14.0, 20.284116744995117, 42.061474218815356, 55.43006134033203, 0.02371128471370068
10.0, -14.5, 20.47558879852295, 42.061474194330444, 60.81845426559448, 0.023711282474062248
10.0, -15.0, 20.51217484474182, 42.061474185942444, 65.79246163368225, 0.02371128078845767
10.0, -15.5, 21.075605392456055, 42.06147418318452, 71.4368269443512, 0.02371128003026438
10.0, -16.0, 20.73913311958313, 42.06147418224136, 74.59538078308105, 0.023711279770808395
10.0, -16.5, 21.063159227371216, 42.06147418195929, 76.91715288162231, 0.02371127968940453
10.0, -17.0, 21.080512285232544, 42.06147418182322, 78.88124251365662, 0.023711279663473844
10.0, -17.5, 21.08094024658203, 42.06147418170468, 79.13490033149719, 0.023711279656375796
10.0, -18.0, 22.651489973068237, 42.06147418164405, 89.53796362876892, 0.023711279655019585
10.5, -5.0, 1.1442368030548096, 79.11748674661527, 2.7330732345581055, 0.24911599943895138
10.5, -5.5, 1.4248409271240234, 53.31907939214174, 3.294637441635132, 0.04393726375554901
10.5, -6.0, 1.5333497524261475, 45.790776684041205, 3.7169129848480225, 0.007212257751303221
10.5, -6.5, 1.8463072776794434, 43.34532520773652, 4.681199789047241, 0.012702153146004723
10.5, -7.0, 2.596644163131714, 42.48044555771928, 6.4427735805511475, 0.020155084213631838
10.5, -7.5, 3.034036636352539, 42.19896360335078, 7.918418884277344, 0.02262291858224256
10.5, -8.0, 3.6041390895843506, 42.106759468057355, 9.078005075454712, 0.02338826484822278
10.5, -8.5, 4.453639507293701, 42.07611042385764, 11.512903928756714, 0.023608188675860158
10.5, -9.0, 6.051295042037964, 42.066257002026035, 15.840893507003784, 0.023669844464259647
10.5, -9.5, 7.181153774261475, 42.06300322311455, 17.919100999832153, 0.023687033666527538
10.5, -10.0, 9.307187557220459, 42.06196279386093, 24.066962957382202, 0.023691801895890298
10.5, -10.5, 11.399461269378662, 42.06163040803661, 28.694798231124878, 0.023693129630204708
10.5, -11.0, 14.24656629562378, 42.06152358375412, 36.52458143234253, 0.023693500972491496
10.5, -11.5, 19.772598266601562, 42.06148959932136, 50.81740403175354, 0.023693605664283305
10.5, -12.0, 22.458869457244873, 42.06147886879407, 56.60692358016968, 0.023693635470290148
10.5, -12.5, 26.753942489624023, 42.061475963408625, 67.07596850395203, 0.023693665807246682
10.5, -13.0, 29.318776845932007, 42.061474948484786, 72.74649143218994, 0.02369366601054952
10.5, -13.5, 29.898701667785645, 42.06147460771307, 75.39855122566223, 0.023693653077627864
10.5, -14.0, 30.075182676315308, 42.06147448996549, 82.7706778049469, 0.02369364833635869
10.5, -14.5, 34.05654239654541, 42.06147445037194, 99.9505820274353, 0.02369364550161635
10.5, -15.0, 31.293412446975708, 42.06147443697279, 98.84030604362488, 0.02369364356594658
10.5, -15.5, 31.707269191741943, 42.061474432552, 106.27726674079895, 0.023693642578615347
10.5, -16.0, 32.18332266807556, 42.06147443089037, 110.95107769966125, 0.023693642185396376
10.5, -16.5, 31.641835927963257, 42.061474430368335, 114.72189521789551, 0.023693642056871418
10.5, -17.0, 31.870020151138306, 42.061474430271666, 118.60469818115234, 0.023693642022962334
10.5, -17.5, 32.14778709411621, 42.06147443039828, 119.00720047950745, 0.023693642010025853
10.5, -18.0, 32.36714315414429, 42.06147443016644, 118.88029026985168, 0.023693642003055876
11.0, -5.0, 1.8854973316192627, 117.0718097260503, 4.290605068206787, 0.13240311811960598
11.0, -5.5, 2.238381862640381, 62.53889393315947, 4.9930315017700195, 0.06784498812827612
11.0, -6.0, 2.5695159435272217, 48.687277836680245, 6.069890737533569, 0.029243671524209
11.0, -6.5, 3.040811777114868, 44.24241265221544, 7.484646558761597, 0.032701429349034125
11.0, -7.0, 3.7423181533813477, 42.792079417629175, 9.41066598892212, 0.02797762689577059
11.0, -7.5, 4.804820775985718, 42.30141871428442, 11.968929290771484, 0.025247374801685256
11.0, -8.0, 5.999021053314209, 42.14071224282059, 14.85386848449707, 0.02419301079491786
11.0, -8.5, 7.4806602001190186, 42.08703283864559, 18.729592323303223, 0.023849747811061073
11.0, -9.0, 10.36012053489685, 42.06975896903165, 26.19515347480774, 0.023744302730673114
11.0, -9.5, 11.783495426177979, 42.064141554115935, 29.42848229408264, 0.023712781265756062
11.0, -10.0, 15.051659345626831, 42.06233115262874, 37.147934436798096, 0.02370347299914448
11.0, -10.5, 18.402109384536743, 42.06174938274856, 46.682321548461914, 0.023700745068391843
11.0, -11.0, 25.827327728271484, 42.06156156732336, 65.99335622787476, 0.02369994269898848
11.0, -11.5, 29.716821432113647, 42.06150139889847, 73.98285627365112, 0.02369970641783746
11.0, -12.0, 42.19728398323059, 42.06148268021278, 105.05999827384949, 0.023699636328423694
11.0, -12.5, 43.13695549964905, 42.06147754351434, 104.31414270401001, 0.02369952185126298
11.0, -13.0, 46.726656436920166, 42.061475752549505, 112.77127456665039, 0.023699525772437984
11.0, -13.5, 49.09040546417236, 42.06147514292168, 124.11232590675354, 0.02369958020164821
11.0, -14.0, 51.62051033973694, 42.061474938124235, 134.94963788986206, 0.02369960006367799
11.0, -14.5, 51.39344382286072, 42.06147486856547, 148.42316699028015, 0.023699613028861866
11.0, -15.0, 56.636781454086304, 42.06147484517819, 171.20217156410217, 0.023699622094219226
11.0, -15.5, 54.019716024398804, 42.0614748373124, 174.31211400032043, 0.023699626603769928
11.0, -16.0, 59.49996328353882, 42.06147483465579, 200.6440134048462, 0.023699628321527225
11.0, -16.5, 58.35188007354736, 42.061474833839476, 202.59740209579468, 0.023699628884453858
11.0, -17.0, 53.09860372543335, 42.061474833345294, 193.91037225723267, 0.023699629093796568
11.0, -17.5, 53.89158606529236, 42.06147483335674, 196.86833953857422, 0.023699629117957245
11.0, -18.0, 55.389135122299194, 42.06147483315414, 206.37906575202942, 0.023699629139443474
11.5, -5.0, 3.014960527420044, 201.46530491883988, 6.769883632659912, 2.0961929320301813
11.5, -5.5, 4.114520311355591, 80.70766018117985, 9.138950109481812, 0.6253037540349184
11.5, -6.0, 4.839171648025513, 54.0326023645513, 11.143353700637817, 0.2911840309419064
11.5, -6.5, 5.116229057312012, 45.921380822829306, 12.674299240112305, 0.1179490490654418
11.5, -7.0, 7.050095319747925, 43.34759309033039, 17.301381587982178, 0.053707088679030554
11.5, -7.5, 8.055206298828125, 42.48093101014129, 19.680255651474, 0.03267322436125583
11.5, -8.0, 10.063222408294678, 42.19986342590566, 25.05008053779602, 0.026245571180961116
11.5, -8.5, 13.67492938041687, 42.106072950608066, 32.69941306114197, 0.024414447354454027
11.5, -9.0, 15.77415680885315, 42.0760405207848, 38.40637469291687, 0.023904103647485107
11.5, -9.5, 19.702998876571655, 42.06611302272004, 49.12494397163391, 0.02376281978917129
11.5, -10.0, 25.306544303894043, 42.06298456459662, 62.19595003128052, 0.02372384122801649
11.5, -10.5, 33.227036237716675, 42.06195688824098, 82.06116437911987, 0.02371305758019099
11.5, -11.0, 39.5593638420105, 42.061626951741296, 97.04243493080139, 0.023710054753995225
11.5, -11.5, 50.042991638183594, 42.06152224053042, 121.50295400619507, 0.023709212600220103
11.5, -12.0, 65.91488361358643, 42.06148945639829, 164.30432963371277, 0.023708974011138775
11.5, -12.5, 76.09216809272766, 42.061480267711744, 188.06917190551758, 0.023708744322988973
11.5, -13.0, 77.63876795768738, 42.06147709831202, 186.66198110580444, 0.0237087401521154
11.5, -13.5, 91.48203825950623, 42.06147603146812, 215.85242915153503, 0.02370883653673028
11.5, -14.0, 85.1503849029541, 42.06147566961737, 224.7263159751892, 0.023708871959937625
11.5, -14.5, 94.6585750579834, 42.06147554759408, 258.0148696899414, 0.023708892917412926
11.5, -15.0, 86.42250156402588, 42.061475506401905, 268.98670768737793, 0.023708907416922016
11.5, -15.5, 87.78266668319702, 42.061475492915555, 288.2211434841156, 0.02370891481401015
11.5, -16.0, 99.59202837944031, 42.061475487824616, 313.4719281196594, 0.023708917730207127
11.5, -16.5, 99.88023042678833, 42.06147548662233, 323.91765809059143, 0.023708918743613732
11.5, -17.0, 88.64270401000977, 42.06147548605164, 318.63420581817627, 0.023708919016607308
11.5, -17.5, 89.39999794960022, 42.06147548576345, 323.581449508667, 0.023708919099587458
11.5, -18.0, 89.4889726638794, 42.061475486215166, 324.6140742301941, 0.0237089191989078
12.0, -5.0, 4.813939809799194, 377.5409813281936, 10.713016510009766, 6.501147371603029
12.0, -5.5, 6.019585132598877, 111.63511737839119, 12.873340606689453, 2.1134919486234436
12.0, -6.0, 6.5758068561553955, 61.72769287623778, 15.432987928390503, 0.8109776697357733
12.0, -6.5, 7.987980842590332, 48.33371008154067, 19.66307306289673, 0.24883237197407876
12.0, -7.0, 10.070922136306763, 44.10723231828063, 24.580488443374634, 0.05932131662459376
12.0, -7.5, 12.708160638809204, 42.73636437337573, 31.22427272796631, 0.00024490355477312846
12.0, -8.0, 15.699216604232788, 42.28126252848389, 38.754902839660645, 0.017097066024977743
12.0, -8.5, 19.49329447746277, 42.13384030265559, 48.31763005256653, 0.02190232904109717
12.0, -9.0, 25.428772926330566, 42.084804748566135, 60.87822127342224, 0.02320903687588654
12.0, -9.5, 30.89048480987549, 42.0690517738933, 76.73100519180298, 0.023561489601828446
12.0, -10.0, 43.270912170410156, 42.06391494488441, 106.92814683914185, 0.023656621131474816
12.0, -10.5, 49.03496050834656, 42.06225397667116, 120.52412939071655, 0.023682321848702895
12.0, -11.0, 61.79917240142822, 42.06172318268232, 150.86565923690796, 0.023689293914010902
12.0, -11.5, 87.8582775592804, 42.061552661341, 207.70353388786316, 0.023691202360548738
12.0, -12.0, 97.46657395362854, 42.061498690706046, 237.65970301628113, 0.023691729854700576
12.0, -12.5, 110.83800745010376, 42.061484008985474, 269.7551872730255, 0.023692149715883917
12.0, -13.0, 124.66758346557617, 42.061479013997456, 290.0924069881439, 0.02369216569753135
12.0, -13.5, 128.94615960121155, 42.0614772679738, 315.6993918418884, 0.023692001235229902
12.0, -14.0, 135.0826416015625, 42.061476677327924, 349.3892126083374, 0.023691941780469964
12.0, -14.5, 137.1389331817627, 42.061476481300396, 380.02329325675964, 0.02369190677469234
12.0, -15.0, 138.38516664505005, 42.061476415106505, 413.02259612083435, 0.02369188248765283
12.0, -15.5, 137.81554651260376, 42.06147639269597, 443.3516023159027, 0.023691870019430763
12.0, -16.0, 139.28777265548706, 42.06147638533369, 470.72715950012207, 0.023691865173169093
12.0, -16.5, 155.28850173950195, 42.06147638264891, 503.58511304855347, 0.02369186343004944
12.0, -17.0, 136.25495290756226, 42.06147638185726, 493.71969199180603, 0.02369186293969075
12.0, -17.5, 151.81013464927673, 42.06147638162904, 507.37298941612244, 0.02369186274596771
12.0, -18.0, 135.33214831352234, 42.06147638145994, 501.5506126880646, 0.023691862761287336
12.5, -5.0, 8.72784686088562, 964.715868486215, 18.700719356536865, 10.982184349908506
12.5, -5.5, 9.767210960388184, 188.07054680588797, 21.115317583084106, 4.125698942850974
12.5, -6.0, 11.701313257217407, 78.71727415866899, 26.046452522277832, 0.740488939306113
12.5, -6.5, 13.109694242477417, 53.28044636046224, 32.058817625045776, 0.07533549305217177
12.5, -7.0, 17.276952266693115, 45.677115663763985, 43.15808415412903, 0.02624628440362474
12.5, -7.5, 20.967544317245483, 43.221905227429836, 50.65017056465149, 0.030936640463963484
12.5, -8.0, 25.858750104904175, 42.44500099958634, 63.10517716407776, 0.026968850702524607
12.5, -8.5, 33.31467127799988, 42.186278839467036, 80.19804048538208, 0.02486433181708136
12.5, -9.0, 41.920841693878174, 42.102366146535275, 102.21937012672424, 0.024076546590170243
12.5, -9.5, 52.16745376586914, 42.07458629995116, 128.08149075508118, 0.02381331407041709
12.5, -10.0, 64.34325313568115, 42.06571729012008, 160.37637305259705, 0.023730327594158215
12.5, -10.5, 85.5127956867218, 42.062845824787814, 212.9696023464203, 0.023704826373784755
12.5, -11.0, 108.68423104286194, 42.06190939856457, 266.44776225090027, 0.02369709717545155
12.5, -11.5, 128.9353311061859, 42.06161223708355, 319.26134634017944, 0.0236947652239985
12.5, -12.0, 172.3101031780243, 42.06151814693766, 404.2141616344452, 0.023694061454349973
12.5, -12.5, 204.95801830291748, 42.06149159194891, 450.629061460495, 0.023691877265018563
12.5, -13.0, 215.865216255188, 42.06148266251872, 504.72366094589233, 0.02369202653832946
12.5, -13.5, 223.83131885528564, 42.06147962807803, 559.2870664596558, 0.023693157939340345
12.5, -14.0, 221.55517148971558, 42.06147860270134, 578.0628612041473, 0.023693560321815053
12.5, -14.5, 222.91959738731384, 42.06147825589063, 643.9235649108887, 0.02369385280631528
12.5, -15.0, 226.4507486820221, 42.061478140945866, 696.7736814022064, 0.023694062583408775
12.5, -15.5, 232.370374917984, 42.061478102463774, 739.6132667064667, 0.023694165418963277
12.5, -16.0, 244.03102254867554, 42.06147808920161, 782.5658593177795, 0.023694204071149926
12.5, -16.5, 227.58795595169067, 42.06147808506478, 813.6149635314941, 0.023694216537325036
12.5, -17.0, 232.4125645160675, 42.06147808405249, 827.9655709266663, 0.023694220444890994
12.5, -17.5, 236.31832599639893, 42.06147808345682, 834.0485248565674, 0.023694221361032768
12.5, -18.0, 234.43447470664978, 42.06147808357496, 845.8368725776672, 0.023694221900086052
13.0, -5.0, 14.14744758605957, 3032.9282837577016, 29.286670684814453, 4.07479819436335
13.0, -5.5, 17.022106885910034, 385.15310935066617, 35.9492461681366, 5.753256329826121
13.0, -6.0, 19.4667387008667, 113.81665854391044, 43.505115032196045, 4.233986503364073
13.0, -6.5, 22.249776601791382, 62.07205180663313, 53.7208948135376, 1.67447199511599
13.0, -7.0, 28.127644777297974, 48.29905600844951, 67.40282487869263, 0.5714706534274657
13.0, -7.5, 34.508076906204224, 44.097597496683605, 85.02795577049255, 0.19072534504764704
13.0, -8.0, 44.1581552028656, 42.72442229017497, 106.98995089530945, 0.07171607299886573
13.0, -8.5, 54.61252689361572, 42.27707243292025, 135.54488372802734, 0.0372066938566443
13.0, -9.0, 70.00238394737244, 42.13207789809262, 168.2690896987915, 0.027478105706277903
13.0, -9.5, 91.96209239959717, 42.08423048076428, 224.48295211791992, 0.024759760860761225
13.0, -10.0, 117.04352188110352, 42.0688545275474, 282.7064697742462, 0.024001927812291005
13.0, -10.5, 137.20074653625488, 42.06387176663726, 342.2559003829956, 0.023790354264870882
13.0, -11.0, 181.9955849647522, 42.06223408446757, 440.984167098999, 0.023730914873720067
13.0, -11.5, 220.6114785671234, 42.06171666151878, 539.6291046142578, 0.023714087707476045
13.0, -12.0, 273.40256690979004, 42.061550604818635, 676.4633152484894, 0.023709275670759252
13.0, -12.5, 322.7162652015686, 42.061504547979915, 772.0825233459473, 0.02370435327953347
13.0, -13.0, 336.17623138427734, 42.06148893564578, 817.4246060848236, 0.023704251546453985
13.0, -13.5, 358.4961004257202, 42.06148365638284, 893.3909747600555, 0.02370637308518136
13.0, -14.0, 376.3112053871155, 42.06148185393326, 977.915769815445, 0.023707158239477378
13.0, -14.5, 410.09669613838196, 42.06148124932582, 1131.4271998405457, 0.023707625249177095
13.0, -15.0, 388.4614517688751, 42.06148104901249, 1159.8961110115051, 0.023707948211188268
13.0, -15.5, 382.34159541130066, 42.06148098212577, 1254.7764313220978, 0.02370811564126952
13.0, -16.0, 392.9679911136627, 42.0614809594695, 1340.2060482501984, 0.023708180931491924
13.0, -16.5, 391.06438660621643, 42.06148095240232, 1379.4954297542572, 0.02370820224314524
13.0, -17.0, 388.9512515068054, 42.061480950316565, 1404.2680168151855, 0.023708209645955165
13.0, -17.5, 391.92160654067993, 42.06148094931232, 1420.580783367157, 0.023708211798119286
13.0, -18.0, 412.0213973522186, 42.06148094909166, 1444.0780651569366, 0.02370821211368979
13.5, -5.0, 22.29652762413025, 10170.105637924256, 46.83886480331421, 47.62540505972114
13.5, -5.5, 26.457442045211792, 833.6298712372284, 55.576159715652466, 11.145575790077798
13.5, -6.0, 30.419158935546875, 177.49216653315855, 67.71849274635315, 2.7534586317769847
13.5, -6.5, 37.97137427330017, 76.47143156295965, 90.44637250900269, 2.067547621570587
13.5, -7.0, 43.37667393684387, 52.257464681667585, 105.90214729309082, 0.8555447485243046
13.5, -7.5, 58.40320444107056, 45.329450797787125, 141.08043909072876, 0.3051754773432406
13.5, -8.0, 69.18211054801941, 43.11852749624748, 167.2445583343506, 0.11009082758638745
13.5, -8.5, 93.20264220237732, 42.40941458786755, 218.9810631275177, 0.04926180372234054
13.5, -9.0, 105.62921094894409, 42.17439055917624, 261.76920437812805, 0.031147474499477256
13.5, -9.5, 132.72699856758118, 42.098477813074716, 332.11263608932495, 0.025857801545164143
13.5, -10.0, 174.26525354385376, 42.0732811978064, 419.82081627845764, 0.02432621426866938
13.5, -10.5, 220.3037564754486, 42.06527802258088, 528.2315673828125, 0.023883278151722413
13.5, -11.0, 266.3486156463623, 42.062710464244226, 664.3069286346436, 0.023754819526904086
13.5, -11.5, 336.22777009010315, 42.06186253256005, 833.2901163101196, 0.02371734199460423
13.5, -12.0, 438.59916710853577, 42.06159801007359, 1045.5932414531708, 0.02370631931423188
13.5, -12.5, 484.56581234931946, 42.061523140913664, 1179.4116339683533, 0.023691291891793788
13.5, -13.0, 543.0136253833771, 42.06149784414961, 1276.155237197876, 0.023691348236513612
13.5, -13.5, 551.6136727333069, 42.06148926920859, 1375.1111197471619, 0.023698334277511942
13.5, -14.0, 578.1702270507812, 42.06148637811909, 1536.5602025985718, 0.023700912819341977
13.5, -14.5, 589.7851848602295, 42.06148540730326, 1677.723207950592, 0.023702529854217502
13.5, -15.0, 610.1669659614563, 42.06148508352991, 1830.4685955047607, 0.02370366092629498
13.5, -15.5, 610.7790825366974, 42.06148497688295, 1976.3268218040466, 0.023704240129834454
13.5, -16.0, 608.6453175544739, 42.06148493990127, 2047.687426328659, 0.023704463089879134
13.5, -16.5, 653.5839262008667, 42.06148492868326, 2329.627139568329, 0.023704537207593607
13.5, -17.0, 654.9642610549927, 42.061484924932, 2351.06423664093, 0.023704560429716796
13.5, -17.5, 662.7156114578247, 42.06148492317014, 2399.728102684021, 0.02370456778985626
13.5, -18.0, 653.5359320640564, 42.061484923409665, 2424.2720863819122, 0.02370456871155763
14.0, -5.0, 40.580840826034546, 49130.202877621225, 79.42370820045471, 268.3437651204441
14.0, -5.5, 46.57457399368286, 2469.58803057752, 93.12044024467468, 57.714647084530526
14.0, -6.0, 54.28378915786743, 353.4130215258629, 122.92575693130493, 18.516270417519497
14.0, -6.5, 59.64726638793945, 108.57814534298043, 141.37737441062927, 6.235128191969813
14.0, -7.0, 74.78074407577515, 60.3110264580242, 178.82770776748657, 1.8335266487482844
14.0, -7.5, 92.49399590492249, 47.7380651342124, 224.44856476783752, 0.5318918241660087
14.0, -8.0, 115.06695532798767, 43.91152293744666, 281.7861499786377, 0.14555027726207592
14.0, -8.5, 154.55882692337036, 42.66295011302634, 372.8301486968994, 0.028644078290316486
14.0, -9.0, 183.99053978919983, 42.25852381792356, 449.96135997772217, 0.0073339306880222535
14.0, -9.5, 232.09947776794434, 42.1253026546314, 563.9756698608398, 0.018550817645276965
14.0, -10.0, 282.48549818992615, 42.082114503358234, 708.6222331523895, 0.022076081163488363
14.0, -10.5, 367.4929645061493, 42.06806886348206, 886.2400848865509, 0.023189818451144536
14.0, -11.0, 478.81796407699585, 42.063602774012914, 1116.5688478946686, 0.023542544216373817
14.0, -11.5, 579.3428163528442, 42.06215635562651, 1400.26447057724, 0.02365439141482694
14.0, -12.0, 728.5060415267944, 42.06168946965532, 1771.6042954921722, 0.023689853491551408
14.0, -12.5, 796.9189898967743, 42.06155826522453, 1987.131264448166, 0.023668842235941907
14.0, -13.0, 879.9561424255371, 42.06151495508792, 2136.2036929130554, 0.023676936596830626
14.0, -13.5, 945.6586458683014, 42.06150008174167, 2333.241009950638, 0.023693838757644553
14.0, -14.0, 973.9323377609253, 42.061494999437215, 2578.081053495407, 0.023698619941841866
14.0, -14.5, 997.7844944000244, 42.061493313528715, 2822.3311989307404, 0.02370474380406866
14.0, -15.0, 1003.2578663825989, 42.0614927494012, 3109.226175069809, 0.02370954553735622
14.0, -15.5, 1028.3057787418365, 42.06149256207492, 3321.32151722908, 0.023711737247897182
14.0, -16.0, 1031.0294041633606, 42.06149249974488, 3514.22065448761, 0.023712486296537143
14.0, -16.5, 1042.9366543293, 42.061492479251314, 3634.899497270584, 0.023712724239696115
14.0, -17.0, 1025.7846026420593, 42.061492472067485, 3740.6245760917664, 0.023712795637988403
14.0, -17.5, 998.5054795742035, 42.06149247013381, 3700.7618935108185, 0.023712815657624915
14.0, -18.0, 1011.7651183605194, 42.06149246922101, 3717.11958694458, 0.02371282343792704