10.00,1.1417824758795818,4.29293631076311e-09,4.29293643011385e-09,0.019173352020916534,0.019173277494559368
10.05,1.199843505723857,4.2861019992486286e-09,4.286102126212578e-09,0.019225054793290088,0.019224976413968867
10.10,1.2608566079843866,4.279290565343888e-09,4.279290690974448e-09,0.019234397631381246,0.019234325235258098
10.15,1.324971857627647,4.2724960637428675e-09,4.2724961965242254e-09,0.019222357183798583,0.0192222685762698
10.20,1.3923469578986356,4.265674575957458e-09,4.265674714135215e-09,0.019274068902710474,0.01927397669738721
10.25,1.4631476280067195,4.258883072158197e-09,4.258883184712726e-09,0.019286291793794937,0.01928623534529771
10.30,1.5375480105112718,4.252104514845556e-09,4.2521046478890715e-09,0.019273013202719888,0.01927292314760788
10.35,1.615731099392529,4.245296637055443e-09,4.245296754024015e-09,0.019321557795418696,0.019321489748695877
10.40,1.6978891898747221,4.2385247056974635e-09,4.2385248294159155e-09,0.019337377767100733,0.019337307072001955
10.45,1.7842243511428721,4.2317616080667286e-09,4.231761736767601e-09,0.019325042981429345,0.01932496042018781
10.50,1.8749489230602059,4.224968155798363e-09,4.2249682966933914e-09,0.01936753545737846,0.01936743878036437
10.55,1.970286038122283,4.2182154313413375e-09,4.21821555611645e-09,0.019387241837847288,0.019387169042714605
10.60,2.070470169932627,4.211467310687225e-09,4.211467435205957e-09,0.019378074049941973,0.01937799657441267
10.65,2.17574770954723,4.204689257122941e-09,4.2046893825353326e-09,0.019411981019817302,0.019411901134166895
10.70,2.286377571103718,4.197955172554683e-09,4.1979553024752135e-09,0.019435638969330322,0.019435558619516687
10.75,2.4026318282230155,4.191221618028331e-09,4.191221740317605e-09,0.019431648060090366,0.01943157304069173
10.80,2.524796382746718,4.184459916654764e-09,4.184460042005142e-09,0.019455182260247048,0.01945510171408543
10.85,2.653171667452989,4.177743891499878e-09,4.17774401964435e-09,0.01948242287887036,0.01948234354416873
10.90,2.7880733844771104,4.171024551662586e-09,4.171024675647727e-09,0.01948526873665423,0.019485183361525396
10.95,2.929833281250477,4.164280178162989e-09,4.164280300245096e-09,0.01949746968936589,0.019497391813810595
11.00,3.078799965864128,4.15758155033625e-09,4.157581678591567e-09,0.019527614694384805,0.019527532275767777
11.05,3.2353397638594488,4.1508761965910965e-09,4.150876313789582e-09,0.019538401533231445,0.019538333909750943
11.10,3.3998376185506634,4.14415006105319e-09,4.144150183914416e-09,0.019539294534063847,0.01953921470010629
11.15,3.572698037090488,4.137468157724924e-09,4.13746828068589e-09,0.01957134813382905,0.019571270385766167
11.20,3.754346084602576,4.130776624869401e-09,4.130776745975856e-09,0.019590602742077252,0.019590531937488744
11.25,3.9452284288226527,4.124069609337735e-09,4.124069728328989e-09,0.01958113722100308,0.019581061148819003
11.30,4.145814437813916,4.117403741601557e-09,4.117403866796091e-09,0.01961390635563804,0.01961382397745024
11.35,4.356597333452915,4.11072599370564e-09,4.110726126021751e-09,0.019641450147624813,0.019641366267849292
11.40,4.578095403518865,4.104038871241425e-09,4.104038989021401e-09,0.019623492754148108,0.019623416926796707
11.45,4.810853275352367,4.097388409526035e-09,4.097388529278606e-09,0.019655629001737923,0.01965554986136548
11.50,5.055443254150036,4.090724537860418e-09,4.090724662705445e-09,0.01969058267649363,0.01969050799194733
11.55,5.3124667293639,4.0840579403292385e-09,4.084058057116054e-09,0.019666782258184235,0.019666706896352935
11.60,5.582555652558308,4.077422307670143e-09,4.077422427925564e-09,0.019696937089063924,0.019696854704763348
11.65,5.866374090307104,4.070772511799254e-09,4.070772635171001e-09,0.019737804621018363,0.019737731481657278
11.70,6.16461985598212,4.064126958284954e-09,4.064127078051812e-09,0.01971131906016537,0.019711240340604202
11.75,6.478026224440818,4.0575056932653166e-09,4.0575058070052994e-09,0.019738221158172697,0.019738139837568232
11.80,6.807363733823485,4.050870298218082e-09,4.0508704103024926e-09,0.019782976962290318,0.019782916897902958
11.85,7.153442078884915,4.044246156773834e-09,4.044246275770433e-09,0.019757236919999283,0.019757159076866242
11.90,7.517112100509749,4.037638907664658e-09,4.037639025599541e-09,0.01977984230027004,0.019779759073769963
11.95,7.899267876296795,4.031018349122734e-09,4.031018463148459e-09,0.01982610091888636,0.019826037332943823
12.00,8.300848917346208,4.02441586538331e-09,4.024415985920248e-09,0.019804473763180362,0.01980439451625149
12.05,8.722842476643294,4.017822450944279e-09,4.017822573779876e-09,0.01982202183754074,0.019821931964727427
12.10,9.166285974707513,4.011217293375189e-09,4.0112174115598715e-09,0.0198672005973495,0.019867131353102578
12.15,9.632269548462553,4.004636586236976e-09,4.004636696090196e-09,0.019852698238926877,0.01985263207158084
12.20,10.121938729585723,3.998057017507465e-09,3.998057129395216e-09,0.01986478212714608,0.019864704691070302
12.25,10.636497258913426,3.991467946337193e-09,3.9914680550286115e-09,0.0199063160854797,0.019906256676687904
12.30,11.17721004381241,3.9849089853984645e-09,3.984909100681289e-09,0.01990135719540062,0.01990128579359811
12.35,11.745406265778398,3.978343489636388e-09,3.978343603186945e-09,0.019907957542625032,0.01990787815819023
12.40,12.342482645891776,3.9717713158681984e-09,3.971771434392592e-09,0.019943499800035694,0.019943427455410834
12.45,12.969906876147475,3.965234064044266e-09,3.965234170263081e-09,0.019949539964343933,0.019949479262028665
12.50,13.629221225083944,3.958683108390089e-09,3.958683212847062e-09,0.019951020332001298,0.019950950819638665
12.55,14.32204632656168,3.952128805339972e-09,3.952128908232997e-09,0.01997858769827462,0.019978532904060865
12.60,15.050085160844592,3.945613129500981e-09,3.945613246488055e-09,0.019996103270643602,0.01999603044519572
12.65,15.815127237869495,3.939077473352453e-09,3.9390775803004196e-09,0.01999313028096917,0.019993057832973574
12.70,16.619052993408715,3.932542157076476e-09,3.9325422610221445e-09,0.020011294621246456,0.020011237954404078
12.75,17.46383840833346,3.926048050669837e-09,3.9260481636219205e-09,0.020039500616541014,0.02003943354770058
12.80,18.351559862473334,3.919528745456152e-09,3.919528860090607e-09,0.020032990077649533,0.02003290876817088
12.85,19.28439923501897,3.9130137368025115e-09,3.9130138433784385e-09,0.02004092449596325,0.020040863302738847
12.90,20.264649263988403,3.906541309576146e-09,3.906541410975329e-09,0.020077875473899442,0.020077822239769692
12.95,21.29471917791258,3.900039805968083e-09,3.900039914438263e-09,0.020068788623367396,0.020068714682480997
13.00,22.377140613565636,3.8935466579099595e-09,3.89354676857903e-09,0.020066309824280388,0.020066242980351225
13.05,23.514573834264475,3.887096251928792e-09,3.887096354483129e-09,0.02010897186196504,0.02010891979636083
13.10,24.709814264003015,3.880614437446829e-09,3.8806145480776485e-09,0.020098172502270185,0.020098095931222262
13.15,25.96579935345856,3.874145067553161e-09,3.874145170568959e-09,0.0200856111677294,0.020085552946182982
13.20,27.285615794723924,3.867717404777432e-09,3.867717516388213e-09,0.020129997897323244,0.020129934651060763
13.25,28.672507102474082,3.8612577158962715e-09,3.861257822237069e-09,0.020118027938743416,0.020117957721658572
13.30,30.129881580174544,3.854814452276739e-09,3.8548145537520425e-09,0.020096157606517864,0.020096101371873162
13.35,31.66132069088512,3.848410857206435e-09,3.848410971499103e-09,0.020137471547101042,0.020137407681933207
13.40,33.2705878532033,3.841976373032917e-09,3.841976477850719e-09,0.02012438136008283,0.020124313106162063
13.45,34.96163768393592,3.835562155302149e-09,3.835562261378436e-09,0.020094131071875763,0.02009406771171093
13.50,36.7386257101842,3.829184755339939e-09,3.8291848573034424e-09,0.020127022863359725,0.020126972742386864
13.55,38.60591857467706,3.822779395603208e-09,3.822779501619691e-09,0.020112100624361876,0.020112031009934236
13.60,40.568104759399844,3.816398008087633e-09,3.816398104031582e-09,0.020074218017166953,0.020074168316384106
13.65,42.63000585383662,3.810049957772841e-09,3.810050065445757e-09,0.020093065370680393,0.020093009296251785
13.70,44.79668839537848,3.8036787907218566e-09,3.803678884481986e-09,0.02007453035388303,0.02007447669141049
13.75,47.073476310252715,3.7973350974456896e-09,3.797335196064208e-09,0.02002927431387593,0.020029220734428956
13.80,49.465963987427415,3.791021067910827e-09,3.791021159505328e-09,0.020028186936923494,0.020028148843326782
13.85,51.9800300166616,3.784690545094792e-09,3.784690633815878e-09,0.020003053001319656,0.02000300542734
13.90,54.62185162374944,3.778390991294403e-09,3.778391076168629e-09,0.01994960332912698,0.01994956631817602
13.95,57.39791983882983,3.772117517844241e-09,3.772117603562501e-09,0.01992262634881617,0.019922595017693213
14.00,60.31505543499,3.765836041026044e-09,3.765836125222448e-09,0.019886301106572534,0.019886258567893313
14.05,63.380425676271166,3.759589118041989e-09,3.759589195552233e-09,0.01982232537196949,0.01982229781504141
14.10,66.60156191617409,3.75336531268885e-09,3.7533653907643635e-09,0.019763221148028965,0.01976319855648699
14.15,69.9863780898457,3.74714382139462e-09,3.747143896620642e-09,0.019709227933063806,0.019709196313160805
14.20,73.54319014532298,3.740960816606498e-09,3.74096089295091e-09,0.01963024741937438,0.019630221135373695
14.25,77.28073646150871,3.734799134742677e-09,3.7347992077214545e-09,0.019532237244615055,0.019532219460319043
14.30,81.20819930297992,3.728651957766899e-09,3.728652025672939e-09,0.01945181055817915,0.019451787137248204
14.35,85.33522736426899,3.7225479410162688e-09,3.7225480069881284e-09,0.019350475971822174,0.019350461917412215
14.40,89.6719594589299,3.7164652140303094e-09,3.7164652901974852e-09,0.019205705954065216,0.019205683838923578
14.45,94.22904941151143,3.710411197946915e-09,3.7104112653049686e-09,0.019087272395568736,0.019087249531872637
14.50,99.01769221350851,3.704406248731377e-09,3.704406310562532e-09,0.018952611232549342,0.018952601683447312
14.55,104.04965150746047,3.698425107535299e-09,3.6984251707714644e-09,0.018751230530550753,0.01875122385582155
14.60,109.33728846662976,3.692489082741454e-09,3.6924891422133486e-09,0.018579736266681413,0.018579722511288303
14.65,114.89359214110506,3.686609931960018e-09,3.6866099891078747e-09,0.018396209170820865,0.018396205242632403
14.70,120.73221134478325,3.6807604950380088e-09,3.6807605556169304e-09,0.01812526797794871,0.01812526473929064
14.75,126.86748816145028,3.6749752168244767e-09,3.674975274272787e-09,0.017881227538713504,0.017881216968744597
14.80,133.3144931521547,3.6692573657640154e-09,3.669257420332613e-09,0.017627582238600677,0.01762758007630605
14.85,140.0890623488095,3.663579532934214e-09,3.663579589424192e-09,0.01726940373801892,0.017269403870816668
14.90,147.20783612545307,3.657988104917534e-09,3.657988160606892e-09,0.01692769956837423,0.01692769017325575
14.95,154.68830004766292,3.6524784614443102e-09,3.652478515199506e-09,0.016575606407914032,0.016575603956688757
15.00,162.54882779402226,3.6470247028709466e-09,3.647024759922201e-09,0.016105834145707102,0.016105834497120892
15.05,170.80872625644935,3.641683626748934e-09,3.6416836807363794e-09,0.015634114009191197,0.01563410638297906
15.10,179.4882829304007,3.636443765691509e-09,3.63644381677883e-09,0.015146497603533112,0.015146497147312163
15.15,188.6088157111862,3.6312825393742764e-09,3.6312825934988462e-09,0.014531724129690764,0.01453172818278151
15.20,198.19272521854612,3.6262653371465144e-09,3.6262653901549823e-09,0.013888448691337955,0.01388844364994159
15.25,208.26354977782069,3.6213753116877265e-09,3.621375360800201e-09,0.013217556584120183,0.013217556594493097
15.30,218.84602319256732,3.6165949788157918e-09,3.6165950315767002e-09,0.012412680028568495,0.012412685414890327
15.35,229.96613545033293,3.6119962887172167e-09,3.61199633942128e-09,0.01154488093080409,0.0115448785282298
15.40,241.65119651045808,3.607558780094866e-09,3.607558827867554e-09,0.010630236493251583,0.010630236580793415
15.45,253.9299033303642,3.6032717014870394e-09,3.6032717541085315e-09,0.009575840876973708,0.009575847414725268
15.50,266.83241029471026,3.5992113221300555e-09,3.59921137137735e-09,0.008417015710890983,0.008417015951496874
15.55,280.3904032201414,3.5953554745382914e-09,3.595355521477669e-09,0.007183794658172318,0.00718379407933149
15.60,294.6371771171304,3.5917014283337496e-09,3.5917014788881935e-09,0.00580433093718233,0.0058043421526656645
15.65,309.6077178996045,3.588327221374784e-09,3.5883272695710653e-09,0.004273429882050301,0.004273434281604331
15.70,325.3387882427573,3.585210716492304e-09,3.5852107624124387e-09,0.0026325271548058938,0.0026325241100232577
15.75,341.86901779957617,3.5823577917155704e-09,3.5823578412993104e-09,0.0008370428528777089,0.0008370549738790121
15.80,359.23899799733283,3.579845122804721e-09,3.579845169321778e-09,-0.001159234232636561,-0.001159226569613332
15.85,377.4913816465016,3.5776515913601035e-09,3.5776516352468132e-09,-0.003306607258400023,-0.0033066069361069074
15.90,396.67098760635525,3.575790956798468e-09,3.575791004831513e-09,-0.005617518794685891,-0.005617504434075007
15.95,416.8249107601782,3.574334167909453e-09,3.574334214531781e-09,-0.008174354845855176,-0.008174345360927492
16.00,438.0026375370424,3.573260418152699e-09,3.5732604624271403e-09,-0.010921513890275486,-0.010921513911040162
16.05,460.2561673463163,3.572588201028073e-09,3.5725882485271444e-09,-0.013834846662233504,-0.013834831204581973
16.10,483.6401401908586,3.572375914537963e-09,3.572375959792231e-09,-0.017021213539563505,-0.017021201922580487
16.15,508.2119707347203,3.5725990041465534e-09,3.572599047799708e-09,-0.020418133590637468,-0.02041813018294214
16.20,534.031989175998,3.573273254092968e-09,3.5732733007376936e-09,-0.023958402825919836,-0.023958384378403537
16.25,561.1635892399258,3.5744330581920074e-09,3.574433102210401e-09,-0.027752088250988613,-0.02775207215326549
16.30,589.6733833788144,3.57604002628031e-09,3.5760400694240897e-09,-0.03172105348927624,-0.031721046104237205
16.35,619.631366252753,3.5780924024916962e-09,3.5780924483867955e-09,-0.035741695001087245,-0.03574167260754965
16.40,651.111086357681,3.580580965534872e-09,3.5805810102159357e-09,-0.03989133716954356,-0.03989133396935801
16.45,684.1898233651339,3.583433202962521e-09,3.58343324525562e-09,-0.04405198062996464,-0.04405196777628447
16.50,718.9487781295724,3.5866029149618354e-09,3.586602959631494e-09,-0.048014570491323225,-0.04801454458043005
16.55,755.4732723171869,3.590004273316968e-09,3.590004314841785e-09,-0.05176395656693353,-0.05176392437968632
16.60,793.8529439225769,3.5934943129284606e-09,3.5934943549342874e-09,-0.05509012965279462,-0.055090106763096884
16.65,834.1819583775716,3.5969371187389257e-09,3.5969371615086562e-09,-0.0576393605343747,-0.05763932331262428
16.70,876.5592221119654,3.6001173296161738e-09,3.60011736929657e-09,-0.05920542506918162,-0.05920537394799097
16.75,921.0885716682795,3.602762457494019e-09,3.6027624925652383e-09,-0.05938716619586581,-0.0593871014031791
16.80,967.8789536807134,3.6045769082905614e-09,3.604576929785937e-09,-0.057575026045184705,-0.05757487770676525
16.85,1017.0445337533608,3.605137592957004e-09,3.605137629474181e-09,-0.05321144356049715,-0.05321136601892835
16.90,1068.7046334481568,3.603957271101555e-09,3.6039573071525327e-09,-0.045531346149346,-0.045531279370171235
16.95,1122.9835153740698,3.6004857977485535e-09,3.600485837124012e-09,-0.033477368675166,-0.03347731001992929
17.00,1180.0096297930181,3.5939939717148443e-09,3.593994010976873e-09,-0.015890113007215306,-0.015890035762131945
17.05,1239.9139321580196,3.5836818248887677e-09,3.5836818645802064e-09,0.00863668213157774,0.008636736596935401
17.10,1302.8280301904897,3.568651147041841e-09,3.568651190492195e-09,0.04190083148982234,0.04190088390754597
17.15,1368.881068091983,3.547791384165238e-09,3.5477914272713245e-09,0.08601937448948364,0.08601942631008758
17.20,1438.202653164649,3.519948881998208e-09,3.519948924773314e-09,0.14341736727289586,0.14341740622176502
17.25,1510.9360961892505,3.483867560458032e-09,3.4838676052843846e-09,0.21699721968924918,0.2169972533680425
17.30,1587.2635893178833,3.4380813461633434e-09,3.4380813941990653e-09,0.31028479834110173,0.31028485285775853
17.35,1667.4045582320746,3.381158557960887e-09,3.381158610886932e-09,0.4272766101633015,0.42727669450392286
17.40,1751.6012440026095,3.311559214067264e-09,3.3115592727222786e-09,0.5724653939752344,0.5724655921552596
17.45,1840.0910119369607,3.2277877893413367e-09,3.2277878434674377e-09,0.7507924525457335,0.7507924787646898
17.50,1933.1082081807829,3.1285658370299048e-09,3.1285658921664305e-09,0.9671729872893853,0.9671729968718539
17.55,2030.8880375083124,3.0129181045027595e-09,3.012918159243009e-09,1.2256586201468884,1.2256586398249316
17.60,2133.6721997704735,2.880351232430756e-09,2.88035128674048e-09,1.5276260473034,1.527626001671051
17.65,2241.7126134156015,2.73114758692813e-09,2.7311476444566976e-09,1.8688728533677212,1.8688728292149033
17.70,2355.2730287202544,2.566596741896442e-09,2.566596799767059e-09,2.2333274153325813,2.233327380682073
17.75,2474.63050471483,2.3892965149816137e-09,2.389296570604215e-09,2.582583063632462,2.582583043339904
17.80,2600.076318232009,2.2035280084531675e-09,2.203528064811944e-09,2.838753103534029,2.8387530950988373
17.85,2731.9167344432262,2.015528558227014e-09,2.015528609988308e-09,2.860226539031474,2.8602265244131537
17.90,2870.47389891778,1.8337976271307925e-09,1.8337976774595321e-09,2.4208485082964994,2.4208485058778995
17.95,3016.0865692654293,1.669241844734636e-09,1.6692418957694184e-09,1.2308009146466374,1.2308010352195438
18.00,3169.1109178713114,1.5351440187964502e-09,1.5351440668912905e-09,-0.9098736995845157,-0.9098736120963119
18.05,3329.9214585809655,1.4468247945104079e-09,1.4468248442733464e-09,-3.7392313671636823,-3.739231192627038
18.10,3498.911904074171,1.4209076683740623e-09,1.4209077206138056e-09,-6.158156022376601,-6.1581557598225904
18.15,3676.4961056879856,1.4740586314932931e-09,1.4740586872677967e-09,-6.6176540859127595,-6.617653985555066
18.20,3863.1091009420625,1.621138170836882e-09,1.6211382341911412e-09,-4.516599668144138,-4.516599632842761
18.25,4059.208142021565,1.872730363553676e-09,1.8727304390890193e-09,-0.9340408837416271,-0.934040804259497
18.30,4265.273793633635,2.232169465278445e-09,2.2321695523903386e-09,2.4653947482989866,2.4653948173539213
18.35,4481.811123518865,2.6923182457843314e-09,2.6923183551955214e-09,4.721015668331377,4.721015604001993
18.40,4709.350956439275,3.232584869194071e-09,3.2325849105808294e-09,5.7231123483199795,5.723112343778021
18.45,4948.451130866473,3.816925758677457e-09,3.816925809328688e-09,5.756715438238714,5.756715426132331
18.50,5199.697804828798,4.393859468119748e-09,4.393859523843242e-09,5.1434427467361905,5.143442742238163
18.55,5463.7070492796975,4.8992659291345785e-09,4.899265989303731e-09,4.109597817210731,4.109597813429997
18.60,5741.126291973509,5.263273765551422e-09,5.263273834063246e-09,2.7749704130740898,2.7749704086367135
18.65,6032.63572372941,5.421382382435539e-09,5.421382449936769e-09,1.1795284103804737,1.1795284135522592
18.70,6338.950195786648,5.32870822236829e-09,5.328708286813024e-09,-0.6781371217850769,-0.6781371124767364
18.75,6660.8209377849225,4.975890325615745e-09,4.975890388522248e-09,-2.774608322868884,-2.774608326183056
18.80,6999.037237414304,4.401927364649583e-09,4.401927419629136e-09,-4.902043964324948,-4.902043979855281
18.85,7354.428533118537,3.6986547217428528e-09,3.6986547662502242e-09,-6.2840507090956645,-6.284050728388119
18.90,7727.8664238530955,3.0016449786682386e-09,3.0016450173283865e-09,-5.013027085461081,-5.0130271411199505
18.95,8120.266692133287,2.4637124946206285e-09,2.463712525131137e-09,0.902625670797592,0.90262560615998
19.00,8532.591663125575,2.21332238564138e-09,2.2133224122713893e-09,7.155214275380064,7.155214302060361
19.05,8965.852546902073,2.3075574563160925e-09,2.3075574851834874e-09,4.472324805665655,4.47232490721976
19.10,9421.111834710899,2.6972905528750094e-09,2.697290584534283e-09,-2.5342998548498126,-2.534299758888277
19.15,9899.486000231387,3.2255725873172827e-09,3.225572624120893e-09,-5.207616819118244,-5.207616793318093
19.20,10402.148223783404,3.6735742080925444e-09,3.6735742532584066e-09,-3.5160276356808047,-3.51602767701775
19.25,10930.331196193381,3.848590690117334e-09,3.848590737162049e-09,-0.032713943119609956,-0.03271399989283063
19.30,11485.330181146426,3.680864440067766e-09,3.6808644838046108e-09,3.0861841360630486,3.0861841239116883
19.35,12068.506182164101,3.2748515776097393e-09,3.2748516190073708e-09,3.451842401780434,3.4518424479105194
19.40,12681.289247513569,2.8669467899953544e-09,2.8669468251655847e-09,-0.3489172266536992,-0.3489171600171685
19.45,13325.182055082187,2.6900556725056315e-09,2.6900557046957823e-09,-3.1998774554247085,-3.199877455553116
19.50,14001.763587732508,2.8173916104797472e-09,2.817391644977273e-09,-0.1136438837320331,-0.11364396867372197
19.55,14712.692943409984,3.10297674945539e-09,3.1029767851770808e-09,2.2268517212566126,2.2268516909844047
19.60,15459.71339658396,3.292082592556163e-09,3.2920826299957276e-09,0.5948584902574542,0.5948585837476322
19.65,16244.656667088997,3.237439600165024e-09,3.2374396401067936e-09,-1.3814354477739432,-1.3814354182916715
19.70,17069.447409487046,3.0308191357446156e-09,3.0308191729522174e-09,-0.43675264125887825,-0.43675272250919545
19.75,17936.107985965056,2.9000679674510013e-09,2.900068000836345e-09,1.0893622636058498,1.0893622593652772
19.80,18846.76341768021,2.9562762393930168e-09,2.9562762742547865e-09,-0.15355386379098268,-0.1535537886902728
19.85,19803.646549785426,3.078202686101392e-09,3.078202721061631e-09,-0.5258655616986871,-0.5258655988570161
19.90,20809.103519558703,3.0904534843960423e-09,3.0904535196215882e-09,0.4265412264232705,0.42654119053823797
19.95,21865.599502935103,3.0025093957336423e-09,3.0025094321087555e-09,0.05391722480596641,0.05391729606368866
20.00,22975.7247544704,2.96191006561647e-09,2.9619100999599125e-09,-0.2065444269773601,-0.2065444551649543
20.05,24142.200982007962,3.0038462819374535e-09,3.0038463144439542e-09,0.21886372786253183,0.21886371337087832
20.10,25367.888012794974,3.021469679128669e-09,3.0214697147106638e-09,-0.0653215101704294,-0.06532145286550836
20.15,26655.790778002494,2.9849363472250534e-09,2.984936381397104e-09,0.03463490874139285,0.03463485936521058
20.20,28009.066672597346,2.972056029526891e-09,2.972056062587562e-09,0.0419281548742859,0.041928183093139525
20.25,29431.033289045965,2.985766664428863e-09,2.9857666985909796e-09,-0.00041210580476533625,-0.00041210806711567647
20.30,30925.17654402711,2.9752572027496847e-09,2.975257236004579e-09,0.041511237126579434,0.04151123204605383
20.35,32495.1592289537,2.9625515365214492e-09,2.9625515705976906e-09,0.011657107536870508,0.011657113537615858
20.40,34144.82998120985,2.9638585442834657e-09,2.96385857839158e-09,0.028823295357780564,0.028823308490235105
20.45,35878.23270197192,2.956052263347682e-09,2.9560522963306544e-09,0.02165370683276221,0.02165369514741233
20.50,37699.6164604151,2.9493213775330933e-09,2.9493214090688426e-09,0.02244762852178428,0.02244764052069188
20.55,39613.445905975714,2.9455015185938264e-09,2.945501551400802e-09,0.024658107132793556,0.024658108404255218
20.60,41624.41221619931,2.938504446626948e-09,2.938504479346607e-09,0.022328298735907463,0.02232829803647919
20.65,43737.44457515112,2.9336343118951943e-09,2.9336343419026716e-09,0.02340325540834164,0.023403259659305366
20.70,45957.72224268256,2.927643055466949e-09,2.9276430877437693e-09,0.02351192549649785,0.023511933878619832
20.75,48290.68723881468,2.922206387319137e-09,2.9222064183738123e-09,0.023270274239756757,0.023270269294885345
20.80,50742.05767135311,2.9164821367929156e-09,2.916482169835567e-09,0.02326921280741135,0.023269217036859764
20.85,53317.84173933456,2.9109555047681547e-09,2.9109555367714202e-09,0.023387980681272836,0.02338799056648591
20.90,56024.352446574965,2.9053003090467114e-09,2.90530034284711e-09,0.02342420643692012,0.023424201625621296
20.95,58868.223061317396,2.899725378647138e-09,2.899725414381403e-09,0.023395919289229235,0.023395923454127394
21.00,61856.42335979911,2.8941361596273075e-09,2.8941361943975406e-09,0.023445789995320074,0.023445799158581408
21.05,64996.276693486034,2.8885414898249854e-09,2.8885415271142332e-09,0.02348701834914595,0.02348701364587436
21.10,68295.47792172417,2.882962887764663e-09,2.8829629259583556e-09,0.023471126394677452,0.023471131050961002
21.15,71762.11225654672,2.8773947449297e-09,2.877394780664522e-09,0.023506293400595103,0.02350630188588924
21.20,75404.6750672577,2.871818011605704e-09,2.8718180479509098e-09,0.023552984044688006,0.023552979602612326
21.25,79232.0926760239,2.866254830072473e-09,2.866254866209003e-09,0.023548696910654712,0.023548701926511064
21.30,83253.7442124651,2.8607011606388027e-09,2.860701198969328e-09,0.023568850122992625,0.023568857340290225
21.35,87479.48457807222,2.8551425192513145e-09,2.855142556781456e-09,0.023619271765969493,0.023619267081272568
21.40,91919.66857500248,2.8495965419298604e-09,2.849596578362351e-09,0.023627075887021468,0.02362708124039751
21.45,96585.17625828298,2.8440566138952446e-09,2.8440566528743587e-09,0.023632947319879853,0.023632953289025264
21.50,101487.43957342398,2.838515887076317e-09,2.8385159243726557e-09,0.023685978509365987,0.023685973534448252
21.55,106638.47034461753,2.8329870731303047e-09,2.832987109102544e-09,0.02370431448727711,0.023704320196261758
21.60,112050.8896819616,2.827461030673898e-09,2.8274610686804853e-09,0.023699581045798848,0.02369958660380991
21.65,117737.95887954946,2.8219382193641167e-09,2.8219382560339068e-09,0.02375160127818385,0.023751596034063502
21.70,123713.61187837472,2.816426403804987e-09,2.8164264389610916e-09,0.023781542539255025,0.02378154823874919
21.75,129992.48937683614,2.8109144226456206e-09,2.8109144596969406e-09,0.023768020566296868,0.023768025576551555
21.80,136589.97467202652,2.8054094522958005e-09,2.8054094880746595e-09,0.02381734436764346,0.023817338704179732
21.85,143522.2313167384,2.799914464907036e-09,2.7999144991284365e-09,0.023858148434627698,0.023858154212845668
21.90,150806.242685546,2.794416783505672e-09,2.7944168198476654e-09,0.02383846966530033,0.023838474391579382
21.95,158459.85354676106,2.788929520797694e-09,2.788929555699198e-09,0.023883564209649044,0.023883558233036523
22.00,166501.8137419184,2.7834511947391527e-09,2.783451228215513e-09,0.023934045560314924,0.023934051346993414
22.05,174951.82407963809,2.7779680917534277e-09,2.7779681273513526e-09,0.02391074898347441,0.023910753547515165
22.10,183830.58455605627,2.7724983586963466e-09,2.772498393128348e-09,0.023950656911046773,0.023950650615020663
22.15,193159.84501977253,2.767036540136838e-09,2.767036573121971e-09,0.024009242234004847,0.02400924802727327
22.20,202962.45840518904,2.7615683116158606e-09,2.7615683467104966e-09,0.02398455572302606,0.023984560265724316
22.25,213262.43666440845,2.7561159007255227e-09,2.7561159346381093e-09,0.02401887716676498,0.02401887057326631
22.30,224085.00953447117,2.7506704574764435e-09,2.7506704901136727e-09,0.02408391384354024,0.024083919500193986
22.35,235456.6862836024,2.745217392943892e-09,2.745217427708494e-09,0.02405951394227873,0.024059518576789625
22.40,247405.3205874572,2.7397820819955674e-09,2.739782115403295e-09,0.024088219580274337,0.024088212754082884
22.45,259960.178693991,2.7343529174766007e-09,2.734352949634997e-09,0.02415851905500527,0.024158524588450393
22.50,273152.01104358985,2.7289152574283096e-09,2.72891529182636e-09,0.02413527318123538,0.024135277959271728
22.55,287013.1275196014,2.72349682632685e-09,2.723496859591023e-09,0.02415775140141288,0.024157744389331087
22.60,301577.47651320853,2.718083940910342e-09,2.718083972957906e-09,0.024234579421267985,0.024234584801503534
22.65,316880.7279959467,2.712661690653838e-09,2.7126617249086236e-09,0.024212019550071313,0.02421202448795178
22.70,332960.3608029847,2.7072599737302087e-09,2.7072600066204844e-09,0.02422150969965986,0.024221502631826458
22.75,349855.75434047903,2.7018638404617332e-09,2.7018638723422038e-09,0.024319232122400863,0.024319237159288576
22.80,367608.2849368386,2.6964556731158896e-09,2.696455707063066e-09,0.024293809470107782,0.024293814515840815
22.85,386261.42706947896,2.691070874572812e-09,2.6910709074147037e-09,0.024244330270717346,0.024244323998353447
22.90,405860.859744798,2.6856945784793788e-09,2.6856946100434933e-09,0.02445066540869717,0.02445066903096063
22.95,426454.5782628016,2.680291583756082e-09,2.680291617664566e-09,0.02440602221992469,0.024406027172272533
23.00,448093.0116431026,2.6749262165253047e-09,2.674926249220871e-09,0.024055761317518812,0.02405575865361895
23.05,470829.14600240364,2.6695827995117958e-09,2.6695828313361343e-09,0.024768072664555305,0.024768073471876872
23.10,494718.654185,2.664147977627361e-09,2.664148011781475e-09,0.024608299640906713,0.02460830477438372
23.15,519820.0319631566,2.658820720203508e-09,2.6588207550235795e-09,0.023514709111950003,0.02351470957973468
23.20,546194.7411402477,2.653499238454044e-09,2.6534992755671417e-09,0.025144991846405413,0.0251449899793139
23.25,573907.3599063308,2.6481057933370963e-09,2.6481058329152236e-09,0.02497512050935748,0.024975126124479524
23.30,603025.7408137628,2.6428155218871126e-09,2.642815561504985e-09,0.02307029864566643,0.02307030238815295
23.35,633621.176758749,2.637450270124337e-09,2.637450308013144e-09,0.024509392467065502,0.02450939645125662
23.40,665768.5753746063,2.632183336058118e-09,2.6321833762966893e-09,0.024713954324413607,0.024713957375581692
23.45,699546.6422628404,2.626812982541562e-09,2.6268130212589252e-09,0.025309284324551082,0.0253092712807205
23.50,735038.0735097608,2.6214862399544513e-09,2.6214862766396307e-09,0.024433459299252874,0.02443346612616298
23.55,772329.7579592227,2.616173861890601e-09,2.6161739011121746e-09,0.024313736680675855,0.024313743014271586
23.60,811512.9897355512,2.610861670714832e-09,2.6108617077660732e-09,0.025294386215041813,0.02529437366789756
23.65,852683.6915361288,2.60556121305477e-09,2.6055612481064225e-09,0.024698861290043027,0.02469886572042055
23.70,895942.6492391456,2.6002536301006028e-09,2.6002536675611754e-09,0.024382894436494367,0.024382902482290573
23.75,941395.7583997827,2.5949660715673628e-09,2.5949661068655827e-09,0.025100839892506506,0.02510082923736246
23.80,989154.283237123,2.589682863705865e-09,2.5896828974121106e-09,0.024889969863301737,0.024889971395957555
23.85,1039335.1287444647,2.5843896623614693e-09,2.584389698321696e-09,0.02452573390286949,0.024525743253630255
23.90,1092061.1265860163,2.579120024314695e-09,2.5791200583983347e-09,0.0249895944462922,0.024989586365191264
23.95,1147461.335441552,2.573852860868486e-09,2.5738528936195802e-09,0.02500974138024424,0.025009740130228653
24.00,1205671.356604164,2.568575552107154e-09,2.5685755870864493e-09,0.024688946538809826,0.02468895637370017
24.05,1266833.665608511,2.5633228059406873e-09,2.563322839393585e-09,0.0249580558057916,0.024958050671031715
24.10,1331097.9606292222,2.558071345073162e-09,2.5580713771761195e-09,0.02508461367587269,0.02508461031166785
24.15,1398621.528530495,2.5528105548352634e-09,2.5528105889649244e-09,0.024851085959345404,0.024851095118128167
24.20,1469569.6294624526,2.5475742426474403e-09,2.5475742754923067e-09,0.02498461682812831,0.02498461436941831
24.25,1544115.9009436383,2.5423382457592758e-09,2.5423382772351826e-09,0.025137323015690473,0.025137317866433233
24.30,1622442.7824168138,2.5370945246601493e-09,2.5370945582734516e-09,0.024999767407736278,0.024999775682812263
24.35,1704741.9613149602,2.5318742098006757e-09,2.5318742420332022e-09,0.0250489782209907,0.025048978136083193
24.40,1791214.841726977,2.526653486859178e-09,2.526653517930231e-09,0.025183494357654806,0.025183487645301844
24.45,1882073.0368079427,2.5214273613592243e-09,2.521427394428309e-09,0.02512991821130984,0.025129925425784384
24.50,1977538.8861362804,2.516222602286276e-09,2.5162226341219222e-09,0.025135131161508405,0.025135133436204
24.55,2077845.9992817745,2.511017019930142e-09,2.511017050696236e-09,0.02523229180799362,0.02523228367814526
24.60,2183239.8269115225,2.5058089567455617e-09,2.5058089894044998e-09,0.02524164931771308,0.025241655181295092
24.65,2293978.260828942,2.500619338329985e-09,2.50061936993185e-09,0.025231707130839675,0.025231711637829453
24.70,2410332.2644109926,2.495428827539249e-09,2.4954288581466727e-09,0.025288155900309226,0.02528814659197213
24.75,2532586.5349831223,2.4902391976370316e-09,2.4902392298474443e-09,0.025337874514791057,0.025337878651948465
24.80,2661040.199749699,2.4850643631352694e-09,2.4850643944915614e-09,0.02533134295445398,0.025331349439834193
24.85,2796007.546978996,2.4798889220858943e-09,2.4798889523587195e-09,0.025352549529330748,0.02535253941786922
24.90,2937818.794228427,2.474717974067069e-09,2.474718006054351e-09,0.02542251261769222,0.025422514680818974
24.95,3086820.895485793,2.4695576499377038e-09,2.469557681031595e-09,0.025429685912844863,0.025429694150407946
25.00,3243378.389197179,2.4643873576163875e-09,2.4643873908406427e-09,0.025456007127365343,0.02545600006181328
25.05,3407874.289205686,2.4592451864186765e-09,2.4592452182352105e-09,0.02549945506757031,0.02549945461284942
25.10,3580711.0207101023,2.45409919991943e-09,2.4540992307776198e-09,0.025524438160048186,0.02552444776772505
25.15,3762311.4039053703,2.4489472233919946e-09,2.4489472562268815e-09,0.025524656274226717,0.025524648968638246
25.20,3953119.687373609,2.4438207522947225e-09,2.443820783763374e-09,0.025572120572719865,0.025572117874196044
25.25,4153602.6337740384,2.438689041586386e-09,2.438689072176647e-09,0.025614626753059252,0.025614637281750254
25.30,4364250.660525512,2.433555992806933e-09,2.433556025264224e-09,0.025596503779362657,0.0255964965895236
25.35,4585579.038265182,2.4284446104218973e-09,2.428444641806585e-09,0.025643347492910886,0.02564334242418812
25.40,4818129.150009982,2.4233272282405633e-09,2.4233272586241674e-09,0.0257001280102191,0.025700138932876773
25.45,5062469.814093857,2.4182135566513067e-09,2.4182135887746805e-09,0.025673066556257614,0.025673059998028117
25.50,5319198.674110193,2.4131167253761544e-09,2.4131167565250433e-09,0.025715414402903182,0.025715407036062267
25.55,5588943.659252677,2.4080138342450435e-09,2.408013864695755e-09,0.025781391457796097,0.02578140235240243
25.60,5872364.518618085,2.402919799724102e-09,2.402919831661795e-09,0.02575497959840476,0.025754974274912894
25.65,6170154.433216975,2.3978370887536296e-09,2.397837119722375e-09,0.025790080079538605,0.02579007080898267
25.70,6483041.709626088,2.392748951306306e-09,2.3927489814519766e-09,0.025859284579877906,0.025859294887446777
25.75,6811791.559416066,2.3876746077715688e-09,2.3876746395055084e-09,0.025842167389480804,0.025842163936770024
25.80,7157207.968697805,2.3826057199262654e-09,2.3826057506044827e-09,0.02586859315597332,0.025868582569935596
25.85,7520135.662349499,2.3775326817300384e-09,2.3775327116925985e-09,0.025934987609511823,0.025934996994732278
25.90,7901462.167718267,2.3724778747349414e-09,2.3724779062830123e-09,0.025933962507499665,0.02593396140786285
25.95,8302119.982832778,2.3674226647506206e-09,2.3674226952916223e-09,0.025951674183459474,0.025951662770758773
26.00,8723088.854417128,2.362365133621158e-09,2.3623651634170843e-09,0.0260098911675103,0.026009899415266383
26.05,9165398.17126626,2.3573295103541225e-09,2.357329541498326e-09,0.026029219344051873,0.026029220787502562
26.10,9630129.47882139,2.352287993009804e-09,2.352288023305158e-09,0.026039494054057134,0.02603948248945637
26.15,10118419.121066445,2.3472464143107683e-09,2.3472464441277694e-09,0.026085473615415734,0.02608548072342789
26.20,10631461.01580004,2.3422294452238363e-09,2.3422294762573587e-09,0.026126454492964434,0.026126458875239872
26.25,11170509.570747497,2.337201793955527e-09,2.337201824274713e-09,0.026131676577440418,0.02613166541291716
26.30,11736882.747834474,2.3321766241051964e-09,2.3321766537026803e-09,0.0261631560838446,0.02616316211497485
26.35,12331965.282249952,2.327177635889391e-09,2.327177666608047e-09,0.026224025401584382,0.02622403229048655
26.40,12957212.064485405,2.322164171942638e-09,2.322164202001929e-09,0.02622734806930735,0.026227337758335734
26.45,13614151.693623278,2.317155850124069e-09,2.317155879520288e-09,0.02624414762779384,0.026244152847025068
26.50,14304390.210541256,2.3121740680289515e-09,2.3121740986071395e-09,0.026320338134168522,0.026320347343533414
26.55,15029615.020140389,2.30717523823197e-09,2.3071752682272722e-09,0.026325243256891794,0.026325234140826805
26.60,15791599.012165118,2.3021841613995684e-09,2.302184190674014e-09,0.02632930122717479,0.026329305975904858
26.65,16592204.89066679,2.2972187571505414e-09,2.297218787629441e-09,0.02641406153023455,0.02641407248477757
26.70,17433389.722671207,2.292235105938033e-09,2.292235135852804e-09,0.026423865176668303,0.02642385735317858
26.75,18317209.71714601,2.2872616042824277e-09,2.287261633315708e-09,0.026419002556889202,0.0264190071968889
26.80,19245825.245923147,2.282311747820224e-09,2.2823117781061504e-09,0.026504317532590617,0.026504329487744793
26.85,20221506.118824035,2.2773438817162995e-09,2.277343911318753e-09,0.026521682757439564,0.026521676152428095
26.90,21246637.12585251,2.2723881997278945e-09,2.272388228615629e-09,0.02651311132593413,0.02651311620294473
26.95,22323723.859971594,2.2674531110541814e-09,2.2674531412437335e-09,0.026590817009023625,0.026590829252068474
27.00,23455398.83466746,2.2625016594167313e-09,2.2625016889104744e-09,0.026617342155733085,0.02661733647996421
27.05,24644427.911215514,2.25756394170984e-09,2.2575639702756347e-09,0.026610967755743304,0.02661097308689127
27.10,25893717.05132706,2.252642939627475e-09,2.2526429696736723e-09,0.026673916245483615,0.02667392802909522
27.15,27206319.411641266,2.2477085140855733e-09,2.247708543318854e-09,0.02670986235225877,0.02670985724189156
27.20,28585442.797361497,2.2427887971557915e-09,2.2427888256927885e-09,0.026711468053529006,0.02671147397455035
27.25,30034457.493214212,2.237881342368159e-09,2.237881372269167e-09,0.026754580546910274,0.02675459137201083
27.30,31556904.490347795,2.2329644966820825e-09,2.2329645257930246e-09,0.026798785680760745,0.02679878071841908
27.35,33156504.128274564,2.228062708027144e-09,2.22806273617716e-09,0.0268132025713537,0.026813208949030966
27.40,34837165.17739864,2.223168436411958e-09,2.2231684661342846e-09,0.026834255022062957,0.026834264538062754
27.45,36602994.380587935,2.218269631137748e-09,2.218269660009213e-09,0.026884259278774178,0.026884254060494266
27.50,38458306.47713363,2.213385594367871e-09,2.213385622132004e-09,0.026914640915712874,0.02691464749855304
27.55,40407634.73408696,2.2085043397294187e-09,2.208504369331814e-09,0.02691465788966283,0.02691466596905836
27.60,42455742.01066495,2.2036239119728842e-09,2.2036239407848663e-09,0.026967031671626226,0.02696702592196727
27.65,44607632.38268173,2.198757359049312e-09,2.1987573865810625e-09,0.02701434039387797,0.027014346779015513
27.70,46868563.35534976,2.193889163205923e-09,2.193889192550977e-09,0.026997524552579477,0.026997531312091993
27.75,49244058.69422343,2.1890273050599732e-09,2.189027333528449e-09,0.027048361739058616,0.027048355369222742
27.80,51739921.90555691,2.1841778933415066e-09,2.184177920759289e-09,0.027111149888092646,0.02711115556349991
27.85,54362250.39893559,2.179323002475431e-09,2.1793230316060972e-09,0.027084339749381976,0.02708434552144679
27.90,57117450.36670341,2.174479748689466e-09,2.174479776945504e-09,0.027129848903258934,0.027129841999075213
27.95,60012252.416450866,2.1696470837708783e-09,2.169647110743849e-09,0.027204380576311783,0.027204385014416632
28.00,63053727.99466322,2.1648059314051817e-09,2.164805960453852e-09,0.02717609919798662,0.027176104456119687
28.05,66249306.641557775,2.1599811580079733e-09,2.1599811858930594e-09,0.027213206885589463,0.027213199729389265
28.10,69606794.11916296,2.155164818741795e-09,2.1551648456808153e-09,0.027293917689827803,0.027293920204608524
28.15,73134391.4568149,2.1503379968472445e-09,2.1503380256234386e-09,0.027273139440936886,0.027273144647511533
28.20,76840714.9604874,2.1455314294478603e-09,2.145531457077628e-09,0.02730001168749433,0.027300004799512174
28.25,80734817.23471265,2.140730995662535e-09,2.1407310223378555e-09,0.02738025512034958,0.027380255374551677
28.30,84826209.26832409,2.1359192146906507e-09,2.135919243320137e-09,0.027375065653864265,0.027375071248090545
28.35,89124883.6378315,2.1311304484620326e-09,2.1311304757951646e-09,0.027391461347337512,0.02739145529647321
28.40,93641338.8849697,2.1263455272239946e-09,2.126345553550399e-09,0.027464444505061962,0.02746444234498594
28.45,98386605.12782109,2.121549568887516e-09,2.1215495971585724e-09,0.02748079343684863,0.027480799662492558
28.50,103372270.96629947,2.1167780962565123e-09,2.1167781234481774e-09,0.02748818360655972,0.027488179122033978
28.55,108610511.7437247,2.112008347159026e-09,2.1120083735119504e-09,0.027547962413759716,0.02754795754659425
28.60,114114119.2497601,2.1072290117649548e-09,2.107229039825544e-09,0.02758870263648738,0.027588709563551514
28.65,119896532.92406857,2.102474258003744e-09,2.1024742848656667e-09,0.027590123421766383,0.02759012102669922
28.70,125971872.6365055,2.0977194151804607e-09,2.097719441135974e-09,0.027632511317757038,0.027632504131052994
28.75,132354973.12589581,2.0929574676307916e-09,2.092957495482926e-09,0.027696883297792164,0.02769689070416537
28.80,139061420.18129155,2.088218830448205e-09,2.088218857232333e-09,0.027696530816238348,0.027696531051759492
28.85,146107588.6538426,2.0834787187976413e-09,2.0834787446110762e-09,0.027719780484915996,0.027719771194195022
28.90,153510682.3918685,2.0787348375749827e-09,2.0787348652616277e-09,0.02780343772358704,0.027803445151074718
28.95,161288776.19639426,2.0740117291511448e-09,2.0740117556993246e-09,0.027806055258561127,0.027806058285029408
29.00,169460859.89936078,2.069286274803081e-09,2.069286300491969e-09,0.02781120014294622,0.027811189364495628
29.05,178046884.67182994,2.064561006223725e-09,2.0645610334339353e-09,0.02790679181896424,0.027906798623793767
29.10,187067811.67499557,2.0598528941478864e-09,2.0598529204031714e-09,0.027916936632320595,0.027916942410173177
29.15,196545663.17247796,2.0551421286861404e-09,2.055142154326875e-09,0.027907724763402256,0.027907713066767724
29.20,206503576.22835246,2.050435849922397e-09,2.050435876821116e-09,0.028005965153447113,0.02800597064201695
29.25,216965859.12172186,2.0457422941980695e-09,2.045742320327467e-09,0.028027267214017135,0.028027275646608264
29.30,227958050.61516187,2.041046351327285e-09,2.0410463767317177e-09,0.0280096785471109,0.028009666766516696
29.35,239506982.22139844,2.036359245489115e-09,2.036359272143502e-09,0.028100753112888132,0.02810075651125277
29.40,251640843.61981612,2.0316799292682347e-09,2.0316799552193555e-09,0.028135286839786028,0.02813529723249426
29.45,264389251.38207996,2.026999034954042e-09,2.0269990603344966e-09,0.028116689367649148,0.028116678013380456
29.50,277783321.17421544,2.022331079254302e-09,2.0223311058398003e-09,0.02819178705179455,0.028191787669400864
29.55,291855743.6109285,2.017665831023664e-09,2.0176658568799027e-09,0.028239666113188143,0.02823967787954661
29.60,306640863.94642335,2.013000287103271e-09,2.013000312298629e-09,0.02822772467375143,0.028227714298244347
29.65,322174765.7807698,2.008351255703599e-09,2.008351282015595e-09,0.02828045682958639,0.028280454421718344
29.70,338495359.00815344,2.0037000607019375e-09,2.0037000863638065e-09,0.028339731818276637,0.028339744162480477
29.75,355642472.2379508,1.999050223482145e-09,1.9990502487070337e-09,0.028341228699217375,0.02834121962168353
29.80,373657949.87449497,1.994419704459281e-09,1.9944197305995373e-09,0.028368702498320027,0.02836869691613613
29.85,392585754.1056646,1.9897827049838916e-09,1.9897827305707282e-09,0.02843559600177367,0.028435608178524092
29.90,412472072.0497356,1.985148961051415e-09,1.9851489860093624e-09,0.02845534470306162,0.028455336983099003
29.95,433365428.32132,1.980536385911877e-09,1.9805364118741934e-09,0.02845870481618408,0.02845869640079431
30.00,455316803.2903187,1.9759138704163416e-09,1.975913895803374e-09,0.028528163549204396,0.028528174835754122