1.0, -5.0, 0.013944149017333984, 998755.8475973371, 0.19344735145568848, 13.10983647789997
1.0, -5.5, 0.01437234878540039, 998755.8473910164, 0.20159029960632324, 13.109836476024041
1.0, -6.0, 0.014290809631347656, 998755.8474415479, 0.2061784267425537, 13.109836475162728
1.0, -6.5, 0.016184091567993164, 998755.8312302795, 0.24526309967041016, 13.109836482750191
1.0, -7.0, 0.015221118927001953, 998755.8256821831, 0.23438525199890137, 13.109836492034951
1.0, -7.5, 0.016521930694580078, 998755.8249218751, 0.2618887424468994, 13.1098364867359
1.0, -8.0, 0.017969131469726562, 998755.8270663801, 0.30289697647094727, 13.109836486990506
1.0, -8.5, 0.022154808044433594, 998755.8334444255, 0.38361454010009766, 13.109836487131224
1.0, -9.0, 0.022591114044189453, 998755.8335278266, 0.41343116760253906, 13.109836486881239
1.0, -9.5, 0.02677750587463379, 998755.8335253393, 0.49935150146484375, 13.109836486861655
1.0, -10.0, 0.033930301666259766, 998755.8337289013, 0.6870698928833008, 13.109836486847286
1.0, -10.5, 0.036759138107299805, 998755.8337690624, 0.7404346466064453, 13.109836486839775
1.0, -11.0, 0.04575657844543457, 998755.8337888351, 0.9278357028961182, 13.109836486837384
1.0, -11.5, 0.0623316764831543, 998755.8337950127, 1.2224562168121338, 13.109836486835949
1.0, -12.0, 0.0680239200592041, 998755.8337988678, 1.3924484252929688, 13.109836486835748
1.0, -12.5, 0.07454419136047363, 998755.8337986121, 1.4492969512939453, 13.10983648683644
1.0, -13.0, 0.08835649490356445, 998755.8337996828, 1.6511878967285156, 13.109836486836222
1.0, -13.5, 0.08427643775939941, 998755.8337996552, 1.4908640384674072, 13.109836486835896
1.0, -14.0, 0.08780360221862793, 998755.8337991106, 1.5668878555297852, 13.109836486836242
1.0, -14.5, 0.09940147399902344, 998755.8338007618, 1.7455978393554688, 13.109836486836798
1.0, -15.0, 0.09254074096679688, 998755.8337990231, 1.6004102230072021, 13.109836486835759
1.0, -15.5, 0.10189342498779297, 998755.833799393, 1.7918245792388916, 13.109836486835633
1.0, -16.0, 0.09517264366149902, 998755.8337980666, 1.6500377655029297, 13.109836486835556
1.0, -16.5, 0.10637569427490234, 998755.8337957194, 1.8607113361358643, 13.109836486836185
1.0, -17.0, 0.09725093841552734, 998755.8337974718, 1.7060091495513916, 13.109836486835674
1.0, -17.5, 0.10803413391113281, 998755.8337988232, 1.8961656093597412, 13.109836486835684
1.0, -18.0, 0.10109782218933105, 998755.8337971487, 1.7195439338684082, 13.109836486835782
1.5, -5.0, 0.015080690383911133, 956909.9793004318, 0.21542978286743164, 13.110991734180029
1.5, -5.5, 0.01430058479309082, 956909.9810761444, 0.20386981964111328, 13.110991731710048
1.5, -6.0, 0.01562809944152832, 956909.8287567269, 0.23157048225402832, 13.110991734202422
1.5, -6.5, 0.014826774597167969, 956909.4213256286, 0.22409439086914062, 13.110991742617033
1.5, -7.0, 0.01700592041015625, 956909.3876338598, 0.2604353427886963, 13.110991749324027
1.5, -7.5, 0.016485214233398438, 956909.3831539651, 0.2643775939941406, 13.110991743782192
1.5, -8.0, 0.019634723663330078, 956909.3772885579, 0.3333709239959717, 13.110991743931447
1.5, -8.5, 0.019860029220581055, 956909.3746483542, 0.3516099452972412, 13.110991744055514
1.5, -9.0, 0.024342775344848633, 956909.3732585522, 0.46567821502685547, 13.110991743799536
1.5, -9.5, 0.02518010139465332, 956909.3729048844, 0.5071315765380859, 13.11099174376203
1.5, -10.0, 0.03200221061706543, 956909.3727878147, 0.7058970928192139, 13.110991743749056
1.5, -10.5, 0.03411245346069336, 956909.372745203, 0.7641746997833252, 13.110991743741108
1.5, -11.0, 0.046108245849609375, 956909.3727334301, 1.0308101177215576, 13.110991743737475
1.5, -11.5, 0.051552534103393555, 956909.3727313337, 1.14454984664917, 13.110991743736772
1.5, -12.0, 0.07027459144592285, 956909.3727307543, 1.5317440032958984, 13.110991743736422
1.5, -12.5, 0.06797075271606445, 956909.3727311798, 1.4314053058624268, 13.11099174373676
1.5, -13.0, 0.07910275459289551, 956909.372729538, 1.6214237213134766, 13.110991743736873
1.5, -13.5, 0.08648061752319336, 956909.3727288769, 1.6996512413024902, 13.1109917437365
1.5, -14.0, 0.08328628540039062, 956909.3727307409, 1.5672581195831299, 13.11099174373612
1.5, -14.5, 0.09713292121887207, 956909.3727295528, 1.7566070556640625, 13.110991743736992
1.5, -15.0, 0.09932160377502441, 956909.3727284417, 1.7264387607574463, 13.110991743736959
1.5, -15.5, 0.0932016372680664, 956909.3727290981, 1.647231101989746, 13.110991743736662
1.5, -16.0, 0.10559320449829102, 956909.3727283714, 1.8091678619384766, 13.110991743736484
1.5, -16.5, 0.10469532012939453, 956909.3727304852, 1.8241372108459473, 13.11099174373628
1.5, -17.0, 0.0993645191192627, 956909.3727298535, 1.7094109058380127, 13.110991743736125
1.5, -17.5, 0.11127519607543945, 956909.3727292522, 1.8910577297210693, 13.110991743736742
1.5, -18.0, 0.11000990867614746, 956909.3727303131, 1.889800786972046, 13.110991743736525
2.0, -5.0, 0.01439809799194336, 986470.6972897388, 0.19752287864685059, 13.112146366130755
2.0, -5.5, 0.015462875366210938, 986460.5401564378, 0.2186884880065918, 13.112146364146174
2.0, -6.0, 0.014297962188720703, 986460.5363112786, 0.20937776565551758, 13.112146365354937
2.0, -6.5, 0.016416072845458984, 986460.0642724014, 0.24518299102783203, 13.1121463786739
2.0, -7.0, 0.0170133113861084, 986459.796660956, 0.2591254711151123, 13.112146384014023
2.0, -7.5, 0.015384912490844727, 986459.7309863948, 0.2521517276763916, 13.112146377039757
2.0, -8.0, 0.017450809478759766, 986459.7039661275, 0.30196523666381836, 13.112146377158227
2.0, -8.5, 0.021590709686279297, 986459.6932223722, 0.3799009323120117, 13.112146377210541
2.0, -9.0, 0.023633241653442383, 986459.6895687863, 0.48334288597106934, 13.112146376891836
2.0, -9.5, 0.023688077926635742, 986459.6883655902, 0.49251222610473633, 13.112146376846665
2.0, -10.0, 0.028563261032104492, 986459.6879625279, 0.6082539558410645, 13.112146376827761
2.0, -10.5, 0.03666329383850098, 986459.6878540117, 0.8272161483764648, 13.11214637681713
2.0, -11.0, 0.04487323760986328, 986459.6878192959, 0.9914886951446533, 13.112146376813516
2.0, -11.5, 0.048064231872558594, 986459.6878085497, 1.084123134613037, 13.112146376812118
2.0, -12.0, 0.06048941612243652, 986459.6878073537, 1.3884408473968506, 13.112146376811866
2.0, -12.5, 0.07333493232727051, 986459.6878059036, 1.5619101524353027, 13.112146376812214
2.0, -13.0, 0.0780332088470459, 986459.6878043216, 1.622765302658081, 13.112146376812344
2.0, -13.5, 0.07373833656311035, 986459.6878041817, 1.4943065643310547, 13.112146376812488
2.0, -14.0, 0.08096528053283691, 986459.6878029634, 1.5471315383911133, 13.112146376811653
2.0, -14.5, 0.09541130065917969, 986459.6878048173, 1.710057258605957, 13.112146376812763
2.0, -15.0, 0.10102653503417969, 986459.6878048965, 1.8046965599060059, 13.112146376812078
2.0, -15.5, 0.09302687644958496, 986459.6878062099, 1.5894405841827393, 13.112146376812001
2.0, -16.0, 0.0982818603515625, 986459.6878039695, 1.7026090621948242, 13.112146376811959
2.0, -16.5, 0.11552238464355469, 986459.6878036706, 1.838188648223877, 13.11214637681178
2.0, -17.0, 0.1008141040802002, 986459.6878050731, 1.7081542015075684, 13.112146376811669
2.0, -17.5, 0.11284351348876953, 986459.6878067977, 1.9196100234985352, 13.112146376811875
2.0, -18.0, 0.10236382484436035, 986459.6878040389, 1.7465107440948486, 13.112146376811863
2.5, -5.0, 0.014560461044311523, 1003480.6457002672, 0.20492148399353027, 13.112518563205967
2.5, -5.5, 0.015778303146362305, 1003476.0687777727, 0.2198317050933838, 13.112518560953808
2.5, -6.0, 0.014613628387451172, 1003471.3002001747, 0.2049427032470703, 13.11251855984124
2.5, -6.5, 0.01710796356201172, 1003469.6423108383, 0.2449030876159668, 13.112518583262315
2.5, -7.0, 0.016011476516723633, 1003469.1243768574, 0.24147367477416992, 13.112518577778228
2.5, -7.5, 0.01915287971496582, 1003468.8401383484, 0.31122279167175293, 13.112518574939532
2.5, -8.0, 0.01849198341369629, 1003468.7541457681, 0.30219507217407227, 13.11251857525409
2.5, -8.5, 0.02094554901123047, 1003468.7277886323, 0.3511815071105957, 13.112518575033231
2.5, -9.0, 0.026654481887817383, 1003468.717658952, 0.46978020668029785, 13.112518574819493
2.5, -9.5, 0.027733564376831055, 1003468.713851455, 0.4976649284362793, 13.112518574754914
2.5, -10.0, 0.035578250885009766, 1003468.7127044386, 0.6946995258331299, 13.112518574734256
2.5, -10.5, 0.037908315658569336, 1003468.7123650142, 0.732414960861206, 13.112518574724204
2.5, -11.0, 0.04607725143432617, 1003468.7122552606, 0.909229040145874, 13.112518574720276
2.5, -11.5, 0.06499981880187988, 1003468.7122221793, 1.2370846271514893, 13.112518574719285
2.5, -12.0, 0.07293033599853516, 1003468.7122128399, 1.4055542945861816, 13.112518574719331
2.5, -12.5, 0.08575654029846191, 1003468.7122112465, 1.7192432880401611, 13.112518574718733
2.5, -13.0, 0.07936930656433105, 1003468.7122099007, 1.4792604446411133, 13.112518574718406
2.5, -13.5, 0.08725905418395996, 1003468.7122118922, 1.5485057830810547, 13.112518574718585
2.5, -14.0, 0.11114931106567383, 1003468.7122122089, 1.8700480461120605, 13.112518574718807
2.5, -14.5, 0.09484648704528809, 1003468.7122097652, 1.672356128692627, 13.112518574718722
2.5, -15.0, 0.10365796089172363, 1003468.712211063, 1.7503437995910645, 13.112518574718734
2.5, -15.5, 0.11537766456604004, 1003468.7122088559, 1.9124069213867188, 13.112518574718573
2.5, -16.0, 0.10331845283508301, 1003468.7122105286, 1.7468271255493164, 13.112518574717939
2.5, -16.5, 0.11803221702575684, 1003468.7122099038, 1.99918532371521, 13.112518574718191
2.5, -17.0, 0.10257816314697266, 1003468.7122096535, 1.7312500476837158, 13.112518574718477
2.5, -17.5, 0.12035989761352539, 1003468.7122090616, 2.049689769744873, 13.112518574718775
2.5, -18.0, 0.11096048355102539, 1003468.7122101394, 1.8543012142181396, 13.112518574718248
3.0, -5.0, 0.014000177383422852, 1001273.9399361472, 0.19375109672546387, 13.11247964439528
3.0, -5.5, 0.01651167869567871, 1001244.1541991583, 0.21574091911315918, 13.11247964108706
3.0, -6.0, 0.014488935470581055, 1001230.8293868393, 0.20167112350463867, 13.11247964324229
3.0, -6.5, 0.01561427116394043, 1001225.5769258456, 0.22201275825500488, 13.11247965564664
3.0, -7.0, 0.01862931251525879, 1001223.946431856, 0.26360225677490234, 13.112479657480788
3.0, -7.5, 0.0178678035736084, 1001223.3281552049, 0.2684519290924072, 13.112479654536592
3.0, -8.0, 0.021762371063232422, 1001223.1170945535, 0.3436472415924072, 13.112479654801819
3.0, -8.5, 0.021470069885253906, 1001223.0455724555, 0.34308433532714844, 13.112479654838305
3.0, -9.0, 0.02449202537536621, 1001223.0211639575, 0.411426305770874, 13.112479654538133
3.0, -9.5, 0.03163933753967285, 1001223.0131319228, 0.5738210678100586, 13.112479654490418
3.0, -10.0, 0.03319907188415527, 1001223.0106537038, 0.6206843852996826, 13.112479654476369
3.0, -10.5, 0.04443240165710449, 1001223.0098471437, 0.8532686233520508, 13.112479654466732
3.0, -11.0, 0.047510385513305664, 1001223.0096007776, 0.8679373264312744, 13.112479654463275
3.0, -11.5, 0.05863308906555176, 1001223.0095228616, 1.1084461212158203, 13.112479654462573
3.0, -12.0, 0.08278775215148926, 1001223.00949882, 1.5400919914245605, 13.11247965446239
3.0, -12.5, 0.07890844345092773, 1001223.0094938552, 1.4339337348937988, 13.112479654462204
3.0, -13.0, 0.08273649215698242, 1001223.0094938242, 1.4134008884429932, 13.112479654461849
3.0, -13.5, 0.08863615989685059, 1001223.0094923009, 1.548276424407959, 13.112479654462035
3.0, -14.0, 0.10810565948486328, 1001223.0094953488, 1.800581693649292, 13.112479654462621
3.0, -14.5, 0.11391091346740723, 1001223.0094928255, 1.903590440750122, 13.112479654462115
3.0, -15.0, 0.10611581802368164, 1001223.0094923881, 1.7223002910614014, 13.112479654461776
3.0, -15.5, 0.10649776458740234, 1001223.0094917045, 1.661945104598999, 13.112479654461794
3.0, -16.0, 0.11157822608947754, 1001223.009492126, 1.7165820598602295, 13.112479654461398
3.0, -16.5, 0.12981724739074707, 1001223.009491786, 1.9798076152801514, 13.11247965446152
3.0, -17.0, 0.13040971755981445, 1001223.0094924844, 1.9926986694335938, 13.112479654461934
3.0, -17.5, 0.11683773994445801, 1001223.009494157, 1.8347623348236084, 13.112479654461803
3.0, -18.0, 0.11617898941040039, 1001223.0094909086, 1.7727482318878174, 13.11247965446199
3.5, -5.0, 0.014588356018066406, 1002868.8492529342, 0.19321012496948242, 13.112464277180425
3.5, -5.5, 0.0173797607421875, 1002792.6710678876, 0.22360491752624512, 13.112464277913132
3.5, -6.0, 0.01741480827331543, 1002763.9082113426, 0.2329878807067871, 13.112464284412495
3.5, -6.5, 0.01660919189453125, 1002753.3477488877, 0.2344217300415039, 13.112464298611219
3.5, -7.0, 0.018103837966918945, 1002749.6053976002, 0.24682116508483887, 13.112464294850573
3.5, -7.5, 0.021606922149658203, 1002748.2002470202, 0.31563472747802734, 13.112464296546754
3.5, -8.0, 0.020726680755615234, 1002747.7568776464, 0.3103477954864502, 13.112464296593396
3.5, -8.5, 0.027263641357421875, 1002747.6119064805, 0.39946556091308594, 13.112464296670188
3.5, -9.0, 0.028162240982055664, 1002747.5622189423, 0.4281327724456787, 13.112464296457219
3.5, -9.5, 0.03176569938659668, 1002747.5464652702, 0.48623132705688477, 13.112464296400711
3.5, -10.0, 0.04271340370178223, 1002747.5412749944, 0.6750836372375488, 13.112464296386596
3.5, -10.5, 0.044766902923583984, 1002747.5396817368, 0.7095966339111328, 13.112464296376512
3.5, -11.0, 0.06491494178771973, 1002747.5391704867, 1.0470285415649414, 13.11246429637275
3.5, -11.5, 0.07038354873657227, 1002747.5390060325, 1.0998942852020264, 13.112464296372002
3.5, -12.0, 0.08583736419677734, 1002747.5389570448, 1.3711867332458496, 13.112464296371407
3.5, -12.5, 0.09096813201904297, 1002747.5389488243, 1.419193983078003, 13.112464296371602
3.5, -13.0, 0.10919332504272461, 1002747.538945426, 1.7320752143859863, 13.112464296371236
3.5, -13.5, 0.11533951759338379, 1002747.5389464498, 1.8248229026794434, 13.11246429637136
3.5, -14.0, 0.11183929443359375, 1002747.5389450691, 1.7432458400726318, 13.112464296371085
3.5, -14.5, 0.1159975528717041, 1002747.5389430742, 1.7938523292541504, 13.112464296371739
3.5, -15.0, 0.12068057060241699, 1002747.5389457598, 1.8082103729248047, 13.112464296371403
3.5, -15.5, 0.14319920539855957, 1002747.5389447248, 2.1153600215911865, 13.112464296370966
3.5, -16.0, 0.15051865577697754, 1002747.5389464133, 2.2100768089294434, 13.112464296371442
3.5, -16.5, 0.14593029022216797, 1002747.5389455605, 2.241180658340454, 13.112464296371007
3.5, -17.0, 0.1339423656463623, 1002747.5389453913, 1.9704933166503906, 13.112464296371826
3.5, -17.5, 0.1330416202545166, 1002747.5389436685, 2.025315999984741, 13.112464296372277
3.5, -18.0, 0.13116908073425293, 1002747.5389480807, 1.9383022785186768, 13.112464296370431
4.0, -5.0, 0.01797628402709961, 1003842.6786777988, 0.21785402297973633, 13.112425135298567
4.0, -5.5, 0.01859307289123535, 1003667.6514193409, 0.23032116889953613, 13.112425144035072
4.0, -6.0, 0.01798105239868164, 1003599.2872409894, 0.22306060791015625, 13.112425145613237
4.0, -6.5, 0.018701553344726562, 1003575.4224846695, 0.22823190689086914, 13.112425167440584
4.0, -7.0, 0.023160934448242188, 1003566.8921620303, 0.28664064407348633, 13.112425168118019
4.0, -7.5, 0.027091026306152344, 1003564.0325953643, 0.32872843742370605, 13.11242516654705
4.0, -8.0, 0.02818775177001953, 1003563.0626042295, 0.36626243591308594, 13.112425166892903
4.0, -8.5, 0.028517723083496094, 1003562.7550117918, 0.3673701286315918, 13.112425166965322
4.0, -9.0, 0.03528881072998047, 1003562.6537482141, 0.43794775009155273, 13.112425166769194
4.0, -9.5, 0.03977680206298828, 1003562.6203710894, 0.5056390762329102, 13.112425166726247
4.0, -10.0, 0.05496835708618164, 1003562.6098396721, 0.6966080665588379, 13.112425166698674
4.0, -10.5, 0.06709074974060059, 1003562.6065317201, 0.8894591331481934, 13.112425166687816
4.0, -11.0, 0.07941818237304688, 1003562.6054751108, 1.031815767288208, 13.112425166684005
4.0, -11.5, 0.08647418022155762, 1003562.6051422651, 1.1175868511199951, 13.112425166683154
4.0, -12.0, 0.11334872245788574, 1003562.6050340163, 1.4467113018035889, 13.11242516668312
4.0, -12.5, 0.11812973022460938, 1003562.6050141283, 1.5291101932525635, 13.112425166682806
4.0, -13.0, 0.14214062690734863, 1003562.605009671, 1.8454508781433105, 13.112425166682725
4.0, -13.5, 0.15008211135864258, 1003562.6050047306, 1.909752368927002, 13.112425166682762
4.0, -14.0, 0.13641929626464844, 1003562.6050043742, 1.7662937641143799, 13.112425166682714
4.0, -14.5, 0.1675548553466797, 1003562.6050038892, 2.19917368888855, 13.112425166682595
4.0, -15.0, 0.1559009552001953, 1003562.6050033666, 2.0135631561279297, 13.112425166682378
4.0, -15.5, 0.15593361854553223, 1003562.6050036376, 1.9669480323791504, 13.112425166682923
4.0, -16.0, 0.1801445484161377, 1003562.6050034586, 2.338114023208618, 13.112425166682533
4.0, -16.5, 0.17922544479370117, 1003562.6050084234, 2.36039137840271, 13.112425166682327
4.0, -17.0, 0.15967297554016113, 1003562.605003244, 2.10021710395813, 13.112425166681927
4.0, -17.5, 0.19490885734558105, 1003562.6050052696, 2.538203001022339, 13.112425166682321
4.0, -18.0, 0.1703486442565918, 1003562.6050022527, 2.2749738693237305, 13.112425166682517
4.5, -5.0, 0.017574310302734375, 1004088.4035960975, 0.20892715454101562, 13.112442945589242
4.5, -5.5, 0.021124839782714844, 1003746.1222758448, 0.2423105239868164, 13.112442941455512
4.5, -6.0, 0.022973060607910156, 1003620.6205081979, 0.258819580078125, 13.112442941833725
4.5, -6.5, 0.02136850357055664, 1003577.0155153077, 0.2460319995880127, 13.112442954177576
4.5, -7.0, 0.02455449104309082, 1003561.029970607, 0.28018927574157715, 13.112442955179143
4.5, -7.5, 0.02724146842956543, 1003555.6160144245, 0.32053589820861816, 13.112442956059645
4.5, -8.0, 0.03495287895202637, 1003553.8770982738, 0.41940832138061523, 13.112442956238617
4.5, -8.5, 0.04067540168762207, 1003553.3108320065, 0.47072672843933105, 13.112442956092094
4.5, -9.0, 0.046955108642578125, 1003553.1302848045, 0.5417122840881348, 13.11244295604074
4.5, -9.5, 0.05011582374572754, 1003553.0700613187, 0.5756480693817139, 13.11244295599499
4.5, -10.0, 0.06364274024963379, 1003553.051143813, 0.7351498603820801, 13.112442955986536
4.5, -10.5, 0.07487249374389648, 1003553.045248486, 0.8632736206054688, 13.112442955982138
4.5, -11.0, 0.11112713813781738, 1003553.0433510345, 1.2773597240447998, 13.112442955979715
4.5, -11.5, 0.1320481300354004, 1003553.0427537992, 1.5061893463134766, 13.112442955979565
4.5, -12.0, 0.15879297256469727, 1003553.0425625113, 1.8532342910766602, 13.11244295597931
4.5, -12.5, 0.15282273292541504, 1003553.0425263072, 1.6654610633850098, 13.112442955978883
4.5, -13.0, 0.16472291946411133, 1003553.0425152133, 1.7928893566131592, 13.112442955978407
4.5, -13.5, 0.1766948699951172, 1003553.0425034895, 1.9541518688201904, 13.11244295597868
4.5, -14.0, 0.22323942184448242, 1003553.0425091006, 2.3761916160583496, 13.112442955979306
4.5, -14.5, 0.1935560703277588, 1003553.04250783, 2.209806203842163, 13.112442955978588
4.5, -15.0, 0.2194066047668457, 1003553.0425092562, 2.562110662460327, 13.112442955978867
4.5, -15.5, 0.22633600234985352, 1003553.042510995, 2.8379569053649902, 13.112442955979251
4.5, -16.0, 0.19751811027526855, 1003553.0425099403, 2.410452127456665, 13.112442955977967
4.5, -16.5, 0.20574045181274414, 1003553.0425033796, 2.5451908111572266, 13.11244295597887
4.5, -17.0, 0.20996451377868652, 1003553.0425057079, 2.6976044178009033, 13.11244295597889
4.5, -17.5, 0.25508809089660645, 1003553.0425099496, 3.1730237007141113, 13.11244295597852
4.5, -18.0, 0.24081087112426758, 1003553.0425104236, 3.11008620262146, 13.112442955977624
5.0, -5.0, 0.022616147994995117, 1004567.7369173198, 0.24779009819030762, 13.112437861731614
5.0, -5.5, 0.0217437744140625, 1003912.2560863277, 0.22695589065551758, 13.112437816467052
5.0, -6.0, 0.025200843811035156, 1003681.0589134984, 0.2582852840423584, 13.112437806736102
5.0, -6.5, 0.02660226821899414, 1003600.9100780977, 0.2740030288696289, 13.112437796757577
5.0, -7.0, 0.05467486381530762, 1003572.6798854216, 0.3326082229614258, 13.112437814883503
5.0, -7.5, 0.03353095054626465, 1003563.1831617075, 0.34549498558044434, 13.112437818233555
5.0, -8.0, 0.04118633270263672, 1003560.1077774307, 0.4159390926361084, 13.112437817660789
5.0, -8.5, 0.05573391914367676, 1003559.1049207542, 0.5311541557312012, 13.112437817824253
5.0, -9.0, 0.058338165283203125, 1003558.7823919909, 0.5758590698242188, 13.1124378179342
5.0, -9.5, 0.06827449798583984, 1003558.6789438776, 0.6613783836364746, 13.11243781795874
5.0, -10.0, 0.09437966346740723, 1003558.6462024198, 0.9100682735443115, 13.112437817972529
5.0, -10.5, 0.11719465255737305, 1003558.635824213, 1.1287784576416016, 13.112437817974541
5.0, -11.0, 0.12518000602722168, 1003558.6325318249, 1.1950061321258545, 13.112437817974607
5.0, -11.5, 0.16501283645629883, 1003558.6314863878, 1.570676565170288, 13.112437817975053
5.0, -12.0, 0.20523405075073242, 1003558.6311606203, 1.9314625263214111, 13.112437817974897
5.0, -12.5, 0.21463823318481445, 1003558.6311086355, 2.0417864322662354, 13.112437817975083
5.0, -13.0, 0.26834893226623535, 1003558.631074965, 2.587254047393799, 13.112437817976055
5.0, -13.5, 0.2685396671295166, 1003558.6310687162, 2.6170737743377686, 13.112437817974783
5.0, -14.0, 0.27922654151916504, 1003558.6310601146, 2.854361057281494, 13.112437817975065
5.0, -14.5, 0.2557029724121094, 1003558.6310623719, 2.4909920692443848, 13.112437817976023
5.0, -15.0, 0.2722766399383545, 1003558.6310646544, 2.7451770305633545, 13.112437817976089
5.0, -15.5, 0.2753005027770996, 1003558.6310581538, 2.8565759658813477, 13.112437817975827
5.0, -16.0, 0.27495431900024414, 1003558.6310622781, 2.958878517150879, 13.112437817976348
5.0, -16.5, 0.2860603332519531, 1003558.6310592394, 3.1210734844207764, 13.112437817975325
5.0, -17.0, 0.3338587284088135, 1003558.6310489555, 3.6904752254486084, 13.112437817975072
5.0, -17.5, 0.3181886672973633, 1003558.6310544437, 3.6570334434509277, 13.11243781797508
5.0, -18.0, 0.31975579261779785, 1003558.6310606624, 3.7240543365478516, 13.112437817975305
5.5, -5.0, 0.024915695190429688, 1005238.9798266839, 0.23754334449768066, 13.112439166484402
5.5, -5.5, 0.02871537208557129, 1004155.6793450789, 0.26523923873901367, 13.112439150664814
5.5, -6.0, 0.03222966194152832, 1003758.3167523334, 0.2885875701904297, 13.112439166709791
5.5, -6.5, 0.03508186340332031, 1003625.538059027, 0.314410924911499, 13.112439192967312
5.5, -7.0, 0.04818534851074219, 1003578.164389674, 0.4153575897216797, 13.112439189293637
5.5, -7.5, 0.04515576362609863, 1003562.1597499428, 0.4055960178375244, 13.112439202971622
5.5, -8.0, 0.05632972717285156, 1003556.8898413567, 0.5011236667633057, 13.112439203672515
5.5, -8.5, 0.07496070861816406, 1003555.222346554, 0.6557416915893555, 13.112439203576525
5.5, -9.0, 0.08182811737060547, 1003554.6733609741, 0.6956682205200195, 13.112439203858777
5.5, -9.5, 0.10185623168945312, 1003554.4994304122, 0.8565404415130615, 13.11243920386272
5.5, -10.0, 0.12286233901977539, 1003554.4439772996, 1.015080213546753, 13.112439203863481
5.5, -10.5, 0.1682741641998291, 1003554.4261715618, 1.5093998908996582, 13.112439203863614
5.5, -11.0, 0.1850893497467041, 1003554.4205254385, 1.5334558486938477, 13.112439203862552
5.5, -11.5, 0.2402355670928955, 1003554.4187506649, 1.9560248851776123, 13.112439203861905
5.5, -12.0, 0.32749104499816895, 1003554.4181822921, 2.7420647144317627, 13.112439203861749
5.5, -12.5, 0.3693525791168213, 1003554.4180881068, 3.0092384815216064, 13.11243920386312
5.5, -13.0, 0.33937883377075195, 1003554.418045686, 2.8137295246124268, 13.11243920386174
5.5, -13.5, 0.3486506938934326, 1003554.4180236331, 2.884434223175049, 13.11243920386327
5.5, -14.0, 0.36826395988464355, 1003554.4180158455, 3.1066677570343018, 13.112439203862012
5.5, -14.5, 0.4276590347290039, 1003554.4180103276, 3.6231954097747803, 13.11243920386327
5.5, -15.0, 0.36742734909057617, 1003554.4180149649, 3.380662202835083, 13.11243920386268
5.5, -15.5, 0.39022159576416016, 1003554.4180137779, 3.781801462173462, 13.11243920386311
5.5, -16.0, 0.4396708011627197, 1003554.4180201248, 4.3394176959991455, 13.112439203861786
5.5, -16.5, 0.40169525146484375, 1003554.4180061424, 4.133753299713135, 13.112439203861213
5.5, -17.0, 0.3977344036102295, 1003554.4180128012, 4.186460971832275, 13.11243920386146
5.5, -17.5, 0.4427635669708252, 1003554.418013917, 4.848220348358154, 13.11243920386265
5.5, -18.0, 0.4053003787994385, 1003554.418015426, 4.5258259773254395, 13.112439203861731
6.0, -5.0, 0.03186750411987305, 1006586.0846871723, 0.27101945877075195, 13.11244138544743
6.0, -5.5, 0.03876328468322754, 1004575.2441210921, 0.31874895095825195, 13.112439710688765
6.0, -6.0, 0.04261016845703125, 1003913.7365012593, 0.34024572372436523, 13.1124392168959
6.0, -6.5, 0.05391240119934082, 1003677.4174065269, 0.4420168399810791, 13.112439051667923
6.0, -7.0, 0.055673837661743164, 1003595.8450419074, 0.43726038932800293, 13.112439016830209
6.0, -7.5, 0.06711483001708984, 1003568.8763512962, 0.54638671875, 13.112439022221173
6.0, -8.0, 0.08066606521606445, 1003559.9949726253, 0.655325174331665, 13.112439017959645
6.0, -8.5, 0.10484075546264648, 1003557.1296610412, 0.8261966705322266, 13.112439016577472
6.0, -9.0, 0.13189053535461426, 1003556.2152698251, 1.0278100967407227, 13.112439016507155
6.0, -9.5, 0.14861035346984863, 1003555.917657922, 1.1530349254608154, 13.112439016412779
6.0, -10.0, 0.18172383308410645, 1003555.8242953774, 1.3587698936462402, 13.11243901640528
6.0, -10.5, 0.2519068717956543, 1003555.7945211574, 1.903691053390503, 13.112439016398945
6.0, -11.0, 0.27030515670776367, 1003555.7850830404, 2.035695791244507, 13.112439016396538
6.0, -11.5, 0.3559908866882324, 1003555.7820980456, 2.655649185180664, 13.112439016396797
6.0, -12.0, 0.4411780834197998, 1003555.7811511944, 3.296231508255005, 13.112439016395657
6.0, -12.5, 0.4772217273712158, 1003555.781002974, 3.567305088043213, 13.112439016397094
6.0, -13.0, 0.5147135257720947, 1003555.7809176327, 3.805591344833374, 13.11243901639631
6.0, -13.5, 0.5752625465393066, 1003555.7808871145, 4.421467065811157, 13.112439016397003
6.0, -14.0, 0.556903600692749, 1003555.7808615782, 4.157147645950317, 13.112439016395655
6.0, -14.5, 0.5987448692321777, 1003555.7808659737, 4.692165851593018, 13.112439016397278
6.0, -15.0, 0.5635876655578613, 1003555.7808643668, 4.741323947906494, 13.11243901639556
6.0, -15.5, 0.5524063110351562, 1003555.7808690547, 4.911325693130493, 13.112439016396936
6.0, -16.0, 0.6504833698272705, 1003555.7808629262, 6.062152862548828, 13.112439016396749
6.0, -16.5, 0.5941452980041504, 1003555.7808486463, 5.759897947311401, 13.112439016395678
6.0, -17.0, 0.5805871486663818, 1003555.7808560595, 5.987804889678955, 13.112439016396312
6.0, -17.5, 0.602022647857666, 1003555.7808521612, 6.2939746379852295, 13.112439016396461
6.0, -18.0, 0.5977513790130615, 1003555.7808716865, 6.477350950241089, 13.112439016397119
6.5, -5.0, 0.04624295234680176, 1008542.3017450174, 0.3567235469818115, 13.1124443643318
6.5, -5.5, 0.05323004722595215, 1005264.700171901, 0.3898200988769531, 13.11243972909117
6.5, -6.0, 0.06659197807312012, 1004141.6925095723, 0.4771108627319336, 13.112438491683905
6.5, -6.5, 0.06796741485595703, 1003763.5917640473, 0.4999375343322754, 13.112438139638833
6.5, -7.0, 0.09138631820678711, 1003626.9313911885, 0.6803016662597656, 13.112438045865579
6.5, -7.5, 0.10082769393920898, 1003582.0209154834, 0.7379891872406006, 13.112438015374405
6.5, -8.0, 0.12013459205627441, 1003567.2601509752, 0.8854546546936035, 13.112438004957575
6.5, -8.5, 0.1596665382385254, 1003562.5167980565, 1.1721251010894775, 13.112438001646812
6.5, -9.0, 0.1752486228942871, 1003560.9894452216, 1.2849235534667969, 13.112438000745945
6.5, -9.5, 0.22751140594482422, 1003560.5019293195, 1.6508440971374512, 13.112438000418805
6.5, -10.0, 0.3090972900390625, 1003560.3459576237, 2.1810920238494873, 13.112438000322813
6.5, -10.5, 0.3476736545562744, 1003560.2964997777, 2.457723617553711, 13.112438000293256
6.5, -11.0, 0.43653416633605957, 1003560.2807870734, 3.0449841022491455, 13.112438000284309
6.5, -11.5, 0.5511817932128906, 1003560.2758168696, 3.7999074459075928, 13.112438000282259
6.5, -12.0, 0.6853311061859131, 1003560.274238569, 4.79573655128479, 13.112438000279242
6.5, -12.5, 0.7395350933074951, 1003560.2739764878, 5.102356910705566, 13.11243800027918
6.5, -13.0, 0.8466968536376953, 1003560.2738300556, 5.675256967544556, 13.112438000278342
6.5, -13.5, 0.8160731792449951, 1003560.2737812102, 5.722343683242798, 13.112438000281346
6.5, -14.0, 0.8648407459259033, 1003560.2737545675, 6.111308336257935, 13.112438000281681
6.5, -14.5, 0.9607079029083252, 1003560.2737437845, 7.042542934417725, 13.112438000279502
6.5, -15.0, 0.8598504066467285, 1003560.2737410989, 6.728750944137573, 13.112438000279946
6.5, -15.5, 0.880422830581665, 1003560.2737343747, 7.3832268714904785, 13.112438000280871
6.5, -16.0, 0.8838510513305664, 1003560.2737361664, 7.988995552062988, 13.112438000280344
6.5, -16.5, 0.8900306224822998, 1003560.2737631423, 8.596620559692383, 13.112438000277963
6.5, -17.0, 0.9134817123413086, 1003560.273737057, 9.385478734970093, 13.112438000279242
6.5, -17.5, 0.9698104858398438, 1003560.2737416446, 10.252666234970093, 13.11243800027907
6.5, -18.0, 0.868797779083252, 1003560.2737488865, 9.6343092918396, 13.112438000279868
7.0, -5.0, 0.06637001037597656, 1011792.0361883412, 0.4500696659088135, 13.112443969715356
7.0, -5.5, 0.08829569816589355, 1006361.7525049124, 0.5943856239318848, 13.112440541140213
7.0, -6.0, 0.09174966812133789, 1004531.0970628826, 0.6011762619018555, 13.112439632880129
7.0, -6.5, 0.10748100280761719, 1003895.1653972482, 0.7268478870391846, 13.11243929268207
7.0, -7.0, 0.12464308738708496, 1003671.2190146499, 0.8498682975769043, 13.112439172375314
7.0, -7.5, 0.14911556243896484, 1003596.7796660181, 1.0109708309173584, 13.112439148903603
7.0, -8.0, 0.2060105800628662, 1003572.5381885638, 1.425602674484253, 13.112439136799377
7.0, -8.5, 0.22361159324645996, 1003564.7550656877, 1.5148825645446777, 13.112439132745626
7.0, -9.0, 0.27869462966918945, 1003562.2391007079, 1.9021329879760742, 13.112439131728266
7.0, -9.5, 0.35885000228881836, 1003561.4380202785, 2.3823771476745605, 13.112439131309289
7.0, -10.0, 0.43697142601013184, 1003561.181829292, 2.9287326335906982, 13.112439131185074
7.0, -10.5, 0.5672900676727295, 1003561.1005614229, 3.74660062789917, 13.112439131142558
7.0, -11.0, 0.6688830852508545, 1003561.0746923015, 4.476125717163086, 13.112439131129207
7.0, -11.5, 0.846935510635376, 1003561.0664655669, 5.646557092666626, 13.112439131125623
7.0, -12.0, 1.182579517364502, 1003561.0638742874, 7.694291591644287, 13.112439131124614
7.0, -12.5, 1.289200782775879, 1003561.0634232619, 8.4275484085083, 13.112439131124107
7.0, -13.0, 1.2208538055419922, 1003561.0631970721, 7.879704713821411, 13.112439131123358
7.0, -13.5, 1.3028740882873535, 1003561.063106606, 8.267131805419922, 13.112439131124958
7.0, -14.0, 1.332627534866333, 1003561.063063181, 8.893036842346191, 13.11243913112204
7.0, -14.5, 1.361640453338623, 1003561.0630481709, 9.083387851715088, 13.112439131124209
7.0, -15.0, 1.4053523540496826, 1003561.0630488548, 10.4701828956604, 13.112439131120782
7.0, -15.5, 1.3403306007385254, 1003561.0630312266, 10.937954425811768, 13.112439131120817
7.0, -16.0, 1.3724184036254883, 1003561.0630397839, 12.449560403823853, 13.112439131123201
7.0, -16.5, 1.499830961227417, 1003561.0630345895, 14.559141159057617, 13.112439131123912
7.0, -17.0, 1.3800544738769531, 1003561.0630373756, 14.368322849273682, 13.11243913112317
7.0, -17.5, 1.5669174194335938, 1003561.0630454958, 16.862963676452637, 13.112439131123434
7.0, -18.0, 1.3922786712646484, 1003561.0630557017, 15.562613010406494, 13.112439131121196
7.5, -5.0, 0.10489344596862793, 1017926.4257651827, 0.6694028377532959, 13.112472949634805
7.5, -5.5, 0.13029980659484863, 1008492.5244889775, 0.7761001586914062, 13.112447682988114
7.5, -6.0, 0.15907788276672363, 1005257.5162234518, 0.9356999397277832, 13.112441688681917
7.5, -6.5, 0.17859268188476562, 1004153.2953550144, 1.0970873832702637, 13.112439837773392
7.5, -7.0, 0.20640039443969727, 1003756.7561428827, 1.2971501350402832, 13.112439188679128
7.5, -7.5, 0.25682663917541504, 1003624.6992470392, 1.6538002490997314, 13.112439021908818
7.5, -8.0, 0.31237363815307617, 1003581.9675552674, 2.0091869831085205, 13.112438967477289
7.5, -8.5, 0.3915550708770752, 1003568.1654834603, 2.517362117767334, 13.11243895268189
7.5, -9.0, 0.4837772846221924, 1003563.7294978237, 3.113751173019409, 13.112438948389732
7.5, -9.5, 0.5765368938446045, 1003562.3174580482, 3.761147975921631, 13.1124389469966
7.5, -10.0, 0.7457082271575928, 1003561.8669336283, 4.791447162628174, 13.112438946600312
7.5, -10.5, 0.9262080192565918, 1003561.7224062098, 6.005950450897217, 13.112438946476052
7.5, -11.0, 1.2693202495574951, 1003561.6767245687, 8.039108037948608, 13.112438946437534
7.5, -11.5, 1.4575564861297607, 1003561.6622634487, 9.107735872268677, 13.112438946424154
7.5, -12.0, 1.960026502609253, 1003561.6576703907, 12.116230964660645, 13.112438946420294
7.5, -12.5, 1.9977853298187256, 1003561.6568688315, 12.342361211776733, 13.112438946421774
7.5, -13.0, 2.142244815826416, 1003561.6564546865, 13.078410148620605, 13.112438946422001
7.5, -13.5, 2.2466561794281006, 1003561.6562850581, 13.789229154586792, 13.112438946425115
7.5, -14.0, 2.508408546447754, 1003561.6562014829, 15.931122064590454, 13.11243894642277
7.5, -14.5, 2.1966798305511475, 1003561.65618161, 14.58115816116333, 13.11243894642156
7.5, -15.0, 2.3343241214752197, 1003561.6561864839, 16.86047911643982, 13.112438946421205
7.5, -15.5, 2.3597452640533447, 1003561.6561866554, 18.455321788787842, 13.112438946419392
7.5, -16.0, 2.5148539543151855, 1003561.6561679723, 22.98009443283081, 13.112438946421252
7.5, -16.5, 2.3158507347106934, 1003561.6561589825, 23.38527798652649, 13.112438946423577
7.5, -17.0, 2.3632190227508545, 1003561.6561684236, 25.542380571365356, 13.112438946417333
7.5, -17.5, 2.4662060737609863, 1003561.6561482232, 27.968945741653442, 13.112438946421882
7.5, -18.0, 2.3700313568115234, 1003561.6561440027, 28.15682554244995, 13.112438946420289
8.0, -5.0, 0.16055870056152344, 1027503.1947534011, 0.9449195861816406, 13.112523691457676
8.0, -5.5, 0.19789791107177734, 1011790.3668987061, 1.1280665397644043, 13.112460041495009
8.0, -6.0, 0.27071380615234375, 1006351.6266927515, 1.5550823211669922, 13.112445261746132
8.0, -6.5, 0.2776987552642822, 1004526.5677416733, 1.6603918075561523, 13.11244104012015
8.0, -7.0, 0.33546876907348633, 1003880.2384360011, 2.064310312271118, 13.112439436806298
8.0, -7.5, 0.3975992202758789, 1003664.6009240985, 2.4656577110290527, 13.112439037654333
8.0, -8.0, 0.5512516498565674, 1003595.0355836168, 3.418832778930664, 13.112438946736331
8.0, -8.5, 0.6162879467010498, 1003572.4291038571, 3.8998615741729736, 13.112438910359035
8.0, -9.0, 0.7699301242828369, 1003565.2061500072, 4.850757360458374, 13.11243889988916
8.0, -9.5, 0.9794886112213135, 1003562.8911598258, 6.0660929679870605, 13.112438897280155
8.0, -10.0, 1.1740243434906006, 1003562.151717336, 7.310348033905029, 13.112438896472026
8.0, -10.5, 1.6745727062225342, 1003561.9150612615, 10.419263362884521, 13.112438896243912
8.0, -11.0, 1.8640224933624268, 1003561.8400993872, 11.72291612625122, 13.112438896172824
8.0, -11.5, 2.398514747619629, 1003561.8162820226, 14.633927583694458, 13.112438896148632
8.0, -12.0, 3.245457649230957, 1003561.8087222605, 20.0505428314209, 13.112438896148072
8.0, -12.5, 3.232607364654541, 1003561.8074835447, 19.661577701568604, 13.112438896145873
8.0, -13.0, 3.4400010108947754, 1003561.8067674867, 20.970617532730103, 13.11243889614683
8.0, -13.5, 3.4134504795074463, 1003561.8065177723, 20.541518926620483, 13.112438896146195
8.0, -14.0, 3.609290838241577, 1003561.806362592, 22.119917631149292, 13.112438896145166
8.0, -14.5, 3.627244234085083, 1003561.8063282433, 23.118486166000366, 13.11243889614792
8.0, -15.0, 3.8581345081329346, 1003561.8062913642, 26.812520742416382, 13.112438896141052
8.0, -15.5, 3.7562482357025146, 1003561.8062689365, 30.061461925506592, 13.112438896141098
8.0, -16.0, 4.131214141845703, 1003561.8063018086, 38.462905168533325, 13.11243889614198
8.0, -16.5, 3.695108413696289, 1003561.8062896411, 38.12094306945801, 13.112438896151687
8.0, -17.0, 4.279799461364746, 1003561.8062888187, 46.19845199584961, 13.112438896146434
8.0, -17.5, 3.7455387115478516, 1003561.8063017834, 45.219226121902466, 13.112438896144448
8.0, -18.0, 4.080038070678711, 1003561.8062603306, 51.246936082839966, 13.112438896140135
8.5, -5.0, 0.2534596920013428, 1042779.6073840243, 1.4224793910980225, 13.112121023241485
8.5, -5.5, 0.3174917697906494, 1016898.9907957538, 1.7387840747833252, 13.112355323986558
8.5, -6.0, 0.3687276840209961, 1008081.688537539, 2.0096240043640137, 13.112413990012543
8.5, -6.5, 0.43816399574279785, 1005128.5314561672, 2.5744988918304443, 13.112430365785483
8.5, -7.0, 0.5232422351837158, 1004078.5995444871, 3.212625503540039, 13.112436399686606
8.5, -7.5, 0.6515951156616211, 1003729.5516280966, 3.9785544872283936, 13.11243810110314
8.5, -8.0, 0.7615149021148682, 1003615.8865958173, 4.738322734832764, 13.11243858382078
8.5, -8.5, 0.9839756488800049, 1003579.1753695362, 6.086434841156006, 13.112438723605496
8.5, -9.0, 1.2381176948547363, 1003567.3482929595, 7.629608154296875, 13.112438765174844
8.5, -9.5, 1.6362745761871338, 1003563.5714788127, 9.90700364112854, 13.112438777502964
8.5, -10.0, 1.9450764656066895, 1003562.3663634452, 12.08150601387024, 13.112438781270717
8.5, -10.5, 2.47517466545105, 1003561.9823353625, 15.155444145202637, 13.112438782421464
8.5, -11.0, 3.0531320571899414, 1003561.859558781, 18.62577795982361, 13.112438782775843
8.5, -11.5, 3.714154005050659, 1003561.8209019133, 23.19076704978943, 13.112438782883537
8.5, -12.0, 4.791369438171387, 1003561.8085861087, 29.15065574645996, 13.112438782918066
8.5, -12.5, 5.119270324707031, 1003561.8064788887, 30.99912452697754, 13.112438782916794
8.5, -13.0, 6.038296699523926, 1003561.8053778636, 36.15550446510315, 13.112438782916826
8.5, -13.5, 5.939100503921509, 1003561.804890665, 35.448888301849365, 13.11243878292403
8.5, -14.0, 5.737152576446533, 1003561.8046889203, 34.86378312110901, 13.112438782930598
8.5, -14.5, 5.893179178237915, 1003561.8046301835, 37.70973443984985, 13.112438782934396
8.5, -15.0, 5.983698129653931, 1003561.8045852194, 42.203086614608765, 13.112438782933392
8.5, -15.5, 6.054997682571411, 1003561.8045646088, 48.186883211135864, 13.11243878293106
8.5, -16.0, 6.112192869186401, 1003561.8045725923, 56.69710159301758, 13.11243878293696
8.5, -16.5, 6.609599351882935, 1003561.8045793162, 69.25768804550171, 13.112438782936827
8.5, -17.0, 5.970029830932617, 1003561.8045423174, 70.38979268074036, 13.112438782931866
8.5, -17.5, 5.943093538284302, 1003561.8045476855, 73.47521781921387, 13.112438782924388
8.5, -18.0, 6.453893661499023, 1003561.8045493461, 86.66008591651917, 13.112438782927155
9.0, -5.0, 0.39296936988830566, 1068273.034632486, 2.1732847690582275, 13.112640286710198
9.0, -5.5, 0.5020935535430908, 1025489.4851772198, 2.6891043186187744, 13.112535400674084
9.0, -6.0, 0.6055707931518555, 1010956.3885754662, 3.2264106273651123, 13.112480438983809
9.0, -6.5, 0.7014875411987305, 1006127.8914157868, 4.00711727142334, 13.112453938300431
9.0, -7.0, 0.829094648361206, 1004411.620722794, 4.925774097442627, 13.112443986575547
9.0, -7.5, 1.0205423831939697, 1003836.3013746629, 6.10211968421936, 13.112440596985016
9.0, -8.0, 1.277716875076294, 1003650.2308888873, 7.7996015548706055, 13.112439453997773
9.0, -8.5, 1.6040136814117432, 1003590.4539520722, 9.855385303497314, 13.112439061626743
9.0, -9.0, 1.9793782234191895, 1003570.8562784477, 11.972439289093018, 13.11243893022405
9.0, -9.5, 2.470005512237549, 1003564.6857890574, 15.082548141479492, 13.112438886928816
9.0, -10.0, 3.1330652236938477, 1003562.7132671442, 19.30456852912903, 13.112438872817714
9.0, -10.5, 4.068093538284302, 1003562.0873670902, 24.64466381072998, 13.112438868253818
9.0, -11.0, 4.8553125858306885, 1003561.8871712332, 30.453559398651123, 13.11243886678272
9.0, -11.5, 6.273522138595581, 1003561.8236244963, 37.19048452377319, 13.112438866311171
9.0, -12.0, 7.775717496871948, 1003561.8035240948, 47.19791841506958, 13.112438866152704
9.0, -12.5, 8.202397584915161, 1003561.8000052758, 49.7914023399353, 13.112438866164437
9.0, -13.0, 8.649717569351196, 1003561.7982094693, 51.18327522277832, 13.112438866164679
9.0, -13.5, 9.230042695999146, 1003561.7973833446, 55.20432925224304, 13.112438866122234
9.0, -14.0, 9.472334146499634, 1003561.7970544099, 57.40001893043518, 13.112438866108812
9.0, -14.5, 10.396544218063354, 1003561.7969071418, 66.19073176383972, 13.112438866089084
9.0, -15.0, 10.075717687606812, 1003561.7969102081, 68.2321424484253, 13.112438866086768
9.0, -15.5, 9.484936475753784, 1003561.7968036587, 74.92460680007935, 13.112438866083217
9.0, -16.0, 9.406038522720337, 1003561.796881859, 86.67618060112, 13.112438866084991
9.0, -16.5, 9.69931435585022, 1003561.7968655826, 103.32260036468506, 13.112438866081707
9.0, -17.0, 9.729915380477905, 1003561.7968395244, 116.63408899307251, 13.112438866085995
9.0, -17.5, 10.429996728897095, 1003561.796825568, 137.13901138305664, 13.112438866080213
9.0, -18.0, 9.731011629104614, 1003561.7968374102, 137.01942443847656, 13.112438866092125
9.5, -5.0, 0.6277508735656738, 1111537.097596552, 3.3611371517181396, 13.111250900799213
9.5, -5.5, 0.8048355579376221, 1039921.7553100951, 4.27349591255188, 13.112162385802899
9.5, -6.0, 0.9744968414306641, 1015638.2089729621, 5.055698871612549, 13.112352674014288
9.5, -6.5, 1.2407207489013672, 1007746.8843527174, 7.028972387313843, 13.112406682605762
9.5, -7.0, 1.3374483585357666, 1004943.6335942443, 7.773787498474121, 13.11242935918574
9.5, -7.5, 1.7027077674865723, 1004009.0863136268, 10.076588869094849, 13.112435877155205
9.5, -8.0, 2.02532958984375, 1003706.1606052499, 12.43541669845581, 13.112437754502936
9.5, -8.5, 2.6225290298461914, 1003608.0648931152, 16.010282278060913, 13.112438337939473
9.5, -9.0, 3.160860776901245, 1003576.5465846526, 19.672807455062866, 13.11243852212508
9.5, -9.5, 4.368999004364014, 1003566.5185027306, 26.941328525543213, 13.112438580105255
9.5, -10.0, 5.122756719589233, 1003563.3071765511, 31.34125542640686, 13.112438598745083
9.5, -10.5, 6.268122673034668, 1003562.2839531219, 37.55575132369995, 13.112438604640067
9.5, -11.0, 8.797326564788818, 1003561.9583240172, 51.620362758636475, 13.112438606527915
9.5, -11.5, 9.92241382598877, 1003561.8548347766, 59.656821489334106, 13.112438607131663
9.5, -12.0, 12.822050094604492, 1003561.8218383774, 77.47157287597656, 13.112438607325926
9.5, -12.5, 13.987842559814453, 1003561.8161511468, 83.97978734970093, 13.112438607322895
9.5, -13.0, 14.720080614089966, 1003561.8132082473, 86.45280241966248, 13.112438607331685
9.5, -13.5, 14.56417465209961, 1003561.8119762129, 86.51930499076843, 13.112438607361877
9.5, -14.0, 16.54203724861145, 1003561.8113424164, 99.39783310890198, 13.11243860738494
9.5, -14.5, 15.178480625152588, 1003561.8112147908, 95.07566571235657, 13.112438607405178
9.5, -15.0, 15.783961057662964, 1003561.81106814, 107.95250535011292, 13.112438607405162
9.5, -15.5, 15.308079957962036, 1003561.811066327, 120.69257283210754, 13.112438607409356
9.5, -16.0, 15.747299909591675, 1003561.8110666192, 145.2823622226715, 13.112438607420174
9.5, -16.5, 15.987390756607056, 1003561.8110691268, 179.21879124641418, 13.112438607417353
9.5, -17.0, 17.051581859588623, 1003561.8110253684, 215.00345039367676, 13.112438607420893
9.5, -17.5, 15.568965196609497, 1003561.8110506184, 226.49506831169128, 13.112438607423785
9.5, -18.0, 15.517731428146362, 1003561.8109729771, 236.56455969810486, 13.112438607417197
10.0, -5.0, 1.0959866046905518, 1183210.688378655, 5.862089157104492, 13.113909767883838
10.0, -5.5, 1.3356664180755615, 1062577.3001295126, 7.183114528656006, 13.113096684536371
10.0, -6.0, 1.616297721862793, 1023282.8060495878, 8.34441089630127, 13.112718865704768
10.0, -6.5, 1.963482141494751, 1010345.6308304017, 10.914768695831299, 13.112540716681423
10.0, -7.0, 2.2966508865356445, 1005808.2425050833, 13.29446792602539, 13.112473557954264
10.0, -7.5, 2.756316900253296, 1004295.5702984114, 16.483218669891357, 13.112450622499189
10.0, -8.0, 3.4812216758728027, 1003796.99792121, 20.850000619888306, 13.112442868251645
10.0, -8.5, 4.181068181991577, 1003637.1022737647, 25.283812046051025, 13.112440223237382
10.0, -9.0, 5.182070255279541, 1003585.9074839912, 31.07432270050049, 13.112439335250027
10.0, -9.5, 6.970112085342407, 1003569.4889669208, 42.815515756607056, 13.112439042604775
10.0, -10.0, 8.591197490692139, 1003564.2572614215, 51.49612259864807, 13.112438947077308
10.0, -10.5, 10.26408338546753, 1003562.588788386, 63.168256521224976, 13.112438916146148
10.0, -11.0, 12.475099802017212, 1003562.0577138212, 74.576730966568, 13.112438906176093
10.0, -11.5, 17.584352254867554, 1003561.8881687282, 104.727041721344, 13.112438902963243
10.0, -12.0, 21.255703926086426, 1003561.8342597259, 126.92515850067139, 13.112438901939178
10.0, -12.5, 21.648738145828247, 1003561.8249364777, 129.74471354484558, 13.112438901976507
10.0, -13.0, 22.674729824066162, 1003561.820097704, 134.75141954421997, 13.112438901986222
10.0, -13.5, 25.593928575515747, 1003561.8179319701, 151.68543672561646, 13.112438901751156
10.0, -14.0, 24.224234342575073, 1003561.8171007821, 144.4792034626007, 13.11243890159016
10.0, -14.5, 25.901514053344727, 1003561.8166391576, 161.2655143737793, 13.112438901486302
10.0, -15.0, 28.015195608139038, 1003561.8165663746, 191.74755764007568, 13.112438901476557
10.0, -15.5, 25.27516508102417, 1003561.8165243317, 198.09764337539673, 13.112438901463962
10.0, -16.0, 25.7526113986969, 1003561.8165090525, 244.9828109741211, 13.11243890147707
10.0, -16.5, 25.512195348739624, 1003561.8165610555, 282.8657314777374, 13.112438901465252
10.0, -17.0, 24.324705839157104, 1003561.8165090741, 325.2884166240692, 13.112438901457487
10.0, -17.5, 25.873319387435913, 1003561.8165258882, 385.69012904167175, 13.112438901450712
10.0, -18.0, 27.537163972854614, 1003561.8164946951, 448.3208019733429, 13.11243890145524
10.5, -5.0, 1.7197089195251465, 1310497.5403408955, 9.302886962890625, 13.122777782320023
10.5, -5.5, 2.3898210525512695, 1101055.8608787085, 12.081186294555664, 13.114918055730838
10.5, -6.0, 2.5798661708831787, 1035778.8749869436, 13.798239469528198, 13.113179146300338
10.5, -6.5, 3.07645320892334, 1014720.6571822317, 16.916131019592285, 13.112704803860128
10.5, -7.0, 3.5594236850738525, 1007220.8212273018, 20.816338539123535, 13.112513305287168
10.5, -7.5, 4.931319952011108, 1004751.1716018844, 27.565110206604004, 13.112460189987193
10.5, -8.0, 5.387168884277344, 1003944.3240555406, 31.681278944015503, 13.112445153060076
10.5, -8.5, 6.7264933586120605, 1003684.5924379007, 40.969276666641235, 13.112440709673754
10.5, -9.0, 8.331489324569702, 1003601.0938716647, 50.72423315048218, 13.112439363979536
10.5, -9.5, 11.050023317337036, 1003574.3387051843, 66.13927936553955, 13.112438950257687
10.5, -10.0, 13.478474855422974, 1003565.7965761763, 82.45887422561646, 13.112438822067631
10.5, -10.5, 16.366427898406982, 1003563.0804986476, 98.73897004127502, 13.11243878212593
10.5, -11.0, 24.15229344367981, 1003562.2154349925, 146.37279105186462, 13.112438769554183
10.5, -11.5, 28.003780603408813, 1003561.9386740768, 167.24951004981995, 13.112438765598554
10.5, -12.0, 32.989110469818115, 1003561.8508324816, 194.51228046417236, 13.112438764352612
10.5, -12.5, 35.03082251548767, 1003561.8353998617, 205.15003657341003, 13.112438764327736
10.5, -13.0, 38.83136224746704, 1003561.8275579163, 225.25831151008606, 13.112438764325411
10.5, -13.5, 38.185569047927856, 1003561.8241006832, 227.92759227752686, 13.112438764144999
10.5, -14.0, 41.61579990386963, 1003561.8225370356, 249.3405990600586, 13.112438764044944
10.5, -14.5, 45.50128245353699, 1003561.82209681, 287.92756748199463, 13.112438763892658
10.5, -15.0, 40.704604387283325, 1003561.8217412316, 279.75407457351685, 13.112438763821627
10.5, -15.5, 45.823967695236206, 1003561.8216667802, 357.2534258365631, 13.112438763782626
10.5, -16.0, 40.489195585250854, 1003561.8217138451, 386.7637388706207, 13.112438763806031
10.5, -16.5, 40.264113664627075, 1003561.8217216555, 452.94630193710327, 13.112438763787356
10.5, -17.0, 41.57428336143494, 1003561.8217833203, 558.4853999614716, 13.112438763780343
10.5, -17.5, 43.33777737617493, 1003561.8216267604, 674.3051617145538, 13.112438763784546
10.5, -18.0, 40.582082748413086, 1003561.8217259416, 705.1128830909729, 13.112438763805981
11.0, -5.0, 2.7623612880706787, 1541128.146730645, 14.616750001907349, 13.13116149378777
11.0, -5.5, 3.672132730484009, 1165972.6878529652, 19.189733266830444, 13.117002208445658
11.0, -6.0, 4.323440790176392, 1056463.0558996287, 22.060147762298584, 13.113885222697556
11.0, -6.5, 4.682727098464966, 1021745.9814374351, 26.280983686447144, 13.112987159220847
11.0, -7.0, 6.186326742172241, 1009518.9049186204, 35.73824715614319, 13.11260110194892
11.0, -7.5, 6.957709789276123, 1005497.4264587903, 40.68782067298889, 13.112488410843206
11.0, -8.0, 8.930322885513306, 1004184.6404847845, 55.19409799575806, 13.112454617970865
11.0, -8.5, 10.702347993850708, 1003761.7971767827, 65.27178525924683, 13.112443922730742
11.0, -9.0, 13.72814655303955, 1003625.6497365636, 82.88710689544678, 13.11244049066475
11.0, -9.5, 18.339816093444824, 1003582.2267872121, 111.3025815486908, 13.112439385873026
11.0, -10.0, 22.3930983543396, 1003568.3201627824, 136.04813957214355, 13.112439030496706
11.0, -10.5, 26.02427077293396, 1003563.8885924459, 157.98591589927673, 13.112438916513364
11.0, -11.0, 33.409339904785156, 1003562.4701341409, 203.91585612297058, 13.112438879863072
11.0, -11.5, 44.51727342605591, 1003562.0199687637, 269.52160835266113, 13.112438868124586
11.0, -12.0, 62.66094493865967, 1003561.8767733091, 369.7841579914093, 13.112438864353082
11.0, -12.5, 56.39808249473572, 1003561.8514641975, 334.3386318683624, 13.112438864327709
11.0, -13.0, 62.71372437477112, 1003561.8386441611, 367.3279640674591, 13.11243886430336
11.0, -13.5, 65.15257811546326, 1003561.8328716387, 387.0656077861786, 13.11243886368767
11.0, -14.0, 65.3236825466156, 1003561.830637359, 395.3711745738983, 13.112438863320806
11.0, -14.5, 63.56767201423645, 1003561.829521171, 402.7968111038208, 13.112438862893047
11.0, -15.0, 63.646977186203, 1003561.8292030024, 435.2471001148224, 13.112438862721156
11.0, -15.5, 68.97540736198425, 1003561.8291889576, 548.8006088733673, 13.112438862630448
11.0, -16.0, 66.96299481391907, 1003561.8291286824, 633.1543793678284, 13.112438862598047
11.0, -16.5, 66.07793140411377, 1003561.8291095352, 768.6348626613617, 13.112438862599163
11.0, -17.0, 65.96965169906616, 1003561.8291190593, 891.8214740753174, 13.112438862595953
11.0, -17.5, 69.64479207992554, 1003561.829069771, 1137.8476552963257, 13.112438862600317
11.0, -18.0, 72.40628981590271, 1003561.8291128959, 1304.6967084407806, 13.112438862593466
11.5, -5.0, 5.050364971160889, 2091630.1102235208, 26.810086727142334, 13.143533279026173
11.5, -5.5, 5.869912624359131, 1301519.3522944332, 30.05253791809082, 13.125942332501474
11.5, -6.0, 7.787762641906738, 1097349.2349437769, 40.647722244262695, 13.118157380295564
11.5, -6.5, 9.337096214294434, 1035329.9727129751, 52.17108106613159, 13.114533554984076
11.5, -7.0, 10.117210626602173, 1013952.9331131881, 58.91551756858826, 13.11315051830267
11.5, -7.5, 13.271982669830322, 1006948.9957543002, 77.92848992347717, 13.112678697414974
11.5, -8.0, 15.04488205909729, 1004649.2116936764, 89.9373426437378, 13.112520201211247
11.5, -8.5, 19.94250726699829, 1003910.3023536712, 120.53857588768005, 13.112466010407667
11.5, -9.0, 25.615578174591064, 1003673.7863940202, 153.44301462173462, 13.11244781822997
11.5, -9.5, 33.08857035636902, 1003597.4553082868, 205.49756693840027, 13.1124418137602
11.5, -10.0, 36.43107986450195, 1003573.161467934, 217.43266248703003, 13.112439853487437
11.5, -10.5, 52.286821603775024, 1003565.4345770311, 311.4167468547821, 13.112439218311506
11.5, -11.0, 60.308961391448975, 1003562.96601315, 361.47323274612427, 13.112439013352223
11.5, -11.5, 73.26674771308899, 1003562.1777790668, 446.33641362190247, 13.112438947439147
11.5, -12.0, 92.84757137298584, 1003561.9271251068, 557.1502463817596, 13.112438926342284
11.5, -12.5, 106.83406734466553, 1003561.8826062226, 639.9185307025909, 13.112438927292331
11.5, -13.0, 118.23846244812012, 1003561.8602097663, 705.4264929294586, 13.11243892715265
11.5, -13.5, 133.4997901916504, 1003561.8502181723, 768.6378729343414, 13.11243892250221
11.5, -14.0, 111.12553977966309, 1003561.846101311, 673.4950699806213, 13.112438919353831
11.5, -14.5, 117.71646332740784, 1003561.844407978, 739.3220016956329, 13.11243891731097
11.5, -15.0, 118.77120471000671, 1003561.8436405555, 816.3063361644745, 13.1124389167013
11.5, -15.5, 112.73393630981445, 1003561.8435057504, 886.4773030281067, 13.112438916545981
11.5, -16.0, 124.69083547592163, 1003561.8432766497, 1169.1382594108582, 13.112438916456787
11.5, -16.5, 121.80816102027893, 1003561.8435908521, 1411.5573568344116, 13.112438916418032
11.5, -17.0, 138.587087392807, 1003561.8434484104, 1942.1820871829987, 13.11243891647292
11.5, -17.5, 114.21786332130432, 1003561.8434476672, 1901.4461994171143, 13.112438916447926
11.5, -18.0, 125.05251979827881, 1003561.8434858884, 2356.07196187973, 13.112438916469296
12.0, -5.0, 8.409865617752075, 3207198.9517672053, 44.15998888015747, 13.578654197659304
12.0, -5.5, 9.737881183624268, 1523105.6827748984, 51.280821561813354, 13.251700232960722
12.0, -6.0, 11.504552841186523, 1159450.8985369562, 59.79409050941467, 13.154242591067979
12.0, -6.5, 15.48957085609436, 1055571.950585901, 86.89380264282227, 13.125815086637834
12.0, -7.0, 16.634343147277832, 1020540.1440363349, 95.73325181007385, 13.116422767843511
12.0, -7.5, 20.68074369430542, 1009063.1680348531, 120.41747808456421, 13.11362972314741
12.0, -8.0, 27.667893171310425, 1005329.6005961093, 165.51648449897766, 13.112798302029338
12.0, -8.5, 31.187860250473022, 1004130.3899461491, 186.04559206962585, 13.112548153952607
12.0, -9.0, 39.14970827102661, 1003743.61590812, 233.9256637096405, 13.112472165016015
12.0, -9.5, 48.18871808052063, 1003619.9169828387, 290.20085763931274, 13.112448930792908
12.0, -10.0, 69.65800261497498, 1003580.4163690566, 418.00954413414, 13.112441785305295
12.0, -10.5, 74.15292406082153, 1003567.7101764937, 446.20727825164795, 13.112439575491338
12.0, -11.0, 92.63954782485962, 1003563.6904973425, 556.1619851589203, 13.112438888616955
12.0, -11.5, 120.11773371696472, 1003562.4086800801, 725.2365355491638, 13.112438674466086
12.0, -12.0, 175.21820211410522, 1003562.0006619007, 1035.2895328998566, 13.112438607483355
12.0, -12.5, 169.8167908191681, 1003561.9277460602, 1008.5024831295013, 13.11243861059878
12.0, -13.0, 188.60936903953552, 1003561.8912760598, 1104.6708631515503, 13.112438610234696
12.0, -13.5, 169.63610363006592, 1003561.87487387, 987.1391384601593, 13.112438595543882
12.0, -14.0, 177.65153169631958, 1003561.8679526906, 1065.7696430683136, 13.11243858540465
12.0, -14.5, 190.14248943328857, 1003561.8654525634, 1200.4563879966736, 13.112438579360932
12.0, -15.0, 193.84028506278992, 1003561.8644474726, 1328.7825636863708, 13.112438577588728
12.0, -15.5, 188.49289536476135, 1003561.8640776938, 1478.110601425171, 13.112438577141106
12.0, -16.0, 184.15037369728088, 1003561.8640897331, 1755.378092288971, 13.112438576934688
12.0, -16.5, 207.0688021183014, 1003561.8639986301, 2366.9121124744415, 13.112438576933528
12.0, -17.0, 182.39086866378784, 1003561.8638505508, 2527.450308561325, 13.112438576851137
12.0, -17.5, 209.15660572052002, 1003561.8638882949, 3588.240812063217, 13.112438576863516
12.0, -18.0, 194.25356364250183, 1003561.8638471945, 3882.099750995636, 13.112438576860715
12.5, -5.0, 12.282222747802734, 6078481.462184346, 64.57383227348328, 12.699570388622337
12.5, -5.5, 15.931411504745483, 1953933.6956241284, 82.47378468513489, 13.045442327671054
12.5, -6.0, 19.19438099861145, 1266397.0621391095, 97.12164855003357, 13.105586712908265
12.5, -6.5, 22.460150480270386, 1089204.1921390651, 123.19277787208557, 13.111828366883577
12.5, -7.0, 27.293201446533203, 1031241.4301696527, 155.68519139289856, 13.112435686409123
12.5, -7.5, 32.493306159973145, 1012506.3564315741, 191.10376477241516, 13.112464684601449
12.5, -8.0, 40.19186758995056, 1006439.6504417467, 243.90950298309326, 13.112447712608041
12.5, -8.5, 50.409294843673706, 1004489.8640344763, 307.07721161842346, 13.112440625823316
12.5, -9.0, 63.160985469818115, 1003859.8586700463, 379.3830146789551, 13.112438748961686
12.5, -9.5, 77.74465203285217, 1003656.6046909357, 470.8091323375702, 13.112438452857957
12.5, -10.0, 98.1542022228241, 1003591.9779748679, 594.8592278957367, 13.112438453895518
12.5, -10.5, 140.6538050174713, 1003571.4302122322, 840.9602563381195, 13.112438491564223
12.5, -11.0, 154.6785340309143, 1003564.8730887887, 934.0672879219055, 13.112438516761172
12.5, -11.5, 225.39876055717468, 1003562.7847616952, 1359.2002787590027, 13.112438527765157
12.5, -12.0, 243.2706754207611, 1003562.1210261108, 1443.8939671516418, 13.112438531791836
12.5, -12.5, 260.9977424144745, 1003562.0012878205, 1562.1418356895447, 13.112438532077654
12.5, -13.0, 281.7449049949646, 1003561.9417221184, 1608.4112586975098, 13.11243853201846
12.5, -13.5, 285.2975161075592, 1003561.9150636792, 1710.4478027820587, 13.112438532388165
12.5, -14.0, 301.0097990036011, 1003561.904002457, 1789.4607656002045, 13.112438532677674
12.5, -14.5, 322.5223882198334, 1003561.899798079, 1983.7610747814178, 13.112438533125605
12.5, -15.0, 302.8018660545349, 1003561.8981663756, 2074.020665884018, 13.112438533573075
12.5, -15.5, 347.72441506385803, 1003561.8974886059, 2861.9679985046387, 13.112438533831044
12.5, -16.0, 329.31187200546265, 1003561.897287666, 3081.0758712291718, 13.112438533908396
12.5, -16.5, 297.68339800834656, 1003561.89754496, 3446.4444766044617, 13.112438533917155
12.5, -17.0, 289.7666001319885, 1003561.8971390494, 4174.325256824493, 13.112438533930222
12.5, -17.5, 300.5388960838318, 1003561.8968927627, 5236.5420508384705, 13.11243853385011
12.5, -18.0, 347.5492334365845, 1003561.8973501477, 7062.627718925476, 13.11243853388071
13.0, -5.0, 19.826101303100586, 15364486.801624486, 104.57225894927979, 10.977691816349328
13.0, -5.5, 25.67228865623474, 2868429.7107385774, 132.26297569274902, 12.526912352413651
13.0, -6.0, 37.868003845214844, 1458141.6158370662, 194.6103310585022, 12.93941008766329
13.0, -6.5, 36.66004753112793, 1145698.0128976793, 202.05804347991943, 13.053298131624402
13.0, -7.0, 41.035606145858765, 1049012.0370047237, 235.82792615890503, 13.095781684137744
13.0, -7.5, 51.80024194717407, 1018235.5067604628, 308.4113960266113, 13.107688295176848
13.0, -8.0, 64.35549688339233, 1008249.5121941211, 387.36328125, 13.111058812067743
13.0, -8.5, 81.16208529472351, 1005066.9964688758, 489.889995098114, 13.11203014331624
13.0, -9.0, 104.22227954864502, 1004046.9626474619, 644.2467620372772, 13.112316153662427
13.0, -9.5, 127.88230872154236, 1003716.236568048, 768.3318531513214, 13.112401584509566
13.0, -10.0, 181.78980612754822, 1003611.1359162594, 1104.5729551315308, 13.112427437055484
13.0, -10.5, 209.51688265800476, 1003577.4724167872, 1255.0294115543365, 13.112435330868161
13.0, -11.0, 257.3087968826294, 1003566.8009387203, 1540.6434569358826, 13.112437760230955
13.0, -11.5, 309.0265338420868, 1003563.4002402134, 1851.7478709220886, 13.112438512520578
13.0, -12.0, 396.8461563587189, 1003562.3165059774, 2338.8829340934753, 13.112438746603514
13.0, -12.5, 506.4054641723633, 1003562.1207524482, 2983.028207063675, 13.112438747169161
13.0, -13.0, 464.7871503829956, 1003562.0234771203, 2725.597053527832, 13.112438747388522
13.0, -13.5, 559.7898321151733, 1003561.9801230727, 3309.3199412822723, 13.112438786895876
13.0, -14.0, 475.7521665096283, 1003561.9621825288, 2832.6594862937927, 13.112438809849033
13.0, -14.5, 527.0245404243469, 1003561.9550422597, 3305.8611097335815, 13.112438834828948
13.0, -15.0, 469.98062324523926, 1003561.9528506858, 3211.6488881111145, 13.11243884636556
13.0, -15.5, 519.4733622074127, 1003561.9516068134, 4171.624498844147, 13.112438851173888
13.0, -16.0, 482.9007968902588, 1003561.9514052961, 4605.071411371231, 13.112438852462203
13.0, -16.5, 545.9279749393463, 1003561.9511679745, 6184.086124181747, 13.112438852830625
13.0, -17.0, 492.40060901641846, 1003561.9511282363, 6954.918288230896, 13.112438853028785
13.0, -17.5, 496.08545684814453, 1003561.9510778984, 8758.036888122559, 13.112438853010426
13.0, -18.0, 484.17437171936035, 1003561.9505868796, 10250.957527399063, 13.1124388529713
13.5, -5.0, 37.16380214691162, 54557035.10731362, 195.29566383361816, 19.32629180927296
13.5, -5.5, 42.17816138267517, 5138425.757179846, 217.10083627700806, 15.072823003820732
13.5, -6.0, 50.25616979598999, 1821201.275727017, 258.43449425697327, 13.695561890777702
13.5, -6.5, 60.78866767883301, 1243711.0211341996, 336.91883158683777, 13.29427726157214
13.5, -7.0, 73.5754885673523, 1078960.0308365216, 424.8679382801056, 13.168062823427755
13.5, -7.5, 85.02767062187195, 1027381.0690414679, 500.8264362812042, 13.129473569302418
13.5, -8.0, 124.70894861221313, 1011190.2547090959, 728.8578426837921, 13.117719347317344
13.5, -8.5, 126.0385229587555, 1006013.3680165093, 764.2353768348694, 13.11408404403222
13.5, -9.0, 169.35063457489014, 1004344.3335896422, 1027.1193339824677, 13.112952680156061
13.5, -9.5, 217.26373624801636, 1003812.4555508323, 1302.5610082149506, 13.112599721954473
13.5, -10.0, 297.07885694503784, 1003641.8178584063, 1787.9510219097137, 13.11248933741277
13.5, -10.5, 324.056777715683, 1003587.3621884935, 1914.5619621276855, 13.112454694742858
13.5, -11.0, 466.18876028060913, 1003569.9229815671, 2810.8311223983765, 13.112443788322176
13.5, -11.5, 507.6783390045166, 1003564.4003800681, 3059.5124077796936, 13.112440353014895
13.5, -12.0, 775.1204490661621, 1003562.6358257474, 4569.150401353836, 13.112439270846323
13.5, -12.5, 755.5478227138519, 1003562.3152960653, 4500.169715166092, 13.112439331179946
13.5, -13.0, 820.4597275257111, 1003562.1563236006, 4811.711757183075, 13.112439326583809
13.5, -13.5, 790.6809287071228, 1003562.0857064348, 4618.736906051636, 13.112439078643808
13.5, -14.0, 780.814290523529, 1003562.0567697607, 4716.150732755661, 13.112438902077317
13.5, -14.5, 831.0676431655884, 1003562.0454588467, 5174.887314319611, 13.112438806438526
13.5, -15.0, 801.4590044021606, 1003562.0409209961, 5520.0569767951965, 13.112438781283872
13.5, -15.5, 781.8682265281677, 1003562.039015225, 6111.517737150192, 13.112438776076239
13.5, -16.0, 791.0542657375336, 1003562.0385896114, 7475.7570469379425, 13.112438773689002
13.5, -16.5, 773.0379753112793, 1003562.0387189478, 8753.58784532547, 13.112438772712927
13.5, -17.0, 794.4989540576935, 1003562.0384807723, 11346.615931510925, 13.11243877239866
13.5, -17.5, 823.5384213924408, 1003562.037817665, 14490.451233386993, 13.112438772263285
13.5, -18.0, 829.5354993343353, 1003562.0382759167, 17785.724588394165, 13.112438772254333
14.0, -5.0, 56.08669877052307, 274747968.75483006, 292.21877002716064, 1.6845993469647005
14.0, -5.5, 77.2969696521759, 11868421.404056411, 393.0353982448578, 9.977026536474582
14.0, -6.0, 86.75530481338501, 2570910.168777866, 445.03222703933716, 12.168012366661426
14.0, -6.5, 99.27989387512207, 1414814.7677318566, 553.0121808052063, 12.77979472543675
14.0, -7.0, 112.69484305381775, 1126982.7294257474, 659.14395570755, 13.019262164086166
14.0, -7.5, 137.75750756263733, 1042446.5690641856, 810.4920082092285, 13.085935993226395
14.0, -8.0, 171.44580698013306, 1015994.4720584735, 1024.517502784729, 13.104712510865243
14.0, -8.5, 220.15620946884155, 1007544.1340883123, 1318.818834066391, 13.110136431127987
14.0, -9.0, 274.61819100379944, 1004836.0036240869, 1670.2483055591583, 13.111742537266245
14.0, -9.5, 336.722904920578, 1003970.7370779975, 2016.4388029575348, 13.112225746940348
14.0, -10.0, 426.44287753105164, 1003692.3415500304, 2574.625150680542, 13.11237307050821
14.0, -10.5, 592.1798377037048, 1003603.4743168696, 3546.489230155945, 13.112418381249118
14.0, -11.0, 697.2370603084564, 1003575.111225071, 4179.4756295681, 13.112432421298134
14.0, -11.5, 818.5363421440125, 1003566.037965413, 4890.000549554825, 13.112436795028259
14.0, -12.0, 1029.1925656795502, 1003563.1578629178, 6080.723030567169, 13.11243816292143
14.0, -12.5, 1274.4683995246887, 1003562.6303041687, 7602.167058467865, 13.112438186541587
14.0, -13.0, 1128.1392703056335, 1003562.3723770312, 6746.255615711212, 13.112438184467761
14.0, -13.5, 1446.1778981685638, 1003562.2572277427, 8554.73646736145, 13.112438395721767
14.0, -14.0, 1223.6468904018402, 1003562.2099488631, 7184.889278411865, 13.112438507051255
14.0, -14.5, 1497.3361523151398, 1003562.1915390362, 9274.722476482391, 13.112438661906914
14.0, -15.0, 1441.7725837230682, 1003562.1839145083, 9710.381167888641, 13.112438740782101
14.0, -15.5, 1466.3826444149017, 1003562.1814396378, 11724.915831327438, 13.112438775589277
14.0, -16.0, 1261.5222296714783, 1003562.180532889, 12016.312645196915, 13.112438784963185
14.0, -16.5, 1284.5929703712463, 1003562.1801896117, 14880.503146886826, 13.112438787695236
14.0, -17.0, 1262.8120982646942, 1003562.1797166561, 18196.78738307953, 13.112438788788937
14.0, -17.5, 1247.2101821899414, 1003562.179873325, 22011.923668384552, 13.112438788976254
14.0, -18.0, 1336.4555253982544, 1003562.1800158665, 29396.465709924698, 13.112438789320084