1.0, -5.0, 0.019628286361694336, 998755.8104847539, 0.337308406829834, 13.109836358443467
1.0, -5.5, 0.01604461669921875, 998755.8099439407, 0.28842878341674805, 13.109836383298257
1.0, -6.0, 0.017574548721313477, 998755.8082588621, 0.32099485397338867, 13.109836390661853
1.0, -6.5, 0.018511056900024414, 998755.819969513, 0.3515021800994873, 13.10983645780878
1.0, -7.0, 0.02022862434387207, 998755.8258444851, 0.4177131652832031, 13.109836483607845
1.0, -7.5, 0.023616790771484375, 998755.8327309437, 0.49298882484436035, 13.109836484076558
1.0, -8.0, 0.02633357048034668, 998755.833019329, 0.5832221508026123, 13.10983648554857
1.0, -8.5, 0.033928632736206055, 998755.8334062134, 0.7956087589263916, 13.109836486456569
1.0, -9.0, 0.035431861877441406, 998755.8336730746, 0.8703358173370361, 13.109836486698262
1.0, -9.5, 0.04450225830078125, 998755.8337450816, 1.0562949180603027, 13.109836486784125
1.0, -10.0, 0.054224252700805664, 998755.8337823603, 1.3124241828918457, 13.109836486819024
1.0, -10.5, 0.07309556007385254, 998755.8337926106, 1.7914893627166748, 13.109836486830458
1.0, -11.0, 0.07989072799682617, 998755.8337973052, 1.968613624572754, 13.109836486834435
1.0, -11.5, 0.09927630424499512, 998755.8337984352, 2.4366328716278076, 13.109836486835372
1.0, -12.0, 0.1371777057647705, 998755.8337990377, 3.4146788120269775, 13.109836486835992
1.0, -12.5, 0.12474370002746582, 998755.8337989931, 3.0624825954437256, 13.109836486836109
1.0, -13.0, 0.12739133834838867, 998755.8337999092, 3.174362897872925, 13.10983648683571
1.0, -13.5, 0.1430034637451172, 998755.8337981629, 3.4735660552978516, 13.109836486835764
1.0, -14.0, 0.14961838722229004, 998755.8338008606, 3.6198129653930664, 13.109836486836189
1.0, -14.5, 0.1372981071472168, 998755.8338009951, 3.286836862564087, 13.109836486836551
1.0, -15.0, 0.14015603065490723, 998755.8337984795, 3.381530284881592, 13.109836486836072
1.0, -15.5, 0.14417243003845215, 998755.8337978298, 3.391751527786255, 13.109836486836153
1.0, -16.0, 0.16192030906677246, 998755.8337991616, 3.8295540809631348, 13.109836486835905
1.0, -16.5, 0.1638028621673584, 998755.8337984136, 3.915097713470459, 13.109836486836166
1.0, -17.0, 0.14802789688110352, 998755.8337988267, 3.545889377593994, 13.109836486836349
1.0, -17.5, 0.14966106414794922, 998755.8337987692, 3.5919578075408936, 13.109836486835743
1.0, -18.0, 0.15198111534118652, 998755.8337984977, 3.6582717895507812, 13.109836486835304
1.5, -5.0, 0.01707911491394043, 956909.1267043743, 0.29201650619506836, 13.110991594243407
1.5, -5.5, 0.018591880798339844, 956909.1891868898, 0.3266129493713379, 13.110991635849045
1.5, -6.0, 0.017310619354248047, 956909.2968837641, 0.32920265197753906, 13.110991643372236
1.5, -6.5, 0.018856048583984375, 956909.3687493152, 0.35773348808288574, 13.110991715252121
1.5, -7.0, 0.021834135055541992, 956909.3702028791, 0.46387195587158203, 13.110991740059063
1.5, -7.5, 0.02608942985534668, 956909.371104007, 0.5661041736602783, 13.110991740906229
1.5, -8.0, 0.027289867401123047, 956909.3723258969, 0.588381290435791, 13.110991742434827
1.5, -8.5, 0.032500505447387695, 956909.3725681836, 0.7788441181182861, 13.110991743358259
1.5, -9.0, 0.03596901893615723, 956909.3726970102, 0.9027764797210693, 13.110991743599005
1.5, -9.5, 0.04521584510803223, 956909.372722268, 1.077768087387085, 13.110991743684593
1.5, -10.0, 0.060314178466796875, 956909.37272705, 1.473390817642212, 13.110991743719095
1.5, -10.5, 0.07484030723571777, 956909.3727292542, 1.8644137382507324, 13.110991743731255
1.5, -11.0, 0.08209991455078125, 956909.3727289251, 2.028778314590454, 13.110991743734559
1.5, -11.5, 0.1011667251586914, 956909.3727295916, 2.5602564811706543, 13.110991743735807
1.5, -12.0, 0.1244497299194336, 956909.372730064, 3.1448917388916016, 13.11099174373679
1.5, -12.5, 0.1407167911529541, 956909.3727287387, 3.540587902069092, 13.110991743736491
1.5, -13.0, 0.14695239067077637, 956909.3727287656, 3.682429075241089, 13.110991743737046
1.5, -13.5, 0.13302898406982422, 956909.3727272259, 3.339250087738037, 13.110991743736083
1.5, -14.0, 0.13650250434875488, 956909.3727309349, 3.370858907699585, 13.110991743736278
1.5, -14.5, 0.1407020092010498, 956909.3727308747, 3.4407131671905518, 13.110991743736017
1.5, -15.0, 0.14210987091064453, 956909.3727288579, 3.4515762329101562, 13.110991743736127
1.5, -15.5, 0.1627957820892334, 956909.3727306656, 3.8731846809387207, 13.110991743737257
1.5, -16.0, 0.16475462913513184, 956909.3727305384, 3.9614410400390625, 13.110991743736182
1.5, -16.5, 0.14914751052856445, 956909.3727286255, 3.567333221435547, 13.110991743735077
1.5, -17.0, 0.1512153148651123, 956909.3727315174, 3.590954542160034, 13.110991743736337
1.5, -17.5, 0.15206289291381836, 956909.3727296556, 3.648261070251465, 13.110991743736049
1.5, -18.0, 0.16919612884521484, 956909.3727311057, 4.017240762710571, 13.11099174373747
2.0, -5.0, 0.01578378677368164, 986458.23775539, 0.2732090950012207, 13.112146225273857
2.0, -5.5, 0.016066312789916992, 986458.4483709704, 0.292921781539917, 13.112146264058104
2.0, -6.0, 0.019687652587890625, 986459.4927308535, 0.3625197410583496, 13.112146275364779
2.0, -6.5, 0.019992351531982422, 986459.6179676211, 0.375075101852417, 13.112146349963142
2.0, -7.0, 0.021030187606811523, 986459.6416708314, 0.4345078468322754, 13.112146373008386
2.0, -7.5, 0.02363109588623047, 986459.6742036204, 0.5118007659912109, 13.11214637394329
2.0, -8.0, 0.0273284912109375, 986459.6841295816, 0.5933048725128174, 13.112146375449992
2.0, -8.5, 0.03496527671813965, 986459.6861996939, 0.8424296379089355, 13.11214637642464
2.0, -9.0, 0.03690934181213379, 986459.6873022291, 0.9392461776733398, 13.11214637667383
2.0, -9.5, 0.04720950126647949, 986459.6876504339, 1.1255013942718506, 13.112146376759254
2.0, -10.0, 0.06366300582885742, 986459.687753966, 1.5493440628051758, 13.112146376795216
2.0, -10.5, 0.0674278736114502, 986459.6877876117, 1.7025103569030762, 13.112146376806848
2.0, -11.0, 0.08359718322753906, 986459.6877998551, 2.0774593353271484, 13.112146376810069
2.0, -11.5, 0.1028602123260498, 986459.6878035924, 2.6204471588134766, 13.11214637681051
2.0, -12.0, 0.12766313552856445, 986459.6878033376, 3.2631709575653076, 13.11214637681196
2.0, -12.5, 0.1457197666168213, 986459.6878037443, 3.682230234146118, 13.112146376811504
2.0, -13.0, 0.14910483360290527, 986459.6878036151, 3.7119405269622803, 13.11214637681184
2.0, -13.5, 0.14141845703125, 986459.6878033705, 3.4781246185302734, 13.11214637681212
2.0, -14.0, 0.14245986938476562, 986459.6878021016, 3.4906978607177734, 13.112146376812433
2.0, -14.5, 0.14382481575012207, 986459.6878051879, 3.462853193283081, 13.112146376811395
2.0, -15.0, 0.14687252044677734, 986459.6878025888, 3.4888393878936768, 13.11214637681242
2.0, -15.5, 0.15068745613098145, 986459.6878025108, 3.5682098865509033, 13.112146376812085
2.0, -16.0, 0.17872309684753418, 986459.6878014924, 4.232133626937866, 13.1121463768113
2.0, -16.5, 0.17548680305480957, 986459.687809936, 4.044455051422119, 13.112146376811863
2.0, -17.0, 0.16190242767333984, 986459.6878072124, 3.702019691467285, 13.112146376811701
2.0, -17.5, 0.16048693656921387, 986459.6878040156, 3.6703274250030518, 13.112146376811749
2.0, -18.0, 0.1632521152496338, 986459.6878033141, 3.7656991481781006, 13.112146376811578
2.5, -5.0, 0.01587200164794922, 1003471.2574811727, 0.27650976181030273, 13.112518421606682
2.5, -5.5, 0.016641616821289062, 1003469.5686878745, 0.2957141399383545, 13.112518458125127
2.5, -6.0, 0.019609928131103516, 1003469.2679616044, 0.3674304485321045, 13.112518476383448
2.5, -6.5, 0.021415233612060547, 1003468.8541220382, 0.4122200012207031, 13.112518554334015
2.5, -7.0, 0.021117687225341797, 1003468.7686031032, 0.4335331916809082, 13.112518570699807
2.5, -7.5, 0.024565458297729492, 1003468.7361761357, 0.5360376834869385, 13.112518571781656
2.5, -8.0, 0.028769731521606445, 1003468.7196014173, 0.6228396892547607, 13.112518573554269
2.5, -8.5, 0.032135963439941406, 1003468.7150177113, 0.7824373245239258, 13.112518574315347
2.5, -9.0, 0.04117441177368164, 1003468.713078081, 1.046678066253662, 13.112518574582534
2.5, -9.5, 0.05295228958129883, 1003468.7124917909, 1.2610158920288086, 13.11251857466911
2.5, -10.0, 0.06452441215515137, 1003468.7123030295, 1.5927045345306396, 13.112518574702184
2.5, -10.5, 0.0705111026763916, 1003468.7122366009, 1.795839548110962, 13.11251857471323
2.5, -11.0, 0.08961081504821777, 1003468.7122166042, 2.2160286903381348, 13.11251857471713
2.5, -11.5, 0.10716414451599121, 1003468.7122079517, 2.6895911693573, 13.112518574718063
2.5, -12.0, 0.12991642951965332, 1003468.7122072934, 3.411471366882324, 13.112518574718017
2.5, -12.5, 0.1339564323425293, 1003468.7122061374, 3.3655266761779785, 13.112518574718573
2.5, -13.0, 0.15555381774902344, 1003468.712208117, 3.809652328491211, 13.112518574717688
2.5, -13.5, 0.16002225875854492, 1003468.7122086771, 3.8749349117279053, 13.112518574718708
2.5, -14.0, 0.15982794761657715, 1003468.7122058773, 3.81490421295166, 13.112518574718207
2.5, -14.5, 0.15413808822631836, 1003468.7122080061, 3.6508748531341553, 13.112518574719005
2.5, -15.0, 0.15871047973632812, 1003468.7122074771, 3.7020301818847656, 13.112518574718077
2.5, -15.5, 0.15947222709655762, 1003468.7122087262, 3.70983624458313, 13.112518574718704
2.5, -16.0, 0.15833783149719238, 1003468.7122077395, 3.666820526123047, 13.112518574718544
2.5, -16.5, 0.16552257537841797, 1003468.7122070758, 3.7227914333343506, 13.112518574719086
2.5, -17.0, 0.18239879608154297, 1003468.7122045553, 4.13487696647644, 13.112518574718417
2.5, -17.5, 0.18719267845153809, 1003468.7122081271, 4.211817502975464, 13.112518574718688
2.5, -18.0, 0.17453789710998535, 1003468.7122073425, 3.9786810874938965, 13.112518574717514
3.0, -5.0, 0.016353368759155273, 1001220.0496044729, 0.28136706352233887, 13.112479496359256
3.0, -5.5, 0.018406152725219727, 1001221.6917542337, 0.3252553939819336, 13.112479533562402
3.0, -6.0, 0.018030643463134766, 1001222.5056311045, 0.3356754779815674, 13.112479560997343
3.0, -6.5, 0.019379377365112305, 1001222.8294259541, 0.38153743743896484, 13.112479647886463
3.0, -7.0, 0.021585941314697266, 1001222.932610182, 0.4416177272796631, 13.112479650367012
3.0, -7.5, 0.02541184425354004, 1001222.9807955883, 0.5361599922180176, 13.112479651340765
3.0, -8.0, 0.031085729598999023, 1001222.9995735519, 0.683143138885498, 13.11247965342463
3.0, -8.5, 0.03358817100524902, 1001223.0060298436, 0.7995383739471436, 13.112479654068473
3.0, -9.0, 0.04388260841369629, 1001223.0082668209, 1.0843939781188965, 13.112479654324769
3.0, -9.5, 0.05076766014099121, 1001223.009081717, 1.1904044151306152, 13.112479654413638
3.0, -10.0, 0.06182599067687988, 1001223.0093581511, 1.4862642288208008, 13.112479654446377
3.0, -10.5, 0.08230257034301758, 1001223.0094446187, 2.0243964195251465, 13.112479654457426
3.0, -11.0, 0.08793997764587402, 1001223.0094735492, 2.2257282733917236, 13.112479654460172
3.0, -11.5, 0.1102139949798584, 1001223.009479979, 2.7615127563476562, 13.112479654461723
3.0, -12.0, 0.14927363395690918, 1001223.0094849583, 3.713217258453369, 13.112479654461605
3.0, -12.5, 0.14106130599975586, 1001223.0094875946, 3.52947998046875, 13.112479654461763
3.0, -13.0, 0.16394376754760742, 1001223.0094858797, 3.9009578227996826, 13.112479654462012
3.0, -13.5, 0.15257811546325684, 1001223.0094849711, 3.5730044841766357, 13.112479654461076
3.0, -14.0, 0.15914630889892578, 1001223.0094875861, 3.7486908435821533, 13.112479654461636
3.0, -14.5, 0.17840266227722168, 1001223.0094872776, 4.077859401702881, 13.11247965446212
3.0, -15.0, 0.16645526885986328, 1001223.0094859584, 3.779597520828247, 13.112479654461414
3.0, -15.5, 0.1659409999847412, 1001223.0094828825, 3.7335045337677, 13.112479654461552
3.0, -16.0, 0.1716761589050293, 1001223.0094835173, 3.7782340049743652, 13.11247965446217
3.0, -16.5, 0.1917707920074463, 1001223.0094860236, 4.209218978881836, 13.112479654461481
3.0, -17.0, 0.18093609809875488, 1001223.0094886526, 3.8499748706817627, 13.11247965446237
3.0, -17.5, 0.20601677894592285, 1001223.0094899376, 4.277668714523315, 13.112479654461632
3.0, -18.0, 0.18317079544067383, 1001223.0094878395, 3.892035961151123, 13.112479654461609
3.5, -5.0, 0.016783952713012695, 1002745.7366940354, 0.28531575202941895, 13.112464140835982
3.5, -5.5, 0.017575979232788086, 1002746.695142037, 0.30428338050842285, 13.112464180111033
3.5, -6.0, 0.020495176315307617, 1002747.1225832368, 0.3848731517791748, 13.112464198773132
3.5, -6.5, 0.020902156829833984, 1002747.3913142479, 0.3967325687408447, 13.112464290673111
3.5, -7.0, 0.02269148826599121, 1002747.4841962077, 0.4534752368927002, 13.112464292320949
3.5, -7.5, 0.02656698226928711, 1002747.5169722575, 0.5582275390625, 13.112464293284079
3.5, -8.0, 0.030392885208129883, 1002747.5318627303, 0.6690287590026855, 13.112464295342358
3.5, -8.5, 0.03475236892700195, 1002747.5363892087, 0.8176462650299072, 13.112464295977924
3.5, -9.0, 0.0449826717376709, 1002747.5379396382, 1.097639799118042, 13.112464296233588
3.5, -9.5, 0.05692553520202637, 1002747.5386152173, 1.3464844226837158, 13.11246429632413
3.5, -10.0, 0.06514978408813477, 1002747.5388323939, 1.5520179271697998, 13.112464296355052
3.5, -10.5, 0.08631634712219238, 1002747.5389017102, 2.078667402267456, 13.112464296365768
3.5, -11.0, 0.09588503837585449, 1002747.5389212108, 2.2635300159454346, 13.11246429636916
3.5, -11.5, 0.11675882339477539, 1002747.5389304841, 2.8731470108032227, 13.112464296370735
3.5, -12.0, 0.14506745338439941, 1002747.5389338032, 3.58268404006958, 13.112464296371588
3.5, -12.5, 0.1550898551940918, 1002747.5389339584, 3.6690216064453125, 13.112464296370053
3.5, -13.0, 0.15994906425476074, 1002747.5389321601, 3.6384918689727783, 13.11246429637134
3.5, -13.5, 0.18074774742126465, 1002747.5389336589, 3.9671084880828857, 13.112464296371456
3.5, -14.0, 0.1833207607269287, 1002747.5389350557, 3.906390905380249, 13.112464296370748
3.5, -14.5, 0.19269132614135742, 1002747.5389394376, 4.144233703613281, 13.112464296371199
3.5, -15.0, 0.18390297889709473, 1002747.538938564, 3.860222339630127, 13.112464296370133
3.5, -15.5, 0.2086353302001953, 1002747.5389370918, 4.288310766220093, 13.112464296370774
3.5, -16.0, 0.23463106155395508, 1002747.5389339316, 4.615063428878784, 13.112464296371545
3.5, -16.5, 0.19700980186462402, 1002747.538935684, 3.912491798400879, 13.112464296371519
3.5, -17.0, 0.20780658721923828, 1002747.5389323564, 4.038090944290161, 13.112464296371863
3.5, -17.5, 0.20851588249206543, 1002747.5389300657, 3.994133472442627, 13.112464296371181
3.5, -18.0, 0.2185361385345459, 1002747.5389410534, 4.09738564491272, 13.112464296371618
4.0, -5.0, 0.017110586166381836, 1003566.1863944369, 0.2851386070251465, 13.112425003541851
4.0, -5.5, 0.019939661026000977, 1003563.95822274, 0.3376197814941406, 13.112425033891034
4.0, -6.0, 0.021677255630493164, 1003563.2762534926, 0.3977186679840088, 13.112425072336388
4.0, -6.5, 0.021979331970214844, 1003562.8262322746, 0.419097900390625, 13.112425160622644
4.0, -7.0, 0.025300979614257812, 1003562.6820169478, 0.49753594398498535, 13.11242516233049
4.0, -7.5, 0.027678966522216797, 1003562.6264373033, 0.576080322265625, 13.112425163570121
4.0, -8.0, 0.03482222557067871, 1003562.6132396176, 0.7216887474060059, 13.112425165659197
4.0, -8.5, 0.04237651824951172, 1003562.6078783261, 0.9691941738128662, 13.112425166277609
4.0, -9.0, 0.04507255554199219, 1003562.6058145697, 1.0577280521392822, 13.112425166541772
4.0, -9.5, 0.06181144714355469, 1003562.6052606824, 1.382021427154541, 13.112425166634521
4.0, -10.0, 0.07747197151184082, 1003562.6050878109, 1.7352895736694336, 13.11242516666621
4.0, -10.5, 0.0838174819946289, 1003562.6050161908, 1.9445323944091797, 13.112425166677125
4.0, -11.0, 0.11059379577636719, 1003562.604995458, 2.474409341812134, 13.112425166681119
4.0, -11.5, 0.1336054801940918, 1003562.6049893902, 3.0610642433166504, 13.112425166681035
4.0, -12.0, 0.19452309608459473, 1003562.6049855697, 4.452225208282471, 13.112425166682144
4.0, -12.5, 0.17324542999267578, 1003562.6049873186, 3.8789658546447754, 13.112425166682746
4.0, -13.0, 0.18293237686157227, 1003562.6049850644, 3.8878910541534424, 13.112425166682483
4.0, -13.5, 0.2012190818786621, 1003562.6049861503, 4.0261054039001465, 13.112425166682067
4.0, -14.0, 0.19942927360534668, 1003562.6049863242, 4.000669240951538, 13.112425166681733
4.0, -14.5, 0.2077646255493164, 1003562.604985154, 4.090057849884033, 13.112425166683135
4.0, -15.0, 0.2351984977722168, 1003562.6049881383, 4.513296365737915, 13.112425166682511
4.0, -15.5, 0.23560523986816406, 1003562.6049863559, 4.434429168701172, 13.112425166682232
4.0, -16.0, 0.24074554443359375, 1003562.6049811252, 4.381006479263306, 13.112425166683051
4.0, -16.5, 0.2651059627532959, 1003562.6049801641, 4.537489175796509, 13.112425166682398
4.0, -17.0, 0.24564766883850098, 1003562.6049823362, 4.185187578201294, 13.112425166683224
4.0, -17.5, 0.2602977752685547, 1003562.6049854256, 4.369596481323242, 13.112425166682629
4.0, -18.0, 0.26699090003967285, 1003562.6049818223, 4.383097410202026, 13.112425166681968
4.5, -5.0, 0.018712997436523438, 1003558.6899237777, 0.3053395748138428, 13.11244277015096
4.5, -5.5, 0.0199127197265625, 1003554.5012031862, 0.33718371391296387, 13.112442813084728
4.5, -6.0, 0.021733522415161133, 1003553.7287173324, 0.38398051261901855, 13.112442866834089
4.5, -6.5, 0.023675203323364258, 1003553.2492577909, 0.43325328826904297, 13.112442950299714
4.5, -7.0, 0.03152823448181152, 1003553.1142396246, 0.6015641689300537, 13.112442951552516
4.5, -7.5, 0.031427621841430664, 1003553.0613076267, 0.6159372329711914, 13.112442952902352
4.5, -8.0, 0.03760480880737305, 1003553.0502040987, 0.7614185810089111, 13.112442954929309
4.5, -8.5, 0.043361663818359375, 1003553.045190741, 0.9379293918609619, 13.112442955578123
4.5, -9.0, 0.05670738220214844, 1003553.0432361325, 1.2349581718444824, 13.11244295584061
4.5, -9.5, 0.0717473030090332, 1003553.042735874, 1.509519100189209, 13.112442955930337
4.5, -10.0, 0.0807957649230957, 1003553.042567694, 1.7240033149719238, 13.112442955963123
4.5, -10.5, 0.09817934036254883, 1003553.0425028523, 2.144324779510498, 13.112442955974219
4.5, -11.0, 0.11910724639892578, 1003553.0424874637, 2.5877504348754883, 13.112442955977087
4.5, -11.5, 0.15884828567504883, 1003553.0424759956, 3.4851486682891846, 13.112442955978068
4.5, -12.0, 0.1955888271331787, 1003553.0424733381, 4.241860389709473, 13.112442955977789
4.5, -12.5, 0.196242094039917, 1003553.0424751248, 4.0426719188690186, 13.112442955979025
4.5, -13.0, 0.21898651123046875, 1003553.0424786896, 4.159045457839966, 13.112442955978873
4.5, -13.5, 0.2369077205657959, 1003553.0424686117, 4.332696914672852, 13.11244295597827
4.5, -14.0, 0.28781723976135254, 1003553.0424784876, 5.153993844985962, 13.112442955978961
4.5, -14.5, 0.257720947265625, 1003553.0424678327, 4.458679914474487, 13.112442955978832
4.5, -15.0, 0.2594723701477051, 1003553.0424761523, 4.46520471572876, 13.112442955979336
4.5, -15.5, 0.2706584930419922, 1003553.0424714703, 4.534667730331421, 13.112442955978812
4.5, -16.0, 0.28455591201782227, 1003553.0424808627, 4.541247367858887, 13.112442955978393
4.5, -16.5, 0.3252894878387451, 1003553.0424725619, 4.921360015869141, 13.11244295597777
4.5, -17.0, 0.34717488288879395, 1003553.0424734137, 5.150864362716675, 13.112442955979175
4.5, -17.5, 0.3294506072998047, 1003553.0424744891, 4.711426019668579, 13.11244295597884
4.5, -18.0, 0.3366103172302246, 1003553.0424760804, 4.682121515274048, 13.112442955978544
5.0, -5.0, 0.02018451690673828, 1003563.6810148512, 0.31890082359313965, 13.11243762526896
5.0, -5.5, 0.024053096771240234, 1003559.6274394842, 0.38823413848876953, 13.112437677544312
5.0, -6.0, 0.024043798446655273, 1003559.2937499443, 0.40253305435180664, 13.112437730110601
5.0, -6.5, 0.027414321899414062, 1003558.8277835189, 0.46991515159606934, 13.112437812586318
5.0, -7.0, 0.0327301025390625, 1003558.6896859201, 0.5826213359832764, 13.112437812821321
5.0, -7.5, 0.035941362380981445, 1003558.6491419903, 0.663773775100708, 13.112437815053351
5.0, -8.0, 0.04309821128845215, 1003558.6374577018, 0.8030898571014404, 13.112437816923789
5.0, -8.5, 0.051265716552734375, 1003558.633450976, 1.028332233428955, 13.112437817566002
5.0, -9.0, 0.07214641571044922, 1003558.6317138986, 1.5088183879852295, 13.11243781783735
5.0, -9.5, 0.0782938003540039, 1003558.6312457082, 1.582871675491333, 13.112437817927276
5.0, -10.0, 0.09487152099609375, 1003558.6310913982, 1.899860143661499, 13.112437817959039
5.0, -10.5, 0.11583995819091797, 1003558.6310324502, 2.3233225345611572, 13.112437817970376
5.0, -11.0, 0.1527416706085205, 1003558.6310121625, 3.085317373275757, 13.112437817972925
5.0, -11.5, 0.18147826194763184, 1003558.631007211, 3.6465675830841064, 13.112437817975657
5.0, -12.0, 0.24431800842285156, 1003558.6310057278, 4.932633876800537, 13.11243781797508
5.0, -12.5, 0.240767240524292, 1003558.6310053366, 4.523222208023071, 13.112437817975806
5.0, -13.0, 0.28559207916259766, 1003558.6310059332, 4.795189380645752, 13.112437817975968
5.0, -13.5, 0.2983894348144531, 1003558.6310055006, 4.77382755279541, 13.112437817975906
5.0, -14.0, 0.30793213844299316, 1003558.6310138699, 4.81918478012085, 13.112437817975184
5.0, -14.5, 0.3192300796508789, 1003558.6309994719, 4.827869415283203, 13.112437817975147
5.0, -15.0, 0.36953282356262207, 1003558.6310084511, 5.43788743019104, 13.112437817975692
5.0, -15.5, 0.3383967876434326, 1003558.6310102127, 5.072651386260986, 13.112437817976533
5.0, -16.0, 0.3701894283294678, 1003558.6310099714, 5.062848091125488, 13.112437817974861
5.0, -16.5, 0.3995795249938965, 1003558.6310029862, 5.171845436096191, 13.112437817975144
5.0, -17.0, 0.49442601203918457, 1003558.6310031706, 6.115135192871094, 13.112437817974547
5.0, -17.5, 0.4471149444580078, 1003558.6310066227, 5.366038799285889, 13.11243781797502
5.0, -18.0, 0.4538857936859131, 1003558.6310038848, 5.352085828781128, 13.112437817975087
5.5, -5.0, 0.023395776748657227, 1003558.1322717934, 0.3540842533111572, 13.112439013603321
5.5, -5.5, 0.0277097225189209, 1003555.0197430993, 0.42107486724853516, 13.112439061614776
5.5, -6.0, 0.029268741607666016, 1003554.9055564104, 0.46268773078918457, 13.112439112876029
5.5, -6.5, 0.03662753105163574, 1003554.5227150127, 0.573265790939331, 13.112439198318771
5.5, -7.0, 0.03788399696350098, 1003554.4434923101, 0.6211302280426025, 13.112439198708582
5.5, -7.5, 0.04502224922180176, 1003554.4250392175, 0.7562692165374756, 13.112439200903173
5.5, -8.0, 0.056551456451416016, 1003554.4198784254, 0.9535503387451172, 13.112439202772444
5.5, -8.5, 0.06423354148864746, 1003554.418869825, 1.1586081981658936, 13.112439203448673
5.5, -9.0, 0.07701444625854492, 1003554.4182107662, 1.4012365341186523, 13.112439203727233
5.5, -9.5, 0.10265016555786133, 1003554.4180281434, 1.811232089996338, 13.112439203814894
5.5, -10.0, 0.11739516258239746, 1003554.4179558599, 2.15342378616333, 13.112439203846947
5.5, -10.5, 0.14660978317260742, 1003554.4179373311, 2.6897056102752686, 13.112439203857678
5.5, -11.0, 0.19531726837158203, 1003554.4179294076, 3.574256420135498, 13.112439203861078
5.5, -11.5, 0.22693562507629395, 1003554.4179291847, 4.1664721965789795, 13.112439203861754
5.5, -12.0, 0.3112914562225342, 1003554.417923506, 5.6685991287231445, 13.112439203861456
5.5, -12.5, 0.31378960609436035, 1003554.4179248246, 5.14458441734314, 13.112439203863273
5.5, -13.0, 0.3556854724884033, 1003554.4179173184, 5.211223363876343, 13.112439203862527
5.5, -13.5, 0.4005775451660156, 1003554.4179264317, 5.415388822555542, 13.11243920386236
5.5, -14.0, 0.4168739318847656, 1003554.417934339, 5.434589385986328, 13.112439203861335
5.5, -14.5, 0.5175092220306396, 1003554.4179311034, 6.50067663192749, 13.112439203862888
5.5, -15.0, 0.4513511657714844, 1003554.4179304545, 5.7289392948150635, 13.112439203861555
5.5, -15.5, 0.474414587020874, 1003554.4179276106, 5.725667238235474, 13.112439203862168
5.5, -16.0, 0.5296652317047119, 1003554.4179241592, 6.029254674911499, 13.11243920386316
5.5, -16.5, 0.5571997165679932, 1003554.41792618, 5.975276708602905, 13.112439203862607
5.5, -17.0, 0.59112548828125, 1003554.4179244409, 6.112651109695435, 13.112439203861795
5.5, -17.5, 0.6582846641540527, 1003554.4179212024, 6.514442443847656, 13.112439203862323
5.5, -18.0, 0.6392538547515869, 1003554.4179146531, 6.145315647125244, 13.112439203861573
6.0, -5.0, 0.02886962890625, 1003557.1853671615, 0.3990182876586914, 13.112438803204101
6.0, -5.5, 0.035564422607421875, 1003555.1950618481, 0.48813438415527344, 13.112438857647378
6.0, -6.0, 0.03683352470397949, 1003555.8531827308, 0.5303401947021484, 13.112438924777713
6.0, -6.5, 0.0465998649597168, 1003555.7405093157, 0.6780052185058594, 13.11243901018986
6.0, -7.0, 0.04834389686584473, 1003555.7523919893, 0.7129232883453369, 13.1124390119276
6.0, -7.5, 0.05797171592712402, 1003555.7700016306, 0.8877136707305908, 13.112439013352661
6.0, -8.0, 0.06966018676757812, 1003555.7761423319, 1.0737860202789307, 13.112439015310224
6.0, -8.5, 0.08501553535461426, 1003555.7794509465, 1.3613379001617432, 13.112439015978882
6.0, -9.0, 0.10042810440063477, 1003555.7802135956, 1.6281099319458008, 13.112439016259708
6.0, -9.5, 0.13782882690429688, 1003555.7805579157, 2.223074436187744, 13.112439016348818
6.0, -10.0, 0.1860032081604004, 1003555.780670955, 3.001818895339966, 13.112439016379932
6.0, -10.5, 0.1947484016418457, 1003555.7807089095, 3.2016899585723877, 13.112439016391052
6.0, -11.0, 0.24471426010131836, 1003555.7807360551, 3.989715814590454, 13.112439016394609
6.0, -11.5, 0.313122034072876, 1003555.7807077913, 5.12403416633606, 13.11243901639669
6.0, -12.0, 0.3792281150817871, 1003555.7807143086, 6.1771559715271, 13.112439016397378
6.0, -12.5, 0.4807896614074707, 1003555.7807251401, 6.902756929397583, 13.112439016394113
6.0, -13.0, 0.506213903427124, 1003555.7807083146, 6.3881261348724365, 13.112439016396307
6.0, -13.5, 0.5510838031768799, 1003555.7807227352, 6.374309539794922, 13.112439016397332
6.0, -14.0, 0.6035220623016357, 1003555.7807354638, 6.630408763885498, 13.112439016395603
6.0, -14.5, 0.6298918724060059, 1003555.7807200637, 6.693040370941162, 13.112439016396717
6.0, -15.0, 0.6312503814697266, 1003555.7807175177, 6.6794092655181885, 13.112439016395824
6.0, -15.5, 0.7064766883850098, 1003555.7807210467, 7.2626471519470215, 13.112439016394871
6.0, -16.0, 0.7147626876831055, 1003555.7807196421, 7.007716417312622, 13.112439016393868
6.0, -16.5, 0.8091492652893066, 1003555.780715534, 7.2844672203063965, 13.112439016397122
6.0, -17.0, 0.9846315383911133, 1003555.7807380443, 8.4736967086792, 13.112439016396616
6.0, -17.5, 0.8847012519836426, 1003555.78073376, 7.478937149047852, 13.112439016395998
6.0, -18.0, 0.9304046630859375, 1003555.7807222115, 7.72453761100769, 13.112439016397284
6.5, -5.0, 0.04127645492553711, 1003557.7517128388, 0.5115797519683838, 13.11243773686212
6.5, -5.5, 0.049390554428100586, 1003558.6221387046, 0.6345498561859131, 13.112437794621227
6.5, -6.0, 0.04911446571350098, 1003560.1831543585, 0.6465871334075928, 13.112437905837545
6.5, -6.5, 0.05724382400512695, 1003560.170759097, 0.7418246269226074, 13.112437991627491
6.5, -7.0, 0.07345104217529297, 1003560.2345233856, 0.981952428817749, 13.11243799442692
6.5, -7.5, 0.08510160446166992, 1003560.261691993, 1.1244559288024902, 13.112437996904832
6.5, -8.0, 0.09823822975158691, 1003560.2689312245, 1.3583502769470215, 13.112437999098114
6.5, -8.5, 0.12987470626831055, 1003560.2723508511, 1.8523783683776855, 13.112437999838368
6.5, -9.0, 0.14514541625976562, 1003560.2730525925, 2.087179183959961, 13.112438000131489
6.5, -9.5, 0.21149325370788574, 1003560.2733491412, 2.9905588626861572, 13.112438000229488
6.5, -10.0, 0.22240614891052246, 1003560.2734557888, 3.1966278553009033, 13.112438000261763
6.5, -10.5, 0.26694560050964355, 1003560.2735285546, 3.875673532485962, 13.112438000276162
6.5, -11.0, 0.3408932685852051, 1003560.2734917554, 4.9531426429748535, 13.112438000278944
6.5, -11.5, 0.4295518398284912, 1003560.2735073616, 6.211153507232666, 13.112438000278246
6.5, -12.0, 0.5404753684997559, 1003560.273467166, 7.955950498580933, 13.112438000280727
6.5, -12.5, 0.617711067199707, 1003560.2734960653, 7.6944944858551025, 13.112438000277931
6.5, -13.0, 0.7237851619720459, 1003560.2735178681, 7.996138334274292, 13.112438000281756
6.5, -13.5, 0.8753044605255127, 1003560.2735317624, 8.6300790309906, 13.112438000279894
6.5, -14.0, 0.9714884757995605, 1003560.2735340772, 9.083442449569702, 13.112438000279012
6.5, -14.5, 0.9216556549072266, 1003560.2735103013, 8.448174238204956, 13.112438000280592
6.5, -15.0, 0.9276292324066162, 1003560.2735386058, 8.425123453140259, 13.112438000279903
6.5, -15.5, 1.011322259902954, 1003560.2734971965, 8.749105453491211, 13.112438000280944
6.5, -16.0, 1.118959665298462, 1003560.273507586, 9.219624519348145, 13.112438000278924
6.5, -16.5, 1.1997783184051514, 1003560.2734914962, 9.411951780319214, 13.112438000279779
6.5, -17.0, 1.4243910312652588, 1003560.2734718241, 10.564456462860107, 13.11243800027869
6.5, -17.5, 1.3751111030578613, 1003560.2734910053, 10.051302194595337, 13.112438000279884
6.5, -18.0, 1.4115567207336426, 1003560.2735201202, 10.020140647888184, 13.112438000278027
7.0, -5.0, 0.05863189697265625, 1003564.0463159829, 0.6774506568908691, 13.112439026262127
7.0, -5.5, 0.06896543502807617, 1003561.601324258, 0.8036718368530273, 13.112438955290227
7.0, -6.0, 0.0696876049041748, 1003561.4915698433, 0.8022239208221436, 13.112439049845904
7.0, -6.5, 0.07953453063964844, 1003561.115948141, 0.9265055656433105, 13.112439127067791
7.0, -7.0, 0.09586334228515625, 1003561.0655686269, 1.1499590873718262, 13.112439126143505
7.0, -7.5, 0.11573934555053711, 1003561.0628082764, 1.4118175506591797, 13.11243912815734
7.0, -8.0, 0.16648101806640625, 1003561.0609304098, 2.0680954456329346, 13.112439130076584
7.0, -8.5, 0.1811201572418213, 1003561.061418757, 2.221351385116577, 13.112439130720258
7.0, -9.0, 0.20546841621398926, 1003561.0619983186, 2.6331732273101807, 13.11243913099241
7.0, -9.5, 0.26186490058898926, 1003561.0627971627, 3.343632459640503, 13.112439131079265
7.0, -10.0, 0.31534361839294434, 1003561.062558293, 4.089920282363892, 13.112439131111381
7.0, -10.5, 0.45499730110168457, 1003561.0624096511, 5.889504671096802, 13.112439131118672
7.0, -11.0, 0.5007047653198242, 1003561.0627837529, 6.430779218673706, 13.112439131124
7.0, -11.5, 0.6189439296722412, 1003561.062844716, 8.101135969161987, 13.112439131120675
7.0, -12.0, 0.8258070945739746, 1003561.0626850134, 10.846205949783325, 13.112439131121615
7.0, -12.5, 0.994809627532959, 1003561.06283495, 10.802320003509521, 13.11243913112263
7.0, -13.0, 1.2155747413635254, 1003561.0627855011, 11.3183274269104, 13.112439131119583
7.0, -13.5, 1.2220561504364014, 1003561.0627091603, 10.731211423873901, 13.11243913112504
7.0, -14.0, 1.3466362953186035, 1003561.0625603232, 11.038558721542358, 13.112439131124642
7.0, -14.5, 1.6311209201812744, 1003561.0627042924, 13.144032955169678, 13.112439131122953
7.0, -15.0, 1.4629456996917725, 1003561.062614765, 11.440084218978882, 13.112439131119757
7.0, -15.5, 1.4945275783538818, 1003561.0625521948, 11.303632259368896, 13.112439131122471
7.0, -16.0, 1.6722891330718994, 1003561.0626398128, 11.959104776382446, 13.112439131123399
7.0, -16.5, 1.8398241996765137, 1003561.0627379678, 12.739900827407837, 13.112439131122567
7.0, -17.0, 1.9849839210510254, 1003561.0626645909, 12.990715026855469, 13.112439131121068
7.0, -17.5, 2.229318618774414, 1003561.0626872127, 14.22199273109436, 13.112439131124232
7.0, -18.0, 2.2301249504089355, 1003561.0626596077, 14.33859658241272, 13.112439131124738
7.5, -5.0, 0.0795438289642334, 1003562.1289647672, 0.8380513191223145, 13.112438786917474
7.5, -5.5, 0.08951544761657715, 1003560.4631609925, 0.9432475566864014, 13.112438751164765
7.5, -6.0, 0.11663627624511719, 1003561.6855949565, 1.2579362392425537, 13.11243884973751
7.5, -6.5, 0.144439697265625, 1003561.5738157836, 1.5642726421356201, 13.112438941577818
7.5, -7.0, 0.15264582633972168, 1003561.6253335482, 1.6978678703308105, 13.112438941058665
7.5, -7.5, 0.18309831619262695, 1003561.653847628, 2.0323259830474854, 13.112438943341724
7.5, -8.0, 0.22528839111328125, 1003561.6527363231, 2.538018226623535, 13.11243894537957
7.5, -8.5, 0.26829004287719727, 1003561.6533701944, 3.0448012351989746, 13.112438946011856
7.5, -9.0, 0.3705296516418457, 1003561.6557554582, 4.234133005142212, 13.112438946295486
7.5, -9.5, 0.40577101707458496, 1003561.6556356343, 4.738276720046997, 13.112438946369931
7.5, -10.0, 0.5468127727508545, 1003561.6554796012, 6.398526906967163, 13.112438946402927
7.5, -10.5, 0.7291693687438965, 1003561.654919141, 8.542923927307129, 13.112438946406524
7.5, -11.0, 0.7970566749572754, 1003561.6557899014, 9.416259050369263, 13.11243894642167
7.5, -11.5, 1.0165486335754395, 1003561.654889441, 11.897069454193115, 13.11243894642244
7.5, -12.0, 1.3714900016784668, 1003561.6550184301, 16.1147358417511, 13.112438946420205
7.5, -12.5, 1.4982659816741943, 1003561.6560614945, 14.598293542861938, 13.11243894642853
7.5, -13.0, 1.822908639907837, 1003561.6560373851, 15.171954870223999, 13.112438946424783
7.5, -13.5, 2.0720300674438477, 1003561.6556820263, 15.718728303909302, 13.112438946416455
7.5, -14.0, 2.4342832565307617, 1003561.6555252749, 17.506306409835815, 13.11243894641789
7.5, -14.5, 2.285520076751709, 1003561.655360849, 15.992125749588013, 13.112438946422694
7.5, -15.0, 2.4339816570281982, 1003561.6557885385, 17.069472312927246, 13.11243894641685
7.5, -15.5, 2.4285528659820557, 1003561.6554828484, 16.61363673210144, 13.11243894642039
7.5, -16.0, 2.78938627243042, 1003561.6552986056, 17.77076816558838, 13.112438946417917
7.5, -16.5, 3.5934975147247314, 1003561.6555764662, 22.155253648757935, 13.112438946420333
7.5, -17.0, 3.364854335784912, 1003561.6554693269, 20.052679300308228, 13.112438946423758
7.5, -17.5, 3.928086042404175, 1003561.6549478031, 22.73033118247986, 13.112438946421765
7.5, -18.0, 3.644376277923584, 1003561.6558075293, 21.40258264541626, 13.112438946412665
8.0, -5.0, 0.1203317642211914, 1003562.5949795208, 1.1888082027435303, 13.112438720724116
8.0, -5.5, 0.14881229400634766, 1003560.8727982178, 1.4932751655578613, 13.112438737021666
8.0, -6.0, 0.17154645919799805, 1003562.0253416299, 1.721329927444458, 13.112438806397789
8.0, -6.5, 0.19387555122375488, 1003561.8181053591, 2.018571615219116, 13.112438892896282
8.0, -7.0, 0.261493444442749, 1003561.83511183, 2.6649088859558105, 13.112438890281778
8.0, -7.5, 0.3217611312866211, 1003561.8205037933, 3.347501277923584, 13.112438892860915
8.0, -8.0, 0.3380086421966553, 1003561.808197892, 3.5866539478302, 13.112438895171818
8.0, -8.5, 0.42391300201416016, 1003561.8049656566, 4.510505676269531, 13.112438895722281
8.0, -9.0, 0.5485703945159912, 1003561.8035219016, 5.930562973022461, 13.11243889600471
8.0, -9.5, 0.6481311321258545, 1003561.8033887715, 7.026809453964233, 13.112438896099542
8.0, -10.0, 0.8425540924072266, 1003561.8031231236, 9.01213526725769, 13.112438896163464
8.0, -10.5, 0.9960405826568604, 1003561.8049519446, 10.87204384803772, 13.112438896162828
8.0, -11.0, 1.4145209789276123, 1003561.8058912524, 15.483537435531616, 13.1124388961351
8.0, -11.5, 1.54679536819458, 1003561.8038584845, 16.81661295890808, 13.112438896152872
8.0, -12.0, 1.941619873046875, 1003561.8055975201, 21.34723734855652, 13.112438896153648
8.0, -12.5, 2.6101438999176025, 1003561.8057418017, 23.701013326644897, 13.112438896160256
8.0, -13.0, 2.797592878341675, 1003561.8036944914, 21.610503435134888, 13.112438896170023
8.0, -13.5, 3.2218589782714844, 1003561.8046138063, 22.862011671066284, 13.112438896169088
8.0, -14.0, 3.5661494731903076, 1003561.8048871468, 23.75683283805847, 13.112438896135856
8.0, -14.5, 4.181582689285278, 1003561.8078094372, 27.320419311523438, 13.112438896149232
8.0, -15.0, 3.6897664070129395, 1003561.8039405892, 23.817246437072754, 13.112438896153536
8.0, -15.5, 4.233164548873901, 1003561.8048580284, 26.391708612442017, 13.112438896151737
8.0, -16.0, 4.785717248916626, 1003561.8059040427, 28.439224004745483, 13.112438896134762
8.0, -16.5, 4.895291090011597, 1003561.8049742093, 28.32488250732422, 13.112438896152824
8.0, -17.0, 5.459015846252441, 1003561.8050814229, 30.02310061454773, 13.112438896127497
8.0, -17.5, 5.503571271896362, 1003561.8042298367, 30.39905595779419, 13.112438896138078
8.0, -18.0, 5.931114435195923, 1003561.8052386311, 32.38680553436279, 13.112438896126118
8.5, -5.0, 0.19918322563171387, 1003561.8790777415, 1.8642241954803467, 13.112438776609261
8.5, -5.5, 0.22957754135131836, 1003561.2130306844, 2.190264940261841, 13.112438648542462
8.5, -6.0, 0.25612974166870117, 1003561.8772515107, 2.4926235675811768, 13.112438698800808
8.5, -6.5, 0.35654330253601074, 1003561.9119090227, 3.554246187210083, 13.112438779679245
8.5, -7.0, 0.36481189727783203, 1003561.8282062099, 3.6897854804992676, 13.112438777557141
8.5, -7.5, 0.48674440383911133, 1003561.8266334891, 4.883836507797241, 13.112438779741314
8.5, -8.0, 0.5470798015594482, 1003561.7947341076, 5.5175981521606445, 13.11243878204913
8.5, -8.5, 0.6935243606567383, 1003561.7977015092, 7.051144361495972, 13.112438782316167
8.5, -9.0, 0.9384241104125977, 1003561.8112385111, 9.566286325454712, 13.112438782713602
8.5, -9.5, 1.0158429145812988, 1003561.7845513572, 10.483642816543579, 13.112438783135865
8.5, -10.0, 1.4897475242614746, 1003561.8069711609, 15.310233354568481, 13.112438782659808
8.5, -10.5, 1.5742607116699219, 1003561.8088013378, 16.32190704345703, 13.112438782938462
8.5, -11.0, 1.9159202575683594, 1003561.8052552848, 19.83994221687317, 13.112438782801114
8.5, -11.5, 2.6942389011383057, 1003561.7956111601, 28.166184425354004, 13.112438782928923
8.5, -12.0, 3.066016435623169, 1003561.8101427489, 32.08163237571716, 13.11243878293385
8.5, -12.5, 3.843597888946533, 1003561.8046989378, 32.608723402023315, 13.112438782961823
8.5, -13.0, 4.493109226226807, 1003561.801960436, 32.486292123794556, 13.112438782906322
8.5, -13.5, 5.788602113723755, 1003561.7981411905, 37.843647480010986, 13.112438782915659
8.5, -14.0, 5.664217233657837, 1003561.8081460441, 35.64489126205444, 13.112438782992152
8.5, -14.5, 6.1054041385650635, 1003561.7989920387, 37.34845948219299, 13.112438782908477
8.5, -15.0, 5.958520174026489, 1003561.8023392872, 36.18752074241638, 13.112438782896847
8.5, -15.5, 6.293896675109863, 1003561.8045573876, 36.64679002761841, 13.112438782914252
8.5, -16.0, 7.0248377323150635, 1003561.8071133698, 39.91010928153992, 13.112438782975726
8.5, -16.5, 8.840843439102173, 1003561.8016926293, 49.37478256225586, 13.112438782914923
8.5, -17.0, 8.597483158111572, 1003561.7991274225, 46.0015869140625, 13.112438782960545
8.5, -17.5, 9.66934585571289, 1003561.8058052519, 50.69070267677307, 13.112438782920398
8.5, -18.0, 10.140328645706177, 1003561.8017629524, 52.680551052093506, 13.112438782945166
9.0, -5.0, 0.36095428466796875, 1003560.4866178363, 3.1178529262542725, 13.112439030889162
9.0, -5.5, 0.3925933837890625, 1003561.3323132038, 3.603024959564209, 13.112438725505362
9.0, -6.0, 0.4117906093597412, 1003562.0026391005, 3.8883044719696045, 13.112438803088866
9.0, -6.5, 0.5730001926422119, 1003561.7244741698, 5.442394256591797, 13.112438869973824
9.0, -7.0, 0.5845992565155029, 1003561.7157559757, 5.713369846343994, 13.112438862970148
9.0, -7.5, 0.7060163021087646, 1003561.7658516959, 6.943309545516968, 13.11243886440922
9.0, -8.0, 0.9438321590423584, 1003561.7803757135, 9.310048341751099, 13.112438865027112
9.0, -8.5, 1.0218164920806885, 1003561.7320968583, 10.291076421737671, 13.11243886629132
9.0, -9.0, 1.4170825481414795, 1003561.7794061195, 14.18772029876709, 13.112438866247128
9.0, -9.5, 1.5644152164459229, 1003561.8063247472, 15.718457460403442, 13.11243886608818
9.0, -10.0, 2.0012340545654297, 1003561.7925459114, 20.614510536193848, 13.112438865859545
9.0, -10.5, 2.501004934310913, 1003561.7620953541, 25.342779636383057, 13.112438866138906
9.0, -11.0, 3.684878349304199, 1003561.8142520416, 36.91996192932129, 13.1124388659604
9.0, -11.5, 3.988311290740967, 1003561.7478349634, 40.37998938560486, 13.112438866086965
9.0, -12.0, 4.886768341064453, 1003561.7970084917, 50.42497754096985, 13.112438866091262
9.0, -12.5, 6.562296390533447, 1003561.7699595455, 54.48230528831482, 13.112438866061904
9.0, -13.0, 8.090031385421753, 1003561.7793833466, 56.3315327167511, 13.112438866130734
9.0, -13.5, 8.127480268478394, 1003561.7927853521, 51.4628484249115, 13.112438865992186
9.0, -14.0, 9.002726554870605, 1003561.7822650421, 55.02440309524536, 13.112438866095944
9.0, -14.5, 9.98996639251709, 1003561.7961621333, 60.54066753387451, 13.112438865879884
9.0, -15.0, 9.703195333480835, 1003561.7922960967, 56.88119983673096, 13.112438866321778
9.0, -15.5, 10.691927671432495, 1003561.8006423387, 59.837090253829956, 13.112438866376047
9.0, -16.0, 10.897517442703247, 1003561.7779467922, 60.68712115287781, 13.112438866186947
9.0, -16.5, 12.520028829574585, 1003561.7979258404, 67.31575202941895, 13.112438866143641
9.0, -17.0, 13.709545612335205, 1003561.7964693198, 71.95793056488037, 13.112438865916541
9.0, -17.5, 16.13501238822937, 1003561.7839715249, 82.30332112312317, 13.112438866128398
9.0, -18.0, 15.844256162643433, 1003561.788341012, 80.2936806678772, 13.112438866122634
9.5, -5.0, 0.5366156101226807, 1003562.3239941591, 4.577169895172119, 13.11243858598
9.5, -5.5, 0.591210126876831, 1003561.153046341, 5.180265665054321, 13.112438331985084
9.5, -6.0, 0.67691969871521, 1003561.7697142117, 6.21694540977478, 13.11243848969432
9.5, -6.5, 0.7808995246887207, 1003561.8595075816, 7.300109386444092, 13.112438588858602
9.5, -7.0, 0.903231143951416, 1003561.7724477081, 8.783231019973755, 13.112438596051446
9.5, -7.5, 1.1119599342346191, 1003561.7398683877, 10.81488847732544, 13.112438605031103
9.5, -8.0, 1.3707129955291748, 1003561.8088589156, 13.39201807975769, 13.112438608741284
9.5, -8.5, 1.6872572898864746, 1003561.6197786845, 16.63914442062378, 13.112438607177713
9.5, -9.0, 2.3385467529296875, 1003561.7065476596, 23.50333261489868, 13.112438608307796
9.5, -9.5, 2.5810182094573975, 1003561.6890374639, 25.612788438796997, 13.112438609854213
9.5, -10.0, 3.7928733825683594, 1003561.8580755031, 37.124839305877686, 13.11243860651711
9.5, -10.5, 4.254258632659912, 1003561.7430270194, 42.373321771621704, 13.112438607010478
9.5, -11.0, 4.886884689331055, 1003561.7901940901, 48.42961883544922, 13.112438607764812
9.5, -11.5, 6.274777412414551, 1003561.7414876379, 63.15247178077698, 13.112438608823101
9.5, -12.0, 8.31186819076538, 1003561.7907373396, 83.96791887283325, 13.11243860773816
9.5, -12.5, 9.472312211990356, 1003561.7362107285, 77.08428287506104, 13.112438606032612
9.5, -13.0, 11.95175313949585, 1003561.7940950687, 82.65919971466064, 13.112438606563618
9.5, -13.5, 13.413612842559814, 1003561.8025820963, 83.48528480529785, 13.112438607690779
9.5, -14.0, 14.343640327453613, 1003561.7774419675, 86.05291485786438, 13.112438607197431
9.5, -14.5, 15.268259048461914, 1003561.7370710542, 88.57585883140564, 13.112438606966457
9.5, -15.0, 18.90187406539917, 1003561.8171922306, 106.94617772102356, 13.112438607183023
9.5, -15.5, 18.02485680580139, 1003561.8506689165, 100.04799365997314, 13.11243860665657
9.5, -16.0, 17.533201932907104, 1003561.8419243541, 95.10705184936523, 13.112438607407036
9.5, -16.5, 22.781290531158447, 1003561.7882794632, 119.57043242454529, 13.112438607680772
9.5, -17.0, 22.133562326431274, 1003561.8195520309, 113.09548330307007, 13.112438608765721
9.5, -17.5, 25.816640853881836, 1003561.7711365307, 129.34287428855896, 13.112438607109071
9.5, -18.0, 25.825383186340332, 1003561.7878285343, 132.70052576065063, 13.112438607557955
10.0, -5.0, 0.9576709270477295, 1003561.116460195, 7.751893043518066, 13.112439491003402
10.0, -5.5, 1.0128545761108398, 1003560.7474930482, 8.650262355804443, 13.112438910278222
10.0, -6.0, 1.2029023170471191, 1003562.1710551657, 10.723341464996338, 13.112438889996156
10.0, -6.5, 1.2558364868164062, 1003561.7582962714, 11.440401554107666, 13.112438927552999
10.0, -7.0, 1.7758474349975586, 1003562.0943176924, 16.448041200637817, 13.112438903284252
10.0, -7.5, 1.8108773231506348, 1003562.1891706431, 17.031848669052124, 13.112438899709415
10.0, -8.0, 2.206815242767334, 1003562.0196935171, 21.567877292633057, 13.11243890291894
10.0, -8.5, 2.8679988384246826, 1003561.9825138821, 27.917455434799194, 13.112438904005085
10.0, -9.0, 3.3443992137908936, 1003562.1572336425, 32.50039291381836, 13.112438899373881
10.0, -9.5, 4.531165599822998, 1003561.6809848683, 44.30425691604614, 13.112438906846146
10.0, -10.0, 5.1270668506622314, 1003561.5969583293, 50.29771542549133, 13.112438895392495
10.0, -10.5, 6.243984222412109, 1003561.3349697354, 61.135000228881836, 13.112438897755036
10.0, -11.0, 8.299283266067505, 1003561.7468571336, 78.6023223400116, 13.112438904589736
10.0, -11.5, 9.913902521133423, 1003561.5984454106, 99.83869171142578, 13.112438904469807
10.0, -12.0, 14.70580768585205, 1003561.9442503172, 146.73735666275024, 13.112438901238358
10.0, -12.5, 15.016248226165771, 1003561.9228730671, 121.18789172172546, 13.112438901231025
10.0, -13.0, 18.678812742233276, 1003561.7707311654, 125.57771587371826, 13.112438903183236
10.0, -13.5, 21.822794198989868, 1003561.7860675894, 133.4117407798767, 13.112438898301644
10.0, -14.0, 24.396784782409668, 1003561.9402297622, 141.37394070625305, 13.112438899657105
10.0, -14.5, 25.524686098098755, 1003561.9192593991, 145.4824447631836, 13.112438904414626
10.0, -15.0, 27.554106950759888, 1003561.8947627835, 155.73926854133606, 13.11243890286654
10.0, -15.5, 29.997874975204468, 1003561.8866235772, 164.82286620140076, 13.112438900946824
10.0, -16.0, 31.13845157623291, 1003561.8500466328, 163.98460173606873, 13.112438902430107
10.0, -16.5, 32.226686239242554, 1003561.8287372842, 166.5075762271881, 13.112438902927968
10.0, -17.0, 34.961034059524536, 1003561.7363564576, 177.95059871673584, 13.112438901449211
10.0, -17.5, 41.1443305015564, 1003561.8024165089, 203.61468601226807, 13.11243890265467
10.0, -18.0, 42.79313087463379, 1003561.6938869657, 211.60197281837463, 13.112438901109618
10.5, -5.0, 1.688636302947998, 1003558.1723172455, 13.40236520767212, 13.112437139298459
10.5, -5.5, 1.7178826332092285, 1003557.9810487819, 14.187862873077393, 13.112438156431226
10.5, -6.0, 1.865743637084961, 1003565.1090003788, 16.230574369430542, 13.112438645851258
10.5, -6.5, 2.1196444034576416, 1003561.224765679, 18.777668476104736, 13.112438754311603
10.5, -7.0, 2.463571786880493, 1003561.9585468258, 23.407012939453125, 13.112438762499734
10.5, -7.5, 2.851295232772827, 1003560.5126918155, 27.022496700286865, 13.112438813364625
10.5, -8.0, 3.6391377449035645, 1003562.6226705638, 34.830023765563965, 13.112438757651804
10.5, -8.5, 4.366988658905029, 1003560.9258055225, 42.116131067276, 13.112438758333736
10.5, -9.0, 5.528920650482178, 1003561.8033804607, 53.826831340789795, 13.112438780538723
10.5, -9.5, 6.674023151397705, 1003561.519929742, 64.74924683570862, 13.112438765509399
10.5, -10.0, 8.057819366455078, 1003562.3565398059, 78.94452023506165, 13.112438743954733
10.5, -10.5, 10.022902965545654, 1003561.1900773636, 99.52741551399231, 13.11243876909575
10.5, -11.0, 14.033564805984497, 1003561.4424306117, 137.71480751037598, 13.112438748361647
10.5, -11.5, 16.307790279388428, 1003561.7063506556, 156.21288585662842, 13.112438764375058
10.5, -12.0, 24.666341066360474, 1003561.9748190859, 238.77523946762085, 13.112438758821092
10.5, -12.5, 27.424171447753906, 1003561.4042338532, 220.10988664627075, 13.112438761853566
10.5, -13.0, 30.133550882339478, 1003561.3598591109, 203.4954993724823, 13.112438774714173
10.5, -13.5, 33.98228669166565, 1003561.9367155972, 206.31829047203064, 13.112438765287662
10.5, -14.0, 38.241117000579834, 1003561.3876644291, 222.88004970550537, 13.112438762258389
10.5, -14.5, 44.60919761657715, 1003562.0919316281, 253.92537117004395, 13.11243875347572
10.5, -15.0, 41.66784119606018, 1003561.189832979, 232.66924786567688, 13.112438764586033
10.5, -15.5, 43.11112713813782, 1003561.8261377733, 235.46570587158203, 13.112438759228297
10.5, -16.0, 48.340476274490356, 1003562.2603009834, 255.02065420150757, 13.112438763227026
10.5, -16.5, 52.63954973220825, 1003561.7619206338, 269.0947322845459, 13.112438755200127
10.5, -17.0, 62.74010515213013, 1003562.3242134207, 312.9963004589081, 13.11243875949101
10.5, -17.5, 64.85075569152832, 1003561.9276597993, 324.5549397468567, 13.112438765134764
10.5, -18.0, 66.32368445396423, 1003561.9460040638, 326.9954082965851, 13.11243876856291
11.0, -5.0, 3.2934255599975586, 1003561.6809811129, 25.807047605514526, 13.112436901167714
11.0, -5.5, 2.900653600692749, 1003565.4385708745, 23.315277576446533, 13.112438371997039
11.0, -6.0, 3.1686172485351562, 1003562.9445681341, 26.77997398376465, 13.112438758277197
11.0, -6.5, 3.677481174468994, 1003564.1440803142, 32.18660235404968, 13.112438885721053
11.0, -7.0, 4.052959442138672, 1003569.4803531567, 36.25411343574524, 13.112438761409358
11.0, -7.5, 5.611958980560303, 1003561.3160090346, 51.83901309967041, 13.11243888183914
11.0, -8.0, 5.615010499954224, 1003555.0968534785, 53.402642250061035, 13.1124389072099
11.0, -8.5, 7.1803953647613525, 1003566.0289755133, 68.20024275779724, 13.112438809411719
11.0, -9.0, 8.448222398757935, 1003567.0999354615, 81.62213969230652, 13.112438837288144
11.0, -9.5, 12.183777332305908, 1003562.7721552451, 118.10043811798096, 13.112438879275317
11.0, -10.0, 13.406225204467773, 1003557.4833989508, 129.65928387641907, 13.112438879020504
11.0, -10.5, 17.485370635986328, 1003564.1672131241, 170.91965556144714, 13.112438964616132
11.0, -11.0, 21.465972900390625, 1003561.7713864668, 208.14594435691833, 13.11243886419894
11.0, -11.5, 29.138123512268066, 1003558.9730285434, 283.93587255477905, 13.112438882597923
11.0, -12.0, 33.51357579231262, 1003558.1541948775, 328.03323674201965, 13.112438854447694
11.0, -12.5, 42.682133436203, 1003562.728495885, 334.24183416366577, 13.112438897770927
11.0, -13.0, 48.472479581832886, 1003561.221300494, 317.9995086193085, 13.112438858109778
11.0, -13.5, 57.28678321838379, 1003559.7889541104, 350.3070366382599, 13.11243887100678
11.0, -14.0, 61.258854389190674, 1003563.20670309, 352.9257130622864, 13.112438882475992
11.0, -14.5, 70.49815058708191, 1003562.0575827475, 398.04471468925476, 13.112438879884904
11.0, -15.0, 74.28483724594116, 1003562.3542946504, 416.0945415496826, 13.112438845174829
11.0, -15.5, 73.71929597854614, 1003561.2485720735, 398.56826877593994, 13.112438836326906
11.0, -16.0, 76.00031208992004, 1003561.3840011426, 396.83496737480164, 13.112438858312796
11.0, -16.5, 82.33283829689026, 1003562.3935078753, 421.39882612228394, 13.11243889539893
11.0, -17.0, 102.69287586212158, 1003561.572215263, 511.66658639907837, 13.112438834771925
11.0, -17.5, 98.7313711643219, 1003562.329090617, 488.4261381626129, 13.112438874001134
11.0, -18.0, 104.64861154556274, 1003561.5958989477, 515.5386724472046, 13.11243886561956
11.5, -5.0, 6.464332818984985, 1003538.0348423386, 49.6368567943573, 13.112439962967773
11.5, -5.5, 5.464298963546753, 1003602.1641932168, 43.379077196121216, 13.112439000729724
11.5, -6.0, 5.8596718311309814, 1003551.1527897062, 47.47595453262329, 13.112438220089036
11.5, -6.5, 6.2876317501068115, 1003536.4848832287, 53.90366005897522, 13.112439494976005
11.5, -7.0, 7.439456939697266, 1003536.6609523441, 66.11264610290527, 13.112439413003694
11.5, -7.5, 8.703435182571411, 1003526.9682130158, 80.7948591709137, 13.112438717810805
11.5, -8.0, 10.71620798110962, 1003566.8503300642, 100.12356972694397, 13.112438896634632
11.5, -8.5, 13.110615253448486, 1003563.8177157865, 125.00393533706665, 13.11243897788507
11.5, -9.0, 17.016191482543945, 1003571.2010436807, 165.50846791267395, 13.112439152177009
11.5, -9.5, 18.296390056610107, 1003548.4049707328, 176.21238899230957, 13.112438995092523
11.5, -10.0, 27.20005488395691, 1003552.4474662414, 262.27125215530396, 13.112439169536488
11.5, -10.5, 30.883927583694458, 1003548.3786340733, 300.80423069000244, 13.112438880085667
11.5, -11.0, 34.937886476516724, 1003566.3146944606, 348.4815948009491, 13.112438968775045
11.5, -11.5, 44.904186964035034, 1003561.4069543271, 435.9102907180786, 13.112439003562685
11.5, -12.0, 56.693100452423096, 1003563.7537781704, 556.315479516983, 13.11243884463156
11.5, -12.5, 69.04316401481628, 1003557.5466366336, 548.5254521369934, 13.112438926384002
11.5, -13.0, 81.77316093444824, 1003561.0946449683, 552.152951002121, 13.112438855964657
11.5, -13.5, 109.04346704483032, 1003559.7495712977, 646.8849625587463, 13.112438914007802
11.5, -14.0, 127.62641882896423, 1003561.1403141053, 729.901148557663, 13.11243892192148
11.5, -14.5, 111.62763547897339, 1003562.344960329, 626.197103023529, 13.112438888202323
11.5, -15.0, 112.71701455116272, 1003558.9166491741, 628.0138461589813, 13.11243892924871
11.5, -15.5, 123.86759352684021, 1003560.3122252831, 677.9982352256775, 13.112438937312952
11.5, -16.0, 139.3596339225769, 1003560.6049562282, 724.9819955825806, 13.112438988137109
11.5, -16.5, 147.5499885082245, 1003558.6674758355, 755.6268539428711, 13.112438821334326
11.5, -17.0, 158.8974688053131, 1003559.1073037526, 802.3222403526306, 13.112438722544153
11.5, -17.5, 184.5842833518982, 1003560.6510459626, 947.5030293464661, 13.112438977569237
11.5, -18.0, 203.21024084091187, 1003560.2878139348, 992.939617395401, 13.112438930484334
12.0, -5.0, 9.962252855300903, 1003642.2965023264, 76.35035705566406, 13.112444582828722
12.0, -5.5, 10.011220693588257, 1003518.8372088827, 78.03936672210693, 13.112439672791306
12.0, -6.0, 10.98673415184021, 1003618.471329186, 86.61285042762756, 13.112437835251848
12.0, -6.5, 10.775957584381104, 1003479.285586877, 90.54405665397644, 13.112437769336951
12.0, -7.0, 12.279104709625244, 1003484.1830873408, 105.88076639175415, 13.112440243696787
12.0, -7.5, 13.523369550704956, 1003537.3685536747, 123.81155109405518, 13.112439032341197
12.0, -8.0, 18.789307117462158, 1003567.0757868695, 173.25382375717163, 13.11243863237541
12.0, -8.5, 21.81429123878479, 1003554.1747808963, 204.9197700023651, 13.112437800815911
12.0, -9.0, 27.20126724243164, 1003500.6339279937, 261.2502865791321, 13.112438111263529
12.0, -9.5, 30.8332736492157, 1003534.305236944, 300.1054148674011, 13.112438839792391
12.0, -10.0, 36.362189531326294, 1003531.7337303674, 353.7144613265991, 13.112439164503405
12.0, -10.5, 47.785746812820435, 1003558.5250371873, 462.95943999290466, 13.112438452630942
12.0, -11.0, 61.60651230812073, 1003560.4019821698, 592.3280055522919, 13.112438147845666
12.0, -11.5, 74.6684958934784, 1003565.3339191468, 726.4346785545349, 13.112438653663956
12.0, -12.0, 96.60753965377808, 1003558.7579388849, 937.6041307449341, 13.112438998720565
12.0, -12.5, 129.8227400779724, 1003550.8178034831, 1021.2007768154144, 13.112438700601182
12.0, -13.0, 136.7912724018097, 1003566.9425118607, 905.8595695495605, 13.112438390089627
12.0, -13.5, 163.63224387168884, 1003557.3686466976, 1000.9018323421478, 13.112438431153544
12.0, -14.0, 170.10156917572021, 1003567.9291504757, 967.3058640956879, 13.112438308155545
12.0, -14.5, 189.26763820648193, 1003564.2833229087, 1084.7266914844513, 13.112438612946956
12.0, -15.0, 190.59162998199463, 1003555.388459372, 1060.9156668186188, 13.112438897694581
12.0, -15.5, 198.24259996414185, 1003558.1909283765, 1061.9652383327484, 13.112438477291688
12.0, -16.0, 218.271320104599, 1003561.8764549427, 1148.2629551887512, 13.112438648472173
12.0, -16.5, 276.2558732032776, 1003556.2205334199, 1375.918937921524, 13.112438257018244
12.0, -17.0, 274.4285717010498, 1003555.8000285467, 1369.4431400299072, 13.112438852975325
12.0, -17.5, 276.87137961387634, 1003557.5321972184, 1369.781322479248, 13.11243876202556
12.0, -18.0, 289.6697964668274, 1003554.5981090165, 1413.7627692222595, 13.112438861678726
12.5, -5.0, 19.02633023262024, 1004083.4908666502, 152.24045491218567, 13.112442620726963
12.5, -5.5, 19.042693853378296, 1002688.9505571487, 147.18906950950623, 13.112439200595853
12.5, -6.0, 18.74169635772705, 1004230.9670104567, 144.72794699668884, 13.112438403066378
12.5, -6.5, 19.654648780822754, 1004184.714879687, 159.96534371376038, 13.112438737997891
12.5, -7.0, 22.81930923461914, 1004674.3127096143, 194.79504132270813, 13.112437045013971
12.5, -7.5, 22.68716263771057, 1004179.4377664293, 203.61798119544983, 13.112440314724946
12.5, -8.0, 29.724592685699463, 1004229.0748444932, 279.80428886413574, 13.112439926173348
12.5, -8.5, 32.01984763145447, 1004061.6496755417, 300.78588342666626, 13.112437556219877
12.5, -9.0, 45.37750291824341, 1004095.8385450547, 433.9500241279602, 13.112436857178432
12.5, -9.5, 54.41831016540527, 1004045.0775723587, 518.5951850414276, 13.112437376220683
12.5, -10.0, 65.74872732162476, 1004142.1570693457, 634.070360660553, 13.112438812346811
12.5, -10.5, 73.12065625190735, 1004066.4804961352, 712.479945898056, 13.112440192828608
12.5, -11.0, 96.74491167068481, 1004094.5826913217, 934.1031999588013, 13.112438071160428
12.5, -11.5, 132.97047638893127, 1004101.3949700489, 1291.6150698661804, 13.112437950886752
12.5, -12.0, 146.1968331336975, 1004097.7677998055, 1435.2295525074005, 13.112438471588447
12.5, -12.5, 180.9483609199524, 1004135.3193484327, 1426.3817477226257, 13.112438435753859
12.5, -13.0, 218.9930775165558, 1004083.0896187968, 1461.4647541046143, 13.112438612744471
12.5, -13.5, 266.1104528903961, 1004098.8059513649, 1577.1060271263123, 13.11243863791846
12.5, -14.0, 295.57813811302185, 1004064.9995921035, 1683.9964492321014, 13.112438945720903
12.5, -14.5, 330.5466709136963, 1004081.459165901, 1848.8033771514893, 13.11244001744884
12.5, -15.0, 296.42490792274475, 1004109.800586704, 1635.5992031097412, 13.11243896761394
12.5, -15.5, 327.8228166103363, 1004140.8672503959, 1751.1050987243652, 13.112439385778437
12.5, -16.0, 387.90427899360657, 1004082.3354338018, 2028.183191537857, 13.11243805869992
12.5, -16.5, 423.2956371307373, 1004152.6836709452, 2138.7562754154205, 13.112438155162442
12.5, -17.0, 461.18678736686707, 1004026.1459847883, 2285.3412759304047, 13.112438230774458
12.5, -17.5, 467.66436219215393, 1004051.5540010247, 2290.9296605587006, 13.112438479067329
12.5, -18.0, 478.7250511646271, 1004050.8115612804, 2343.293610572815, 13.112439286943495
13.0, -5.0, 33.58621835708618, 1002677.3851869925, 280.9678773880005, 13.112444075227351
13.0, -5.5, 32.53870248794556, 1003788.5082848724, 247.39204502105713, 13.112448234683026
13.0, -6.0, 33.92914080619812, 1003310.1577416029, 256.9824674129486, 13.112433796987705
13.0, -6.5, 32.994991064071655, 1003968.7629668816, 263.0510506629944, 13.112440396249713
13.0, -7.0, 34.088279724121094, 1003611.4893226451, 281.9213373661041, 13.112434920327656
13.0, -7.5, 39.877766370773315, 1003769.7281095182, 352.7879192829132, 13.112445218627387
13.0, -8.0, 49.80057764053345, 1003637.9704360053, 457.47148871421814, 13.112439515482505
13.0, -8.5, 59.321659088134766, 1003515.4509486026, 556.4931223392487, 13.1124400195161
13.0, -9.0, 63.610405921936035, 1003718.079921526, 606.0950937271118, 13.112436038153106
13.0, -9.5, 79.72668814659119, 1003505.9986720502, 761.6745054721832, 13.11243538065818
13.0, -10.0, 97.03603744506836, 1003581.1926672865, 938.4888379573822, 13.112441025148057
13.0, -10.5, 119.75185251235962, 1003576.0590385202, 1191.7733976840973, 13.112437318274967
13.0, -11.0, 164.30563807487488, 1003669.1443465617, 1578.857761144638, 13.112437277950027
13.0, -11.5, 205.03110456466675, 1003603.3718090832, 1977.704915523529, 13.112439046532092
13.0, -12.0, 252.86805534362793, 1003545.0068793664, 2502.6885571479797, 13.11243734095999
13.0, -12.5, 325.2274537086487, 1003546.8335506573, 2602.868840932846, 13.112438152484689
13.0, -13.0, 366.0725088119507, 1003634.8729832495, 2433.2363872528076, 13.112439514946857
13.0, -13.5, 412.5892667770386, 1003560.638073719, 2425.1221103668213, 13.11243776081625
13.0, -14.0, 513.1253905296326, 1003549.7825098364, 2939.521011352539, 13.112439245542472
13.0, -14.5, 469.3719017505646, 1003586.5504788209, 2648.669014453888, 13.112438354686375
13.0, -15.0, 484.82723450660706, 1003590.061510643, 2661.0477867126465, 13.112439135086097
13.0, -15.5, 513.0764093399048, 1003575.381121644, 2754.5584626197815, 13.112438279818623
13.0, -16.0, 558.1476941108704, 1003556.8524443293, 2881.8841149806976, 13.112437983047348
13.0, -16.5, 692.0453653335571, 1003557.5019528867, 3486.053823709488, 13.11244005203881
13.0, -17.0, 720.842960357666, 1003625.9754189892, 3648.6495594978333, 13.112438666185291
13.0, -17.5, 767.8569540977478, 1003559.0647322632, 3731.9677855968475, 13.112437423270237
13.0, -18.0, 798.8920755386353, 1003569.6694902502, 3875.2304830551147, 13.112438565429033
13.5, -5.0, 57.28801083564758, 1002166.2775925301, 474.18327140808105, 13.112454998381587
13.5, -5.5, 58.705140590667725, 1000490.1088053811, 473.23307943344116, 13.11243483392289
13.5, -6.0, 61.46212887763977, 1005800.0621856963, 470.5410556793213, 13.11244146263373
13.5, -6.5, 57.62810945510864, 997397.7129515077, 450.9034752845764, 13.11244150223995
13.5, -7.0, 66.11724710464478, 996927.7291206997, 542.495983839035, 13.112441548149471
13.5, -7.5, 77.1450629234314, 999059.4012076292, 661.0195751190186, 13.112438868907008
13.5, -8.0, 86.78925347328186, 999267.1503801979, 787.294549703598, 13.112436714125844
13.5, -8.5, 89.78054451942444, 999450.1581327957, 828.1078732013702, 13.112439621308365
13.5, -9.0, 102.86888575553894, 998416.5089280893, 964.3301861286163, 13.112440833270051
13.5, -9.5, 135.03516459465027, 998771.7189726906, 1294.4731352329254, 13.112439797016156
13.5, -10.0, 158.95746874809265, 998996.0832784163, 1517.910231590271, 13.112439619698138
13.5, -10.5, 220.46454429626465, 998069.7253835449, 2094.2051055431366, 13.112442092471595
13.5, -11.0, 266.2595143318176, 999070.7397938451, 2610.7647280693054, 13.112438921376631
13.5, -11.5, 372.20834136009216, 998386.9621029865, 3696.216323375702, 13.112436349415844
13.5, -12.0, 406.74942994117737, 998027.5325605917, 4119.525162696838, 13.112439460433768
13.5, -12.5, 546.4159896373749, 998498.9894754468, 4559.138913154602, 13.112438338065559
13.5, -13.0, 647.4590404033661, 999604.092942208, 4361.514065742493, 13.112441320593096
13.5, -13.5, 698.4952440261841, 999997.9382408293, 4222.418649196625, 13.112438488034684
13.5, -14.0, 736.7645120620728, 1000027.6045267981, 4252.789438247681, 13.112439103143567
13.5, -14.5, 756.2472612857819, 999950.2499952902, 4259.982895612717, 13.112437891673146
13.5, -15.0, 783.251394033432, 998767.3635711739, 4370.712140798569, 13.112438413423694
13.5, -15.5, 939.5901274681091, 998674.3337674837, 5004.749806880951, 13.112440525448541
13.5, -16.0, 912.6343398094177, 999311.7833332117, 4726.1780343055725, 13.112438830907807
13.5, -16.5, 1013.7592451572418, 999134.8976358208, 5137.0118708610535, 13.11243932365484
13.5, -17.0, 1111.173434495926, 998040.806082013, 5545.237636804581, 13.112440848363022
13.5, -17.5, 1222.8387305736542, 999365.3887352283, 5986.168443202972, 13.112438102857915
13.5, -18.0, 1395.890388727188, 997660.020488591, 6777.901382923126, 13.112439075067506
14.0, -5.0, 112.59920501708984, 1003148.2488664674, 931.2175693511963, 13.112451481751387
14.0, -5.5, 108.88647294044495, 1000631.7867629306, 891.5877952575684, 13.112470430514621
14.0, -6.0, 101.2681725025177, 1001602.1180623114, 778.5112466812134, 13.11245150454886
14.0, -6.5, 100.98807668685913, 1001541.35051321, 783.6841123104095, 13.112463962998541
14.0, -7.0, 114.30256772041321, 999393.9662670745, 921.7323579788208, 13.112444590137995
14.0, -7.5, 127.73020458221436, 1000133.4655974585, 1079.0382673740387, 13.112444395133087
14.0, -8.0, 118.18084692955017, 1001631.3421777578, 1039.155443906784, 13.112451803860809
14.0, -8.5, 155.8373463153839, 1001828.4018102237, 1469.3499081134796, 13.112422719455195
14.0, -9.0, 211.24000716209412, 1000141.9592567545, 2021.101881980896, 13.112436046639953
14.0, -9.5, 237.9812092781067, 1001285.4773298284, 2272.447858572006, 13.112442395744944
14.0, -10.0, 273.30398750305176, 1003552.8096876214, 2631.367444753647, 13.112425309569213
14.0, -10.5, 337.5323050022125, 1001877.9312065287, 3224.1820118427277, 13.112435723371533
14.0, -11.0, 412.32815408706665, 1002357.332695779, 4003.0969026088715, 13.112437901045407
14.0, -11.5, 500.03861594200134, 1003693.2864534332, 4876.196650505066, 13.112436205385174
14.0, -12.0, 607.2912740707397, 1000093.9453983838, 6609.43349313736, 13.112433092718444
14.0, -12.5, 763.4296412467957, 1001560.1840335903, 6687.503210544586, 13.112433426520145
14.0, -13.0, 1065.6420257091522, 1004108.8807559843, 7642.952771902084, 13.11243838676445
14.0, -13.5, 1072.509575843811, 1000070.0444836732, 6630.035222530365, 13.112440894440574
14.0, -14.0, 1413.6052548885345, 1003085.9102342359, 8029.326806783676, 13.112439442232866
14.0, -14.5, 1251.2811014652252, 1002463.627481667, 7207.187747716904, 13.112438229747037
14.0, -15.0, 1303.0673985481262, 1004242.5134322103, 7473.830205917358, 13.112435372649012
14.0, -15.5, 1322.6437940597534, 998978.4518813906, 7113.671492815018, 13.112440945010961
14.0, -16.0, 1561.0958006381989, 1001077.1595470468, 7954.723751306534, 13.112437973699324
14.0, -16.5, 1629.911945104599, 1004032.4013967902, 8243.406337976456, 13.112440155642965
14.0, -17.0, 1879.4475190639496, 1005453.9632145426, 9222.262923955917, 13.112438308105027
14.0, -17.5, 2160.293000459671, 1004201.0318101845, 10414.624460935593, 13.11244055931318
14.0, -18.0, 2286.175073862076, 1002024.2179500626, 11065.83823633194, 13.112438171980218